tree
version=v4
num_class=4
num_tree_per_iteration=4
label_index=0
max_feature_idx=6
objective=multiclass num_class:4
feature_names=frp brightness_mir bright_ratio distance_to_industrial_km is_night frp_z_score scan_track_area_km2
feature_infos=[-24.059799872268655:661.90547274716391] [295.63736028470112:481.75238415399519] [0.94414978487225243:1.4823970899378844] [0.00039436144514182203:499.41457387059245] [0:1] [-1.9529899936134327:32.345273637358197] [0.12000383946927082:1.1994876470066895]
tree_sizes=1855 1266 1676 895 2847 3199 2955 2680 3068 3194 2870 2911 3075 2993 2758 3012 3068 3106 2659 2903 3074 3114 2547 2803 3398 3317 2761 2811 3412 3329 3093 2810 3199 3334 3119 2925 3206 3225 3111 2707 3096 3446 3320 3221 3308 3443 3321 2704 3293 3422 3325 3021 3436 3454 3225 3227 3437 3456 3113 3322 3433 3459 3009 3327 3426 3459 2924 2938 3409 3460 3230 3043 3419 3456 3025 3476 3426 3470 2913 3446 3318 3468 2825 3358 3409 3468 2605 3469 3323 3474 2827 3459 3437 3468 2693 3458 3421 3464 2720 3465 3448 3477 2901 3469 3457 3472 3060 3463 3235 3476 3115 3462 2705 3481 3463 3459 2806 3477 3166 3471 2813 3485 3019 3469 2814 3473 3486 3448 3224 3474 3498 3471 3333 3471 3465 3471 3365 3492 3505 3482 2931 3489 3505 3475 2602 3479 3092 3466 3147 3500 3450 3491 2931 3500 3458 3475 2939 3504 3461 3489

Tree=0
num_leaves=18
num_cat=0
split_feature=0 3 2 6 3 1 2 6 1 0 5 2 2 0 3 5 6
split_gain=979.394 125.196 96.2561 78.661 74.1433 9.65752 12.7856 17.2249 5.92599 2.56517 1.94918 7.38462 0.240845 0.660475 0.202151 0.143282 0.122631
threshold=18.016187737038674 6.5004226825522613 1.0856713124226913 0.45620999431827686 15.585168557084573 331.59328056397993 1.1218613698564439 0.44846936668611254 340.97206503135709 25.408446736318414 0.41136351310922564 1.1208297994279526 1.1031543632699357 39.249053016537339 123.64760995970703 0.49501528198512845 0.34700586159202457
decision_type=2 2 2 2 2 2 2 2 2 2 2 2 2 2 2 2 2
left_child=1 -1 3 4 -2 6 7 -4 14 -8 11 -7 13 -12 -6 -14 -11
right_child=2 -3 5 -5 8 10 9 -9 -10 16 12 -13 15 -15 -16 -17 -18
leaf_value=-1.4662943611198906 -1.4662943611198904 -1.1462943611198906 -1.2481125429380724 -1.4662943611198906 -1.1676276944532242 -1.3382943611198905 -1.3951832500087795 -1.4662943611198906 -1.2481125429380724 -1.4523813176416296 -1.4286473022963611 -1.4662943611198906 -1.4539866688121983 -1.4662943611198906 -1.1462943611198906 -1.4660037162515891 -1.4662943611198906
leaf_weight=8.4999999999999982 7.7500000000000027 98.5 5.4999999999999982 18.5 3.7500000000000027 3.7500000000000027 4.5000000000000027 4 5.4999999999999991 5.7500000000000027 4.2499999999999991 12.499999999999998 6.4999999999999991 9.9999999999999982 11.749999999999998 275.25 13.749999999999998
leaf_count=34 31 394 22 74 15 15 18 16 22 23 17 50 26 40 47 1101 55
internal_value=-1.38629 -1.17171 -1.44472 -1.33762 -1.25482 -1.45935 -1.41853 -1.33998 -1.17677 -1.44963 -1.46373 -1.43676 -1.46521 -1.45507 -1.15146 -1.46573 -1.46219
internal_weight=500 107 393 47.25 28.75 345.75 33.5 9.5 21 24 312.25 16.25 296 14.25 15.5 281.75 19.5
internal_count=2000 428 1572 189 115 1383 134 38 84 96 1249 65 1184 57 62 1127 78
is_linear=0
shrinkage=1


Tree=1
num_leaves=12
num_cat=0
split_feature=6 3 0 2 6 6 1 1 2 1 6
split_gain=835.848 118.718 273.012 88.0116 33.5693 21.5257 6.94929 6.83571 6.32474 2.2875 0.256514
threshold=0.59625385522322172 15.585168557084573 19.341793380924816 1.0856713124226913 0.44580179297533645 0.26700935874270931 331.01584857760935 340.97206503135709 1.1449053127469262 382.26371704040969 0.43699389826257834
decision_type=2 2 2 2 2 2 2 2 2 2 2
left_child=1 -1 8 4 7 -5 -7 -4 10 -2 -3
right_child=9 2 3 5 -6 6 -8 -9 -10 -11 -12
leaf_value=-1.4662943611198906 -1.1462943611198906 -1.4662943611198906 -1.460256625270834 -1.3662943611198906 -1.1676276944532238 -1.2327808476063771 -1.1539134087389382 -1.3483996242777854 -1.359627694453224 -1.2102943611198906 -1.4449610277865572
leaf_weight=251.25 76.25 94.75 13.250000000000005 3.9999999999999991 3.7499999999999991 9.2499999999999982 31.5 4.7499999999999991 3.7499999999999991 3.7499999999999991 3.7499999999999991
leaf_count=1005 305 379 53 16 15 37 126 19 15 15 15
internal_value=-1.38629 -1.43144 -1.37954 -1.25336 -1.38537 -1.1892 -1.17182 -1.43074 -1.4616 -1.14929 -1.46548
internal_weight=500 420 168.75 66.5 21.75 44.75 40.75 18 102.25 80 98.5
internal_count=2000 1680 675 266 87 179 163 72 409 320 394
is_linear=0
shrinkage=1


Tree=2
num_leaves=17
num_cat=0
split_feature=0 3 2 3 0 0 1 3 2 2 3 6 0 2 1 0
split_gain=750.043 309.946 80.1496 57.2758 41.9077 39.3496 36.4931 23.7899 21.3639 8.48433 11.3038 3.07302 2.18988 2.99043 1.16138 0.169106
threshold=69.345801954542495 15.585168557084573 1.3051366241781703 2.4671378854976367 99.174299002909109 56.63486483070966 388.35444483491938 3.1333324971897314 1.2468886293371149 1.2142810118747489 2.8625009827826413 0.2405664755804407 54.781068669324092 1.1735669207409252 373.92183240764609 147.11567072434389
decision_type=2 2 2 2 2 2 2 2 2 2 2 2 2 2 2 2
left_child=2 3 5 4 8 12 9 -8 14 11 -11 -7 -1 -14 -2 -6
right_child=1 -3 -4 -5 15 6 7 -9 -10 10 -12 -13 13 -15 -16 -17
leaf_value=-1.4662943611198906 -1.4523813176416296 -1.4662943611198906 -1.1596276944532238 -1.1462943611198906 -1.1676276944532238 -1.3809610277865572 -1.3790216338471633 -1.1462943611198906 -1.2335670883926177 -1.4462943611198906 -1.2529610277865573 -1.4591832500087794 -1.4662943611198906 -1.3820838348041011 -1.3989259400672589 -1.1462943611198906
leaf_weight=290.75 5.7500000000000053 29.5 5.9999999999999991 91.25 3.7499999999999982 3.7500000000000027 5.4999999999999982 5.75 5.4999999999999991 3.9999999999999991 3.75 22.5 6.2499999999999982 4.75 4.75 6.5
leaf_count=1163 23 118 24 365 15 15 22 23 22 16 15 90 25 19 19 26
internal_value=-1.38629 -1.23446 -1.44952 -1.17625 -1.28039 -1.45454 -1.38497 -1.26007 -1.36129 -1.42629 -1.35275 -1.44801 -1.46497 -1.42993 -1.4282 -1.1541
internal_weight=500 147 353 117.5 26.25 347 45.25 11.25 16 34 7.75 26.25 301.75 11 10.5 10.25
internal_count=2000 588 1412 470 105 1388 181 45 64 136 31 105 1207 44 42 41
is_linear=0
shrinkage=1


Tree=3
num_leaves=8
num_cat=0
split_feature=3 5 2 0 6 0 5
split_gain=1236.11 151.784 17.3879 7.50733 5.98207 1.67053 0.430487
threshold=2.5332133851342156 3.5153130186709602 1.280815452576809 108.81191116301299 0.49231634421405485 75.088779009115299 2.5744271535336991
decision_type=2 2 2 2 2 2 2
left_child=1 2 4 -3 5 6 -1
right_child=-2 3 -4 -5 -6 -7 -8
leaf_value=-1.1470490781010227 -1.4662943611198906 -1.3499307247562542 -1.2929610277865573 -1.4662943611198906 -1.2529610277865573 -1.1968206769093643 -1.1662943611198906
leaf_weight=106 356 5.4999999999999991 5.9999999999999991 9.9999999999999982 3.7499999999999991 4.7499999999999991 7.9999999999999991
leaf_count=424 1424 22 24 40 15 19 32
internal_value=-1.38629 -1.18852 -1.15999 -1.425 -1.15348 -1.15034 -1.1484
internal_weight=500 144 128.5 15.5 122.5 118.75 114
internal_count=2000 576 514 62 490 475 456
is_linear=0
shrinkage=1


Tree=4
num_leaves=26
num_cat=0
split_feature=0 3 2 6 3 0 2 1 6 1 0 5 0 0 2 0 1 2 2 6 6 3 0 3 0
split_gain=752.534 88.0176 75.5623 56.3514 51.1946 10.4601 7.06525 11.3782 13.8538 3.94528 3.0396 0.67765 1.7496 0.358886 0.210019 0.169422 0.145352 0.127837 0.00538534 0.000427772 3.1708e-05 8.63582e-06 6.66818e-06 5.13091e-07 5.00123e-08
threshold=18.865205549377901 6.5004226825522613 1.0856713124226913 0.45620999431827686 15.585168557084573 18.016187737038674 1.1201643751438064 333.41911296384279 0.44846936668611254 340.97206503135709 23.789560013147426 0.51403541100734984 24.2103605511222 39.249053016537339 1.1435488378433869 32.76881520631445 319.55487930598815 1.1280059144029526 1.1320347528545687 0.43637415851164313 0.59625385522322172 1.1328931112834144 10.19821561112783 130.21489760203173 57.203269586569213
decision_type=2 2 2 2 2 2 2 2 2 2 2 2 2 2 2 2 2 2 2 2 2 2 2 2 2
left_child=1 22 3 4 21 18 7 8 -4 15 -9 12 14 -12 -8 -6 -13 -18 19 -3 -5 -2 -1 -22 -25
right_child=2 5 6 20 9 -7 11 10 -10 -11 13 16 -14 -15 -16 -17 17 -19 -20 -21 23 -23 -24 24 -26
leaf_value=-0.077914544412145917 -0.0778861267693403 0.19070683114658957 0.1165629159020313 -0.07801238868025949 0.19161371794508242 0.077754996892807238 -0.056152628846121301 0.0037792513685341385 -0.077986906868837788 0.10799733445239841 -0.057746200380742851 -0.06505297008814602 -0.01114725370781019 -0.077781105950642707 -0.078181107558454754 0.17311581888125768 -0.067224970402117556 -0.077801655784227805 0.19363295463147359 0.19152073574146219 -0.077797690883559839 -0.077711921819554913 -0.077772043126359297 -0.077766573275620227 -0.077754096022845762
leaf_weight=3.540391802787779 3.5374196022748974 104.65431535243988 5.6110623478889448 4.9704262912273434 12.044357657432561 5.4877662956714621 3.5898567736148861 3.7943796068429938 4.0214408934116364 5.4223046302795401 7.8432101309299496 6.1598194986581793 3.5752942860126486 21.159723907709122 12.12755963206291 4.300264745950698 7.5361973047256461 247.69929891824722 4.2768365442752829 4.3027251362800589 3.5285874009132376 3.7538910508155823 5.1713391542434692 4.9354537278413755 3.5239767283201218
leaf_count=15 15 364 21 21 42 21 15 15 17 20 33 26 15 90 51 15 32 1053 15 15 15 16 22 21 15
internal_value=-5.18964e-06 0.16761 -0.0578698 0.0380422 0.105673 0.185621 -0.071529 -0.0411027 0.035341 0.16713 -0.0635541 -0.0761284 -0.0616596 -0.0723631 -0.0731498 0.186747 -0.0771963 -0.0774894 0.190848 0.190739 -0.0778425 -0.0777964 -0.07783 -0.0777721 -0.0777614
internal_weight=496.568 127.433 369.135 46.0167 29.0582 118.722 323.118 42.4298 9.6325 21.7669 32.7973 280.688 19.2927 29.0029 15.7174 16.3446 261.395 255.235 113.234 108.957 16.9584 7.29131 8.71173 11.988 8.45943
internal_count=2000 452 1548 180 108 415 1368 176 38 77 138 1192 81 123 66 57 1111 1085 394 379 72 31 37 51 36
is_linear=0
shrinkage=0.08


Tree=5
num_leaves=29
num_cat=0
split_feature=6 3 0 2 6 6 1 0 1 6 1 0 2 2 2 3 0 1 6 0 0 0 0 0 5 6 1 2
split_gain=628.329 108.336 220.903 59.673 25.2946 14.5979 6.16771 6.06391 4.09259 1.57892 0.0325746 0.00225953 0.000982465 0.000865906 0.000804936 6.69342e-05 0.000415841 0.000170901 7.50549e-05 0.000107923 6.73404e-05 0.00012141 8.01948e-05 6.58299e-05 6.1959e-05 5.90141e-05 2.94522e-07 3.24874e-10
threshold=0.59625385522322172 15.585168557084573 19.341793380924816 1.0856713124226913 0.44580179297533645 0.26700935874270931 340.97206503135709 18.016187737038674 327.84139274751067 0.61150667615532395 379.39428200545336 24.2103605511222 1.2233147230744053 1.1392666115724028 1.1320347528545687 2.8625009827826413 69.345801954542495 381.0517101309552 0.49231634421405485 87.680024790486399 83.789483507949825 54.781068669324092 99.174299002909109 26.337759310822609 2.2380833085660008 0.43637415851164313 344.90783457041965 1.1347126309585029
decision_type=2 2 2 2 2 2 2 2 2 2 2 2 2 2 2 2 2 2 2 2 2 2 2 2 2 2 2 2
left_child=1 15 7 4 6 -5 -4 14 -7 -2 11 13 23 -11 25 18 17 -17 20 -20 21 -1 -22 -13 -19 -3 -18 -28
right_child=9 2 3 5 -6 8 -8 -9 -10 10 -12 12 -14 -15 -16 16 26 24 19 -21 22 -23 -24 -25 -26 -27 27 -29
leaf_value=-0.07777380178237929 0.14296829687523788 -0.077766573275620199 -0.071521647322057444 0.015703196423172083 0.17551091550154826 0.12263982216822941 0.034797594643879416 0.009427186265014733 0.18408857589742619 0.19299463509782025 0.19826464344380954 0.19106108128466051 0.19206338284949639 0.19156754084205244 -0.078993162929285557 -0.0785136014488996 -0.077741430823707866 -0.078261955114124412 -0.078298884714506981 -0.077719445198727796 -0.078161160992903864 -0.077597949837639832 -0.077762619331980518 0.19078974879190291 -0.077848384653794386 -0.078099100004927327 -0.077765810887170814 -0.077765048463046313
leaf_weight=79.68329381942749 4.5301814675331107 83.902713373303413 12.512403637170797 4.1232534348964682 4.2693243920803061 8.4982513189315778 4.8439234793186179 5.3994202315807334 37.750307947397232 4.2845744192600232 4.220596730709075 6.3188952803611746 4.2958252727985373 7.456999659538269 3.6468956172466269 6.7215330004692104 3.5226044654846183 3.5747329443693143 3.8195060193538648 4.4586814939975739 4.9911951124668112 36.699755355715752 9.1642930507659894 60.650696992874146 6.5965626537799835 3.5606784522533408 3.7602577209472647 73.323310017585754
leaf_count=339 16 357 53 16 15 31 19 22 132 15 15 22 15 26 15 28 15 15 16 19 21 157 39 211 28 15 16 312
internal_value=5.86018e-07 -0.0428422 0.00616736 0.112217 0.0010618 0.159938 -0.0418493 -0.072947 0.172797 0.189017 0.191409 0.19106 0.190891 0.192088 -0.0778287 -0.0777889 -0.0778397 -0.0782006 -0.0777532 -0.0779868 -0.0777384 -0.0777183 -0.0779031 0.190815 -0.0779937 -0.0777801 -0.0777641 -0.0777651
internal_weight=496.581 404.823 168.507 71.9975 21.6257 50.3718 17.3563 96.5097 46.2486 91.7578 87.2276 83.007 71.2654 11.7416 91.1103 236.316 97.499 16.8928 138.817 8.27819 130.539 116.383 14.1555 66.9696 10.1713 87.4634 80.6062 77.0836
internal_count=2000 1680 675 266 87 179 72 409 163 320 304 289 248 41 387 1005 414 71 591 35 556 496 60 233 43 372 343 328
is_linear=0
shrinkage=0.08


Tree=6
num_leaves=27
num_cat=0
split_feature=0 3 3 5 2 2 1 0 1 2 5 6 3 2 5 1 0 6 2 0 2 0 6 2 3 3
split_gain=605.197 237.443 101.08 54.6206 26.8304 13.2837 7.7422 13.958 5.01913 2.71549 1.50907 1.07782 0.733854 0.157953 0.0863075 0.115083 0.0684515 0.00167053 0.000521267 0.000332646 3.7695e-05 9.31145e-06 5.91374e-06 7.8351e-06 1.61908e-06 2.64069e-07
threshold=61.110568094063893 15.585168557084573 2.4831794721981351 3.5153130186709602 1.2864633874720737 1.2565415961946715 399.36789473572895 54.781068669324092 384.76991534515616 1.2105893437480453 2.0627810017295025 0.50475883420804502 2.420532440421816 1.1198308422349739 2.7108550675585548 387.24076764204796 142.9599831940811 0.574978740179655 1.2040887752001397 54.781068669324092 1.1208297994279526 69.345801954542495 0.63061759267207729 1.0999616895296449 137.37961924217157 1.8947335288747718
decision_type=2 2 2 2 2 2 2 2 2 2 2 2 2 2 2 2 2 2 2 2 2 2 2 2 2 2
left_child=4 2 3 5 6 9 10 25 -5 -2 19 12 -12 -4 15 -15 -10 -16 21 20 -1 -3 23 -23 -24 -8
right_child=1 18 13 8 -6 -7 7 -9 16 -11 11 -13 -14 14 17 -17 -18 -19 -20 -21 -22 22 24 -25 -26 -27
leaf_value=-0.077763298135493028 -0.073219685305245377 -0.077928732827787256 0.17583549104659965 0.1053148771541515 0.09184528188668796 0.087977048318519241 -0.077766395508701666 0.1060372852920636 0.20448900786487301 -0.0079418316327318304 -0.078371694892680407 -0.013862174259345786 -0.034396316347716199 0.20835140381795339 0.19074904137761917 0.19130241926496286 0.19099933125545515 0.19236180299766276 -0.078847382946043071 -0.078361508092255797 -0.077824051058354368 -0.077951188992925802 -0.077827721106891568 -0.077809288882266861 -0.077765652051753578 -0.077797353005144149
leaf_weight=146.62659133970737 14.915120571851736 5.4307267516851452 4.2610921859741202 6.305669471621516 6.3858992308378211 5.1816715449094763 3.52530290186405 4.2286450564861298 4.1438098847866041 5.6134375333786002 7.4123368710279447 3.66059985756874 3.6122497469186783 4.3718246221542341 97.167323708534241 6.027530312538147 5.7454444169998169 4.2920550405979148 3.6204864531755439 6.691813960671424 117.93506236374378 3.7811833769083041 3.5317402631044379 7.2947987914085388 11.28071817755699 3.5285489112138748
leaf_count=624 62 23 15 23 24 20 15 16 15 23 31 15 15 16 338 21 20 15 15 28 501 16 15 31 48 15
internal_value=7.84539e-06 0.110789 0.152517 0.0460093 -0.0704015 -0.0264795 -0.0738874 -0.00888702 0.161089 -0.0553698 -0.0764522 -0.0514743 -0.063963 0.190953 0.191529 0.19847 0.196652 0.190817 -0.0779386 -0.0778045 -0.0777904 -0.0778335 -0.0778135 -0.0778577 -0.0777805 -0.0777819
internal_weight=496.572 192.965 158.025 41.9052 303.607 25.7102 297.221 11.2825 16.1949 20.5286 285.939 14.6852 11.0246 116.12 111.859 10.3994 9.88925 101.459 34.9397 271.253 264.562 31.3192 25.8884 11.076 14.8125 7.05385
internal_count=2000 716 568 163 1284 105 1260 46 58 85 1214 61 46 405 390 37 35 353 148 1153 1125 133 110 47 63 30
is_linear=0
shrinkage=0.08


Tree=7
num_leaves=24
num_cat=0
split_feature=3 0 1 0 2 5 2 1 6 0 0 0 3 2 2 1 0 2 2 2 6 0 0
split_gain=973.824 101.405 10.5803 5.86316 4.59712 1.69655 3.68192 0.0410325 8.2573e-05 0.000129321 0.000437309 0.000180566 0.00029247 5.97377e-05 5.09564e-05 5.74691e-05 2.6439e-05 9.6008e-06 9.37821e-06 5.16399e-06 5.02893e-06 3.97751e-06 1.42109e-14
threshold=2.5332133851342156 86.653630333035295 414.2630409292305 108.81191116301299 1.280815452576809 2.5744271535336991 1.2105893437480453 390.2869832025545 0.59625385522322172 18.016187737038674 19.068415520106392 67.705560883933444 23.98154850955984 1.1320347528545687 1.2389021791919943 379.39428200545336 24.2103605511222 1.1338134593406353 1.0991261191854929 1.2061921485760652 0.43637415851164313 184.72522119556257 3.1537979765785837
decision_type=2 2 2 2 2 2 2 2 2 2 2 2 2 2 2 2 2 2 2 2 2 2 2
left_child=1 2 4 -3 5 7 -7 -1 9 13 -11 12 -12 20 15 16 17 -10 -13 -18 22 -5 -2
right_child=8 3 -4 21 -6 6 -8 -9 14 10 11 18 -14 -15 -16 -17 19 -19 -20 -21 -22 -23 -24
leaf_value=0.19158000187088373 -0.077766573275620199 0.028631304499732484 0.059404074465303706 -0.077871231910072045 0.11212664718830738 0.18992134926196422 0.10644747977984664 0.18723673729966656 -0.077500934908297889 -0.078619131956318686 -0.078251385013394098 -0.077875366871950846 -0.07785456159276051 -0.077425206151998188 -0.077431935161939316 -0.078058650317545081 -0.077755325505792408 -0.077666132966271992 -0.077769208275726892 -0.077655250225753952 -0.077668934328846348 -0.077765111999752654 -0.077766573275620199
leaf_weight=105.82568669319153 15.981469213962553 5.1104603409767142 4.4248966276645652 3.7722997814416868 5.331199198961257 10.430040478706358 5.0045045018196097 16.029865860939026 3.4957807511091215 4.8157782703638068 15.48794502019882 5.6589241921901694 51.124274536967278 3.4876023083925238 3.4865696877241126 3.5559283047914496 54.506135210394859 6.325762078166008 90.489215865731239 3.512652099132537 3.5147600322961798 5.6402656137943268 69.566395401954651
leaf_count=369 68 20 16 16 20 37 18 56 15 20 65 24 217 15 15 15 232 27 385 15 15 24 296
internal_value=-3.23938e-06 0.161316 0.181233 -0.0403532 0.185013 0.187844 0.162856 0.191009 -0.0778046 -0.0778259 -0.0778678 -0.0778456 -0.0779468 -0.07775 -0.0777306 -0.0777452 -0.0777287 -0.0776073 -0.0777755 -0.0777493 -0.0777627 -0.0778076 -0.0777666
internal_weight=496.578 161.569 147.046 14.523 142.621 137.29 15.4345 121.856 335.009 260.126 167.576 162.76 66.6122 92.5502 74.8828 71.3963 67.8403 9.82154 96.1481 58.0188 89.0626 9.41257 85.5479
internal_count=2000 576 516 60 500 480 55 425 1424 1105 711 691 282 394 319 304 289 42 409 247 379 40 364
is_linear=0
shrinkage=0.08


Tree=8
num_leaves=28
num_cat=0
split_feature=0 2 3 6 3 2 1 2 6 0 0 2 1 3 6 6 0 2 6 0 6 0 6 2 0 6 3
split_gain=601.737 67.9062 64.2972 49.2982 45.4428 7.33114 6.55258 8.96563 8.13196 5.0937 1.57897 0.709445 1.75257 0.473532 0.39432 0.128014 0.100523 0.0816765 0.222521 0.000759771 0.000171864 0.000129783 0.00012402 5.99529e-05 2.5383e-05 6.98982e-06 3.59775e-06
threshold=18.865205549377901 1.091281378367368 6.5004226825522613 0.44846936668611254 15.585168557084573 1.1458622578706501 331.59328056397993 1.1218613698564439 0.39785052914374058 37.452537044720977 25.408446736318414 1.1105452455781955 352.87330825217344 374.63562815292897 0.43699389826257834 0.34700586159202457 16.858645766898263 1.1435488378433869 0.22668959425087729 32.553210395260997 0.25589935902013994 56.426088349838089 0.54407547518684252 1.1251308774407247 27.645393227535425 0.69222647674812499 1.5586745042494792
decision_type=2 2 2 2 2 2 2 2 2 2 2 2 2 2 2 2 2 2 2 2 2 2 2 2 2 2 2
left_child=2 3 26 4 20 14 7 8 -3 13 -9 12 -8 -6 16 -12 23 18 -13 -14 -2 -19 -5 -4 -24 -26 -1
right_child=1 6 5 22 9 -7 11 10 -10 -11 15 17 19 -15 -16 -17 -18 21 -20 -21 -22 -23 24 -25 25 -27 -28
leaf_value=-0.075782801692189178 -0.076526331197431324 0.10889821515355035 0.15993042728390511 -0.076368278115704277 0.16381103967689517 0.055290559817216478 -0.02319083371409271 -0.014550507247047331 -0.054365528817830112 0.061308715672901179 -0.061060975648565857 -0.052071773897206325 -0.077263152509616934 0.13462138861468448 0.13716719126258411 -0.076070544436334278 0.17136939944883847 -0.075938708634188376 -0.073734111319184295 -0.075885540755248573 -0.07578140942104003 -0.075809791302836063 -0.076059750661721159 0.1601983371764229 -0.075900357321577877 -0.07576378522305556 -0.075891042545292206
leaf_weight=4.8367707431316358 3.3593264669179899 4.5095193684101131 108.76890978217125 4.0352779179811504 16.163566619157798 4.4734643846750251 5.928063407540324 3.7794984728097942 3.4434623569250107 4.2568733990192404 5.1786911785602596 3.330602601170539 3.6904365569353095 4.5604561269283286 4.8502009660005561 12.213118448853491 5.1498566567897788 79.558812290430069 34.180159464478493 8.3806542605161649 4.8352425545454025 134.41547919809818 3.32916136085987 5.6221137046813956 3.53270475566387 7.4696563929319382 3.3103883415460587
leaf_count=22 15 16 348 18 53 16 26 16 15 15 23 15 16 15 16 55 17 360 154 38 22 611 15 18 16 34 15
internal_value=-6.18612e-06 -0.0556232 0.14213 0.029175 0.0873896 0.15591 -0.0702601 -0.0342118 0.0382087 0.141015 -0.0614165 -0.074156 -0.0588129 0.157388 0.159529 -0.0716012 0.160436 -0.0752541 -0.0718107 -0.0763067 -0.0760868 -0.0758577 -0.0759765 0.159944 -0.0758662 -0.0758076 -0.0758268
internal_weight=487.162 350.151 137.012 51.5423 33.1755 128.865 298.608 29.1243 7.95298 24.9809 21.1713 269.484 17.9992 20.724 124.391 17.3918 119.541 251.485 37.5108 12.0711 8.19457 213.974 18.3668 114.391 14.3315 11.0024 8.14716
internal_count=2000 1548 452 203 120 415 1345 125 31 83 94 1220 80 68 399 78 383 1140 169 54 37 971 83 366 65 50 37
is_linear=0
shrinkage=0.08


Tree=9
num_leaves=29
num_cat=0
split_feature=6 3 0 6 2 6 2 1 3 6 1 6 0 1 5 2 2 3 0 0 1 3 6 5 1 5 0 2
split_gain=494.212 98.5623 182.193 46.1412 27.3053 8.88429 5.91766 4.7074 1.30049 0.26326 0.0159016 0.0113733 0.00539034 0.00328189 0.00327492 0.00193566 0.00119547 0.000162163 0.00138207 0.000155624 0.000189485 0.000107564 0.000105924 0.000133086 0.00019752 0.000143044 0.000105463 2.81224e-06
threshold=0.59625385522322172 15.585168557084573 19.341793380924816 0.25348535746080797 1.0780943684671136 0.43366189911064862 1.1449053127469262 331.01584857760935 40.426448521239223 0.43699389826257834 379.39428200545336 0.63061759267207729 25.408446736318414 328.56627559048701 0.14356836367172285 1.1218613698564439 1.2233147230744053 2.8625009827826413 61.110568094063893 68.246074016076761 388.35444483491938 9.2000311143638438 0.49231634421405485 3.8693294420616033 385.496253484043 1.7748974430173081 87.680024790486399 1.1327162836858997
decision_type=2 2 2 2 2 2 2 2 2 2 2 2 2 2 2 2 2 2 2 2 2 2 2 2 2 2 2 2
left_child=1 17 6 13 5 -5 9 -6 -2 14 11 -10 15 -4 -3 -13 -14 22 21 20 -20 -19 23 25 -25 -1 -24 -21
right_child=8 2 3 4 7 -7 -8 -9 10 -11 -12 12 16 -15 -16 -17 -18 18 19 27 -22 -23 26 24 -26 -27 -28 -29
leaf_value=-0.075803868232109925 0.11866966699727889 -0.075783571554127807 -0.076959295571316158 -0.031548721399978545 0.10007842041700031 0.10809459593467573 0.028327239248735998 0.1571174846822305 0.16424212681720701 -0.053165182411613388 0.16555032882142148 0.16323122394848474 0.16011935521453277 -0.080129531765945117 -0.078260570022469916 0.1612729955582119 0.16144476269152727 -0.077291774586617651 -0.076611671114768173 -0.075859336566212812 -0.075816161341819857 -0.07667738639354757 -0.076378824888429828 -0.076447467955920126 -0.075733966101239239 -0.075618611206687086 -0.075787669667275431 -0.075783911419251573
leaf_weight=67.976090788841248 4.8909095525741568 80.02883318066597 4.7749803960323316 8.630239397287367 11.859205260872839 4.403660684823989 3.6979380995035163 42.25214484333992 5.563709467649459 3.3953181207180014 4.620744824409484 4.6486201882362357 64.667919516563416 3.7164850682020187 3.5684145092964163 10.590601474046705 4.6698276698589316 3.4651049226522437 3.3933817297220221 3.3070748895406714 4.4024534374475479 3.8500790446996689 3.5927942395210257 4.2751075625419599 5.9240426421165466 43.902653053402901 4.1767724454402924 72.994011640548706
leaf_count=309 16 364 21 37 41 15 15 137 18 15 15 15 207 15 15 34 15 15 15 15 20 17 16 19 27 201 19 332
internal_value=-3.36174e-07 -0.0408544 0.00567534 0.0973583 0.119579 0.0156315 -0.0707891 0.144617 0.158897 -0.0750024 0.160973 0.160739 0.160508 -0.0783468 -0.0758893 0.16187 0.160209 -0.0758321 -0.0759137 -0.075822 -0.0761624 -0.0769684 -0.0757746 -0.0757564 -0.076033 -0.0757312 -0.076061 -0.0757872
internal_weight=487.239 387.587 166.327 75.6367 67.1453 13.0339 90.6905 54.1114 99.6523 86.9926 94.7614 90.1407 84.577 8.49147 83.5972 15.2392 69.3377 221.26 91.4121 84.0969 7.79584 7.31518 129.847 122.078 10.1992 111.879 7.76957 76.3011
internal_count=2000 1680 675 266 230 52 409 178 320 394 304 289 271 36 379 49 222 1005 414 382 35 32 591 556 46 510 35 347
is_linear=0
shrinkage=0.08


Tree=10
num_leaves=26
num_cat=0
split_feature=5 3 3 5 2 1 1 0 0 2 3 5 2 1 5 2 0 2 3 6 6 0 6 3 0
split_gain=503.745 186.015 97.4508 47.7445 18.072 12.0685 11.3538 3.75411 1.69439 2.5664 0.586436 0.204378 0.102885 0.0234991 0.0179504 0.00691356 0.00119417 0.000146659 0.000135559 0.00010307 0.000259678 6.17934e-05 3.97002e-05 2.32224e-05 3.4059e-06
threshold=2.1318528699116901 15.585168557084573 2.4831794721981351 3.5153130186709602 1.2218549893343686 384.76991534515616 415.04915411140797 108.81191116301299 54.781068669324092 1.1735669207409252 0.53604335182501794 2.3797466072989981 1.1198308422349739 387.24076764204796 2.7108550675585548 1.2748323281590366 62.986203136905225 1.201930944098839 125.53461759507159 0.61150667615532395 0.49231634421405485 25.408446736318414 0.63061759267207729 247.23338513655798 74.810594368456734
decision_type=2 2 2 2 2 2 2 2 2 2 2 2 2 2 2 2 2 2 2 2 2 2 2 2 2
left_child=6 2 3 4 10 -6 8 -5 15 18 -2 -4 -13 -9 -14 19 -3 22 -10 20 -1 -21 23 -18 -24
right_child=1 16 11 7 5 -7 -8 13 9 -11 -12 12 14 -15 -16 -17 17 -19 -20 21 -22 -23 24 -25 -26
leaf_value=-0.075828571927153712 -0.046067522673869037 -0.077427017746450333 0.1734570733500706 0.085172823989983715 -0.0099767733726451712 0.16209948075577252 0.06640523908577102 0.16767423229852368 -0.075784133442543769 -0.0013206059262463922 -0.076809328453453868 0.14815605915918631 0.16406309515768683 0.1602835717406059 0.16007441583676849 -0.079139305234983345 -0.075892477865485253 -0.076448298479364685 -0.07648333696060336 -0.075565832831897592 -0.076245330401096711 -0.075775305923894157 -0.075866371109442957 -0.076115556790806491 -0.075785269885065273
leaf_weight=198.35447561740875 5.2201798409223583 3.9345716685056678 7.5286298394203177 6.0069705992937115 6.7798644602298719 4.2396821826696396 3.7110434323549262 4.5949176549911481 3.7376518696546537 4.9979177564382553 16.601085305213928 4.6123304963111869 7.7268965244293204 6.8700820505619049 110.28889092803001 4.094701260328292 6.1794454157352501 3.3655097037553778 3.3788376897573471 12.863123044371603 10.053535416722296 30.111226350069046 4.6310463696718243 5.780073881149292 11.653176754713057
leaf_count=901 23 17 25 21 27 16 14 15 17 20 73 15 25 22 353 17 28 15 15 59 45 137 21 26 53
internal_value=1.27463e-05 0.091167 0.124113 0.0295601 -0.0272828 0.0562282 -0.072565 0.136404 -0.0744923 -0.0452585 -0.0694551 0.160663 0.159877 0.163246 0.160336 -0.0758785 -0.0761127 -0.0759491 -0.0761161 -0.0758254 -0.0758487 -0.0757126 -0.0758896 -0.0760003 -0.0758083
internal_weight=487.316 216.013 180.47 50.3128 32.8408 11.0195 271.303 17.472 267.591 12.1144 21.8213 130.157 122.628 11.465 118.016 255.477 35.5438 31.6093 7.11649 251.382 208.408 42.9743 28.2437 11.9595 16.2842
internal_count=2000 775 615 197 139 43 1225 58 1211 52 96 418 393 37 378 1159 160 143 32 1142 946 196 128 54 74
is_linear=0
shrinkage=0.08


Tree=11
num_leaves=26
num_cat=0
split_feature=3 0 2 1 6 0 1 2 6 0 0 3 0 0 2 0 2 2 3 6 1 1 3 6 3
split_gain=792.855 73.0048 7.61087 5.55088 3.24642 1.07908 0.186855 0.15746 0.000265758 0.000345084 0.000879218 0.000579401 0.000691267 0.000649812 7.84199e-05 6.36703e-05 3.87857e-05 3.7863e-05 2.47645e-05 2.27313e-05 1.66258e-05 1.16773e-05 1.03312e-05 3.18215e-06 9.14838e-10
threshold=2.5332133851342156 86.653630333035295 1.280815452576809 374.19760665094378 0.49231634421405485 75.088779009115299 391.44312863330254 1.2233147230744053 0.59625385522322172 18.016187737038674 67.705560883933444 12.732262008471681 19.068415520106392 60.00706085282372 1.2389021791919943 25.408446736318414 1.0991261191854929 1.1320347528545687 312.61998469827205 0.63061759267207729 350.98899636469724 376.8553774853404 15.585168557084573 0.43637415851164313 28.488715096179011
decision_type=2 2 2 2 2 2 2 2 2 2 2 2 2 2 2 2 2 2 2 2 2 2 2 2 2
left_child=1 2 4 -3 5 7 -5 -1 9 17 11 13 -13 -11 15 18 -12 23 20 -17 -10 -21 -18 24 -2
right_child=8 3 -4 6 -6 -7 -8 -9 14 10 16 12 -14 -15 -16 19 22 -19 -20 21 -22 -23 -24 -25 -26
leaf_value=0.16110415468343078 -0.075785615679015428 0.042942621677375004 0.069291500398015821 -0.054748708213617478 0.089056212070607974 0.12589008731583884 -0.077449532978719829 0.15431054873000657 -0.075538763959800373 -0.077354276746077449 -0.076015586044779079 -0.077026879622010783 -0.076001928884246242 -0.076117847303653119 -0.07533763471052618 -0.075974882897081319 -0.075784629188876435 -0.075503426550438291 -0.075441505040397608 -0.075754976268478991 -0.075772744536346789 -0.075910377905240412 -0.075887180459228334 -0.075704093554848792 -0.075784333840912363
leaf_weight=114.98054340481758 3.737892970442771 3.9164401143789283 6.7080265879631034 3.6231036186218244 4.4532959759235373 6.2658819258213034 6.455176055431366 26.953189522027969 3.4849094748496992 5.3257643878459913 5.3208866864442816 4.5839360505342475 51.810421839356422 5.5608187764883041 3.2376230210065833 3.5421060621738425 77.832989662885666 3.2630192488431922 4.9908817559480667 46.998775854706764 4.3943951725959778 3.3127842396497718 6.8395361453294745 3.2881709933280936 76.293378293514252
leaf_count=369 17 16 24 16 15 21 28 87 16 23 24 20 234 25 15 16 354 15 23 214 20 15 31 15 347
internal_value=-6.22702e-06 0.137308 0.152693 -0.0378806 0.156357 0.15838 -0.0692887 0.159814 -0.0758596 -0.075899 -0.0759696 -0.0761884 -0.0760852 -0.0767227 -0.0757221 -0.0757408 -0.0758061 -0.0757708 -0.0755809 -0.075779 -0.0756693 -0.0757652 -0.0757929 -0.0757812 -0.0757844
internal_weight=487.174 173.356 159.361 13.9947 152.653 148.2 10.0783 141.934 313.818 243.857 157.274 67.2809 56.3944 10.8866 69.9615 66.7239 89.9934 86.5825 12.8702 53.8537 7.8793 50.3116 84.6725 83.3194 80.0313
internal_count=2000 576 516 60 492 477 44 456 1424 1105 711 302 254 48 319 304 409 394 59 245 36 229 385 379 364
is_linear=0
shrinkage=0.08


Tree=12
num_leaves=28
num_cat=0
split_feature=0 2 3 6 3 2 1 2 6 0 5 6 6 0 2 0 6 2 1 2 2 6 0 6 2 2 3
split_gain=492.64 59.1596 52.9647 40.2552 35.5773 7.81327 5.58061 8.69898 6.73235 3.8377 0.764724 1.63619 0.714969 0.66673 0.40639 0.133808 0.131319 0.112603 0.311391 0.00476436 0.00112136 0.000242823 0.000161639 0.000145974 1.97886e-05 1.29889e-05 2.42411e-06
threshold=19.068415520106392 1.091281378367368 6.5004226825522613 0.44846936668611254 15.585168557084573 1.1479305986524475 331.59328056397993 1.1218613698564439 0.39785052914374058 37.452537044720977 0.49501528198512845 0.43699389826257834 0.43909032788414631 25.408446736318414 1.0659817272469141 17.521642935875622 0.34700586159202457 1.1280059144029526 352.87330825217344 1.1261026012337225 1.1338134593406353 0.59625385522322172 56.426088349838089 0.25589935902013994 1.2032545909259409 1.0780943684671136 180.90951865417773
decision_type=2 2 2 2 2 2 2 2 2 2 2 2 2 2 2 2 2 2 2 2 2 2 2 2 2 2 2
left_child=2 3 24 4 23 12 7 8 -3 14 11 -8 15 -9 -6 19 -15 18 -12 -4 -13 -5 -19 -2 -1 26 -23
right_child=1 6 5 21 9 -7 10 13 -10 -11 17 20 -14 16 -16 -17 -18 22 -20 -21 -22 25 -24 -25 -26 -27 -28
leaf_value=-0.074007207031831251 -0.074726633023127043 0.097282711338962644 0.13895013927735547 -0.074732881459088046 0.14666586919944183 0.027145290475889962 -0.021885373783891202 -0.031038079850744454 -0.051946047298623087 0.05424305493645834 -0.055861075726989909 -0.076026608085026495 0.10758496370929191 -0.058757538517397158 0.12439020361637704 0.15231727691055472 -0.074406226857631291 -0.074197036735519625 -0.074232519803493463 0.14142312897541351 -0.074261320347172519 -0.074087239157110962 -0.074049965941238027 -0.074015817523758881 -0.074263340585521864 -0.074231539288327139 -0.073999796344078134
leaf_weight=5.1148573309183103 3.1378909945487967 4.7062006294727352 117.11357137560844 5.6896792799234417 11.575610548257833 4.1627784073352805 5.8955042362213161 3.4570614248514202 3.2856114059686661 4.3717316538095465 8.4473127126693743 3.5325293987989408 4.6314894556999198 4.9038810729980495 9.579087942838667 5.0710272490978232 11.434718087315558 75.223006293177605 19.61737747490406 5.2075640559196463 6.616642564535141 3.6953959167003614 131.32169388234615 4.5016597062349319 3.1007595211267471 3.0972003638744345 4.4995588660240173
leaf_count=25 15 16 358 27 36 15 27 15 15 15 40 16 15 23 30 16 55 365 95 16 32 18 641 22 15 15 22
internal_value=-1.45229e-06 -0.0541252 0.123158 0.0258613 0.0771498 0.135058 -0.068531 -0.0345155 0.0359315 0.122478 -0.0723019 -0.0554048 0.138461 -0.062956 0.136579 0.139583 -0.0697094 -0.0734575 -0.0687028 0.139055 -0.0748757 -0.0743067 -0.0741035 -0.0743078 -0.0741039 -0.074092 -0.0740392
internal_weight=472.991 328.589 144.402 50.1478 33.166 136.186 278.442 27.7875 7.99181 25.5264 250.654 16.0447 132.024 19.7957 21.1547 127.392 16.3386 234.609 28.0647 122.321 10.1492 16.9818 206.545 7.63955 8.21562 11.2922 8.19495
internal_count=2000 1540 460 200 118 420 1340 124 31 81 1216 75 405 93 66 390 78 1141 135 374 48 82 1006 37 40 55 40
is_linear=0
shrinkage=0.08


Tree=13
num_leaves=27
num_cat=0
split_feature=6 3 0 6 3 2 1 0 1 6 1 3 0 2 2 6 6 0 3 0 2 2 0 0 3 2
split_gain=400.806 81.0071 145.564 36.2113 25.2736 21.2483 5.59459 4.1672 3.79183 0.0420369 0.0113493 0.00643253 0.00497201 0.00356932 0.00312199 0.000227642 0.000215975 0.00113265 0.000166796 0.00141439 0.000256517 0.000399358 0.000169939 0.000128325 3.73636e-05 2.25926e-06
threshold=0.57945119337339823 15.585168557084573 19.341793380924816 0.25348535746080797 15.585168557084573 1.0801917217330248 340.64728343321195 18.016187737038674 331.01584857760935 0.60130445607685779 379.39428200545336 43.720929547172766 25.408446736318414 1.0801917217330248 1.1320347528545687 0.43637415851164313 0.49231634421405485 61.110568094063893 2.8625009827826413 60.00706085282372 1.280815452576809 1.3146614766206868 78.391325895280872 68.246074016076761 2.4831794721981351 1.2423314629744056
decision_type=2 2 2 2 2 2 2 2 2 2 2 2 2 2 2 2 2 2 2 2 2 2 2 2 2 2
left_child=1 16 7 13 -2 6 -5 14 -7 -6 11 -11 -13 -4 15 -3 18 -18 20 -20 22 -22 -1 -21 -19 -26
right_child=4 2 3 5 9 8 -8 -9 -10 10 -12 12 -14 -15 -16 -17 17 24 19 23 21 -23 -24 -25 25 -27
leaf_value=-0.073933097634232448 -0.077290254270906592 -0.074016693322301319 -0.075242872050090018 -0.04165408731805826 0.14736462267801545 0.085117381433210751 0.066773721582024118 0.001139763504338446 0.1359379662691089 0.14258104777204358 0.14358987226868605 0.14083588329266478 0.13931852874113504 -0.078638028945931332 -0.076538525952101519 -0.074710031648091577 -0.075697706637645967 -0.074307330710922131 -0.075459370671454612 -0.074396476484325014 -0.074998060458013979 -0.0738753201905617 -0.074260571929809324 -0.074019875403142935 -0.074061875467525365 -0.073997055895744554
leaf_weight=94.182251915335655 3.5290444195270529 73.070841491222382 4.4836587905883771 6.6507535427808744 5.1327188909053794 12.097271397709845 5.6183581352233887 5.0004501342773429 42.081711292266846 4.8741300702095023 5.1878886222839347 16.950234055519104 74.862964928150177 3.5514339953660965 3.3562331348657599 3.1618262827396384 3.2800610065460232 3.7281004488468197 4.9702648818492881 6.4440327286720267 4.0447383373975736 4.0657471716403961 11.365816354751585 57.113609090447426 5.7422334104776374 8.5886765718460065
leaf_count=462 16 357 21 30 16 40 20 21 130 15 16 52 229 15 15 15 15 18 23 31 19 20 55 279 28 42
internal_value=-5.809e-06 -0.04066 0.00211107 0.0836655 0.133354 0.103063 0.00799794 -0.0696998 0.124591 0.140301 0.139945 0.139749 0.139599 -0.0767435 -0.0741506 -0.0740455 -0.0740893 -0.0743301 -0.0740611 -0.0741597 -0.0740017 -0.0744352 -0.0739684 -0.0740581 -0.0740817 -0.074023
internal_weight=473.135 362.598 159.073 74.4832 110.537 66.4481 12.2691 84.5894 54.179 107.008 101.875 96.6873 91.8132 8.03509 79.5889 76.2327 203.526 21.3391 182.186 68.5279 113.659 8.11049 105.548 63.5576 18.059 14.3309
internal_count=2000 1656 664 256 344 220 50 408 170 328 312 296 281 36 387 372 992 103 889 333 556 39 517 310 88 70
is_linear=0
shrinkage=0.08


Tree=14
num_leaves=25
num_cat=0
split_feature=5 3 3 5 2 1 1 1 2 3 5 2 0 0 2 0 0 2 1 6 3 3 3 5
split_gain=427.221 148.832 71.2978 37.3882 16.3152 11.963 9.73614 3.25838 2.04089 0.590979 0.350391 0.497039 0.114718 0.0947583 0.0824282 0.0176764 0.000974042 0.000202992 0.000297409 0.0001116 8.21037e-05 8.11911e-05 7.43575e-05 2.53024e-06
threshold=2.1318528699116901 15.585168557084573 2.4831794721981351 3.5153130186709602 1.2218549893343686 416.65347748310813 380.50853962764705 384.76991534515616 1.2887241217169547 0.53604335182501794 2.0218373689944218 1.1650673855160776 61.620323377003771 142.9599831940811 1.1198308422349739 68.246074016076761 62.986203136905225 1.1238743592439817 325.3929794284079 0.61150667615532395 85.440272507098243 2.1964695655714119 247.23338513655798 2.8107135665870224
decision_type=2 2 2 2 2 2 2 2 2 2 2 2 2 2 2 2 2 2 2 2 2 2 2 2
left_child=5 2 3 4 9 8 -6 -5 10 -2 17 -12 -4 -9 -14 -16 -3 21 -19 22 -21 -1 -18 -22
right_child=1 16 12 7 6 -7 -8 13 -10 -11 11 -13 14 -15 15 -17 19 18 -20 20 23 -23 -24 -25
leaf_value=-0.073834513953913258 -0.04327967699887271 -0.075595593838565123 0.1512431697967892 0.075985642078126109 -0.014776397289458279 0.079915559210336745 0.13522356645786765 0.1540369625484076 -0.0090061653088395841 -0.074959638002896359 -0.074350991020691065 -0.035785210194219576 0.1287457647912125 0.13918415952568192 0.14267092592691502 0.13912296828632409 -0.074217451506404838 -0.074698325200608956 -0.074156234348971048 -0.074465687196700825 -0.074079389590317596 -0.074061929990470357 -0.074625913342046074 -0.073997995110817269
leaf_weight=10.954184100031851 4.9783581644296708 3.6877811998128882 5.0917258262634268 7.0123556554317501 6.1406484395265561 3.3303042650222769 5.0443695932626724 4.7425303757190687 3.1773895770311347 15.5087883323431 4.9806948453187925 3.7483912855386734 4.8283627331256858 6.5399599373340607 9.7366030514240247 116.74211841821671 5.9842163622379321 6.9299099594354621 99.160023882985115 3.1248345822095898 3.0786990225315085 121.34931901097298 5.4501102566719055 11.861563712358473
leaf_count=54 23 17 16 23 25 12 18 15 12 73 24 16 15 20 30 357 29 33 482 15 15 592 26 58
internal_value=1.51419e-05 0.0817171 0.109512 0.0277585 -0.0248361 -0.0707095 0.0528726 0.118811 -0.0727137 -0.0672614 -0.0735328 -0.0577903 0.139461 0.145427 0.139004 0.139396 -0.0743698 -0.0741092 -0.0741916 -0.0742166 -0.0740928 -0.0740431 -0.0744121 -0.0740148
internal_weight=473.183 219.553 186.366 49.967 31.6722 253.63 11.185 18.2948 250.3 20.4871 247.123 8.72909 136.399 11.2825 131.307 126.479 33.1872 238.393 106.09 29.4994 18.0651 132.304 11.4343 14.9403
internal_count=2000 775 615 197 139 1225 43 58 1213 96 1201 40 418 35 402 387 160 1161 515 143 88 646 55 73
is_linear=0
shrinkage=0.08


Tree=15
num_leaves=27
num_cat=0
split_feature=3 0 1 0 2 5 2 5 1 6 0 5 2 6 1 2 2 0 3 3 3 6 1 2 0 6
split_gain=658.842 55.1277 6.36671 5.37136 2.23562 1.02117 2.21284 0.0321946 0.000688286 0.000387414 0.000518904 0.00134715 0.000756004 0.000712438 0.000281065 0.000110635 7.31034e-05 6.98819e-05 3.83973e-05 3.174e-05 2.90954e-05 1.72431e-05 9.09253e-06 5.96181e-06 7.96785e-07 9.66968e-08
threshold=2.5332133851342156 86.653630333035295 414.2630409292305 108.81191116301299 1.280815452576809 2.5744271535336991 1.2105893437480453 2.2081367668408296 385.496253484043 0.59625385522322172 18.016187737038674 2.652664168401587 1.1238743592439817 0.26700935874270931 348.66863608600835 1.0991261191854929 1.2389021791919943 25.408446736318414 51.177425041706272 348.58629948737394 15.585168557084573 0.63061759267207729 350.98899636469724 1.1320347528545687 16.134654976476487 0.43426316295632844
decision_type=2 2 2 2 2 2 2 2 2 2 2 2 2 2 2 2 2 2 2 2 2 2 2 2 2 2
left_child=1 2 4 -3 5 7 -7 -1 -5 10 23 12 14 -14 -12 -13 17 19 -19 22 -17 -20 -11 24 25 -2
right_child=9 3 -4 8 -6 6 -8 -9 -10 16 11 15 13 -15 -16 20 -18 18 21 -21 -22 -23 -24 -25 -26 -27
leaf_value=0.13918199192304939 -0.0740187929047319 0.02961022396551248 0.041821790498326544 -0.075574689120284533 0.087123006573562312 0.1385562616315632 0.077476093467801516 0.14279342820450613 -0.074088937729408999 -0.07379977513445489 -0.074116167664157726 -0.074427873569044747 -0.075768237136786085 -0.074668453238346269 -0.07464035824847122 -0.074017654419589393 -0.073569368010100139 -0.074269993283782879 -0.074178464753960491 -0.073601829515578407 -0.074198398802785434 -0.073982937501410564 -0.073966900406254005 -0.07390368728904588 -0.073980192696465871 -0.074033288900086799
leaf_weight=120.48443061113358 71.030696377158165 5.0702468007802954 4.7767073810100547 3.2646924406290037 5.8836847841739646 11.95053753256798 5.5631311237812033 18.182075679302216 5.1330828070640564 4.0530742108821851 22.58045564591885 4.7902509272098532 4.3738835006952312 27.292683079838753 9.2193214297294599 72.459526985883713 3.0001647472381583 3.5179448127746573 3.0915744304656974 3.6134018599987021 6.1866598278284064 43.529178738594055 4.2872481495141983 3.0541486144065848 3.4739087074995032 3.0724622309207907
leaf_count=369 347 20 16 15 20 37 18 56 25 20 110 23 20 130 44 354 15 17 15 18 30 213 21 15 17 15
internal_value=-7.88386e-06 0.120282 0.13285 -0.0354099 0.135533 0.137357 0.119154 0.139656 -0.0746665 -0.0741272 -0.0741764 -0.0742659 -0.0745437 -0.0748204 -0.0742681 -0.0740546 -0.0739551 -0.0739737 -0.0740151 -0.0737999 -0.0740319 -0.0739959 -0.0738857 -0.0740133 -0.0740176 -0.0740194
internal_weight=472.935 180.309 166.841 13.468 162.064 156.18 17.5137 138.667 8.39778 292.627 227.534 146.903 63.4663 31.6666 31.7998 83.4364 65.0926 62.0924 50.1387 11.9537 78.6462 46.6208 8.34032 80.6312 77.5771 74.1032
internal_count=2000 576 516 60 500 480 55 425 40 1424 1105 711 304 150 154 407 319 304 245 59 384 228 41 394 379 362
is_linear=0
shrinkage=0.08


Tree=16
num_leaves=28
num_cat=0
split_feature=0 2 3 6 3 2 1 2 0 0 5 6 0 6 1 6 2 1 0 2 2 6 5 6 2 6 2
split_gain=409.565 53.3059 41.9645 34.3916 28.8575 6.41092 5.44627 7.87947 6.34156 3.08744 0.793839 1.60484 0.65595 0.610603 0.384546 0.135727 0.120052 0.3219 0.104651 0.00263914 0.000792692 0.000495365 0.000207514 0.00012052 2.28964e-05 9.38225e-06 1.40898e-06
threshold=19.068415520106392 1.091281378367368 6.5004226825522613 0.44846936668611254 15.585168557084573 1.1479305986524475 331.59328056397993 1.1218613698564439 38.087523849969685 37.452537044720977 0.49501528198512845 0.43699389826257834 25.408446736318414 0.43909032788414631 340.97206503135709 0.34700586159202457 1.1280059144029526 352.87330825217344 17.521642935875622 1.1261026012337225 1.1320347528545687 0.58476110277634985 2.1005953413921725 0.25589935902013994 1.2032545909259409 0.76336572252958279 1.0689673190524929
decision_type=2 2 2 2 2 2 2 2 2 2 2 2 2 2 2 2 2 2 2 2 2 2 2 2 2 2 2
left_child=2 3 24 4 23 13 7 8 -3 14 11 -8 -9 18 -6 -14 17 -12 19 -4 -13 -5 -18 -2 -1 -23 -27
right_child=1 6 5 21 9 -7 10 12 -10 -11 16 20 15 -15 -16 -17 22 -19 -20 -21 -22 25 -24 -25 -26 26 -28
leaf_value=-0.072432519369709833 -0.073112953880148282 0.10128594808700685 0.12380443283292189 -0.073481239563172193 0.12737689724062692 0.023251230541955343 -0.01941287463947795 -0.028882821565382463 -0.04153731682850096 0.048575064780120719 -0.053347598413666555 -0.074239031835530753 -0.056510310010250225 0.095131440689229838 0.10166735866544947 -0.072910885260738828 -0.072660159748786424 -0.072642733832360404 0.13543189310520926 0.1256258718392102 -0.072675051518466816 -0.072618389127960051 -0.072488274156066915 -0.072442646284715292 -0.07271846757043951 -0.072421575440566571 -0.07249391285694895
leaf_weight=4.7393845468759528 2.9170331656932822 4.2265672683715847 119.22039684653282 4.981323927640914 16.917922258377082 4.2263271659612647 5.7032927572727194 3.3552908897399929 3.7593885362148285 4.4512995630502692 7.9523388147354153 3.0844842642545682 4.6328509598970404 4.7455142736434928 4.7741222381591788 10.660918191075323 71.98654268682003 18.19312983751297 5.2318767309188834 5.3182344436645499 6.3314248472452164 3.826498866081236 119.69592013955116 4.1717814058065414 2.8819075524806976 3.031424805521965 3.9934883415699005
leaf_count=25 15 16 358 25 51 15 27 15 15 15 40 15 23 15 15 55 376 95 16 16 33 20 630 22 15 16 21
internal_value=1.0537e-05 -0.0522563 0.110229 0.024215 0.0704456 0.120269 -0.0667105 -0.0324413 0.0340519 0.109265 -0.0706288 -0.0529025 -0.0609152 0.123317 0.121719 -0.0679428 -0.0718592 -0.066774 0.124348 0.123882 -0.0731874 -0.0728208 -0.0725528 -0.0727185 -0.0725406 -0.0725176 -0.0724627
internal_weight=455.011 308.647 146.364 49.0649 33.2322 138.742 259.582 26.635 7.98596 26.1433 232.947 15.1192 18.6491 134.516 21.692 15.2938 217.828 26.1455 129.771 124.539 9.41591 15.8327 191.682 7.08881 7.62129 10.8514 7.02491
internal_count=2000 1540 460 200 118 420 1340 124 31 81 1216 75 93 405 66 78 1141 135 390 374 48 82 1006 37 40 57 37
is_linear=0
shrinkage=0.08


Tree=17
num_leaves=28
num_cat=0
split_feature=6 3 0 6 3 2 1 1 0 6 2 3 2 0 6 1 6 0 2 0 3 0 5 1 3 2 0
split_gain=330.916 73.6059 123.293 37.3438 19.956 16.087 6.57566 4.85598 0.0420155 0.00824764 0.00594306 0.00515248 0.00321042 0.00121206 0.000283362 0.00027286 0.000201345 0.00121488 0.000206795 0.00208861 0.000196544 0.000944045 0.000178328 6.74273e-05 4.31295e-05 3.28854e-06 2.03882e-06
threshold=0.57945119337339823 15.585168557084573 18.016187737038674 0.25348535746080797 15.585168557084573 1.0801917217330248 347.37027742329326 331.01584857760935 19.690761660131709 0.61150667615532395 1.0812486674759063 57.194243151329843 1.1320347528545687 25.408446736318414 0.43637415851164313 327.1550312623279 0.49231634421405485 61.110568094063893 1.280815452576809 56.63486483070966 2.8625009827826413 61.98951916399875 2.652664168401587 377.92488939244043 2.3897939099155585 1.2423314629744056 16.134654976476487
decision_type=2 2 2 2 2 2 2 2 2 2 2 2 2 2 2 2 2 2 2 2 2 2 2 2 2 2 2
left_child=1 16 12 10 -2 6 -5 -7 -6 -10 15 -11 14 -13 26 -4 18 -18 20 -20 22 -22 -1 -21 -19 -26 -3
right_child=4 2 3 5 8 7 -8 -9 9 11 -12 13 -14 -15 -16 -17 17 24 19 23 21 -23 -24 -25 25 -27 -28
leaf_value=-0.072359484894729847 -0.075257248231296842 -0.072444980074655468 -0.073502185532333716 -0.031378256108641631 0.13217565813810289 0.066511042693363262 0.089798009481580704 0.12179708401114463 0.12714907139248907 0.12617297127367677 -0.078109130417361311 0.12492621527868154 -0.075079233995789238 0.12409663425461187 -0.07324152391147877 -0.074573508628223109 -0.074240035395094786 -0.072773112430390544 -0.074651791270107015 -0.072677378568161699 -0.073852143784048169 -0.072495831545879644 -0.072645583451446158 -0.072404481665580583 -0.072496914615070657 -0.072416531761111028 -0.072377777407699281
leaf_weight=80.977444797754288 3.2818554639816275 64.687731370329857 2.9869380593299848 8.4217685759067518 4.9314655959606162 13.191279530525206 4.3445799350738517 44.361168637871742 7.6391743123531333 9.6417499482631666 3.7121874392032623 13.310593038797377 3.1664762347936621 73.582461148500443 2.9608923047780982 3.1013034135103226 3.086399212479594 3.2755981087684658 3.1483556181192425 8.05815337598324 3.6166394501924506 35.750409707427025 16.84366349875927 20.627730429172516 5.5159776210784894 7.9546998292207718 3.0243387818336478
leaf_count=429 16 341 15 38 15 43 15 135 23 29 16 40 15 221 15 15 15 17 15 42 18 188 88 109 29 42 16
internal_value=-1.54623e-05 -0.0390705 0.0019858 0.0707137 0.119114 0.0911037 0.00985985 0.109125 0.12496 0.124619 -0.0755862 0.124418 -0.0725871 0.124224 -0.0724755 -0.0740479 -0.0725404 -0.0727816 -0.0725121 -0.0726958 -0.0724695 -0.0726204 -0.0724087 -0.0724811 -0.0725128 -0.0724494 -0.072442
internal_weight=455.201 342.814 153.959 80.1192 112.387 70.3188 12.7663 57.5524 109.105 104.174 9.80043 96.5348 73.8394 86.8931 70.673 6.08824 188.855 19.8327 169.022 31.8342 137.188 39.367 97.8211 28.6859 16.7463 13.4707 67.7121
internal_count=2000 1656 664 277 344 231 53 178 328 313 46 290 387 261 372 30 992 103 889 166 723 206 517 151 88 71 357
is_linear=0
shrinkage=0.08


Tree=18
num_leaves=24
num_cat=0
split_feature=5 3 3 0 2 1 1 0 2 5 2 6 3 0 1 0 2 0 6 6 3 3 6
split_gain=365.392 121.597 54.4222 29.994 15.4607 10.5079 7.91208 3.00976 2.33984 0.361973 0.487907 0.276473 0.0742811 0.0605544 0.0428185 0.00994155 0.00159517 0.000815198 0.000214602 0.000187694 9.1792e-05 5.39878e-05 5.2807e-06
threshold=2.1318528699116901 15.585168557084573 2.4831794721981351 84.696414843307849 1.2218549893343686 416.65347748310813 384.76991534515616 108.81191116301299 1.2951212792551601 2.0218373689944218 1.1650673855160776 0.45066514543519792 2.8625009827826413 61.620323377003771 387.24076764204796 68.246074016076761 1.2709140912742176 62.986203136905225 0.61150667615532395 0.57945119337339823 247.23338513655798 80.245916234628424 0.66238869058509009
decision_type=2 2 2 2 2 2 2 2 2 2 2 2 2 2 2 2 2 2 2 2 2 2 2
left_child=5 2 3 4 11 8 -6 -5 9 16 -11 -2 -4 -14 -9 -15 18 -3 -1 20 -19 -21 -23
right_child=1 17 12 7 6 -7 -8 14 -10 10 -12 -13 13 15 -16 -17 -18 19 -20 21 -22 22 -24
leaf_value=-0.072585338517965198 -0.073445208776806881 -0.073971506801531986 0.11606695727294637 0.062333177656929209 -0.0071522898286810101 0.069181623690175387 0.12841736473233181 0.13347860950379439 0.0031376717515489887 -0.072734037442986149 -0.03350771561423678 -0.046908436603683282 0.1329707773381118 0.12655601230719554 0.12384335790424444 0.1239993320034392 -0.074450190041379954 -0.072699499831553716 -0.072374898877668334 -0.072834253117828596 -0.073207085896013283 -0.07255202570511525 -0.072434482367927308
leaf_weight=181.44696921110153 15.508679941296583 3.4431729465723064 6.9326265454292288 7.1177788376808193 6.589499816298483 3.468605861067771 4.7348504066467285 4.9436343014240247 2.6861627697944632 4.6180141568183881 3.620304748415947 2.9984847903251639 5.2631644904613486 10.623696833848951 7.3261629045009613 116.19931787252426 2.8625209778547278 4.4141859114170092 37.408169567584991 2.8978424668312099 4.7164629548788071 3.0518739819526663 12.323524311184881
leaf_count=951 78 17 21 24 27 12 16 15 10 24 16 15 16 32 22 349 14 23 198 15 24 16 65
internal_value=8.6694e-06 0.0744171 0.0985438 0.0262511 -0.0240948 -0.0690342 0.0495311 0.103718 -0.071095 -0.0719621 -0.0554961 -0.0691458 0.124139 0.124562 0.127726 0.124213 -0.0725739 -0.0728113 -0.0725494 -0.0726655 -0.0729617 -0.0725175 -0.0724578
internal_weight=455.196 219.085 188.238 49.2191 29.8315 236.111 11.3244 19.3876 232.642 229.956 8.23832 18.5072 139.019 132.086 12.2698 126.823 221.718 30.8471 218.855 27.4039 9.13065 18.2732 15.3754
internal_count=2000 775 615 197 136 1225 43 61 1213 1203 40 93 418 397 37 381 1163 160 1149 143 47 96 81
is_linear=0
shrinkage=0.08


Tree=19
num_leaves=26
num_cat=0
split_feature=3 0 1 0 2 2 5 2 2 6 6 5 0 3 2 2 0 0 2 6 3 6 6 2 0
split_gain=555.382 43.2485 10.5313 2.98543 8.29319 1.0725 0.463162 2.19221 0.403393 0.206725 0.000509393 0.000623298 0.00183041 0.00256211 0.000715468 0.000230499 6.68706e-05 6.66362e-05 4.98055e-05 4.88356e-05 2.88382e-05 2.11096e-05 1.76956e-05 1.27337e-05 1.39932e-06
threshold=2.5332133851342156 99.174299002909109 418.15819390815352 69.345801954542495 1.2468886293371149 1.1934537697169467 2.1318528699116901 1.2323652157988383 1.2748323281590366 0.28225137988555921 0.59625385522322172 0.14356836367172285 60.00706085282372 15.585168557084573 1.1238743592439817 1.1019984763693798 67.705560883933444 20.019422080825109 1.2389021791919943 0.44251632769839316 51.177425041706272 0.63061759267207729 0.43637415851164313 1.1310453818201396 16.134654976476487
decision_type=2 2 2 2 2 2 2 2 2 2 2 2 2 2 2 2 2 2 2 2 2 2 2 2 2
left_child=1 2 3 6 5 -5 8 -8 -1 -3 11 22 13 -13 -15 19 -17 -12 20 -14 -19 -22 23 24 -2
right_child=10 9 -4 4 -6 -7 7 -9 -10 -11 17 12 15 14 -16 16 -18 18 -20 -21 21 -23 -24 -25 -26
leaf_value=0.12467114755872973 -0.072445160126481056 -0.048085735454021047 0.0034893501448880148 0.14239631803229 0.0033413628754365762 0.095280013618288473 0.12609133054567601 0.072942411149213085 0.14697420709293216 -0.073810202379180401 -0.072010163232953769 -0.074837689542736119 -0.072775254425202246 -0.072684225964687696 -0.07333444896685698 -0.072707104949001067 -0.072461626461300374 -0.072622453063671724 -0.072069214026795961 -0.073230423264453268 -0.072591129149149669 -0.072385846041854121 -0.072652069400919964 -0.072614840857766622 -0.072387775815402219
leaf_weight=116.78186649084091 65.826553776860237 3.0537605583667737 5.1299099624156943 7.6811796873807925 5.1565968543291083 5.1751387119293213 22.600684732198719 6.3657121360301963 5.4315375983715048 5.7901671677827835 2.9603880494832984 5.0465388447046271 3.0796548128128043 27.768175959587097 17.755659490823746 7.8731398731470099 72.522454425692558 4.020083636045455 2.7819945216178885 2.9571977257728577 3.4401707202196112 47.083079054951668 2.8762321025133124 2.8680657595396033 2.8368378877639762
leaf_count=351 347 15 18 24 18 16 68 20 17 29 16 24 16 145 90 41 382 21 15 15 18 249 15 15 15
internal_value=-3.74258e-06 0.107659 0.116415 0.119838 0.0890522 0.12343 0.123507 0.114411 0.125662 -0.0649277 -0.0725854 -0.0726439 -0.0727451 -0.0731274 -0.0729378 -0.0725215 -0.0724857 -0.0723803 -0.0723994 -0.0729982 -0.0724162 -0.0723998 -0.0724575 -0.0724497 -0.0724428
internal_weight=454.863 183.167 174.323 169.193 18.0129 12.8563 151.18 28.9664 122.213 8.84393 271.696 211.411 137.003 50.5704 45.5238 86.4324 80.3956 60.2857 57.3253 6.03685 54.5433 50.5232 74.4077 71.5315 68.6634
internal_count=2000 576 532 514 58 40 456 88 368 44 1424 1105 713 259 235 454 423 319 303 31 288 267 392 377 362
is_linear=0
shrinkage=0.08


Tree=20
num_leaves=28
num_cat=0
split_feature=0 2 2 1 6 1 2 3 0 1 2 0 6 2 0 6 1 0 2 6 2 6 0 5 1 6 6
split_gain=344.357 47.9651 34.0747 30.9677 25.9441 4.40131 5.23157 2.67474 2.26847 1.00712 0.97972 1.92435 0.638807 1.57626 0.570741 0.551324 0.272334 0.136847 0.100028 0.247672 0.0171614 0.011678 0.00114901 0.000426712 0.00031666 0.000258892 0.000122676
threshold=19.068415520106392 1.0953535108624366 1.1516694815851138 350.61120921057835 0.44846936668611254 330.67553033963571 1.1218613698564439 15.585168557084573 38.471993597361383 356.50869877464555 1.1105452455781955 37.452537044720977 0.42724856966350233 1.1667412538555662 27.250741944148803 0.43909032788414631 339.42376160304093 17.521642935875622 1.1435488378433869 0.22668959425087729 1.1291855438188476 0.30517488830455752 33.685464982362404 0.51403541100734984 356.50869877464555 0.66238869058509009 0.61150667615532395
decision_type=2 2 2 2 2 2 2 2 2 2 2 2 2 2 2 2 2 2 2 2 2 2 2 2 2 2 2
left_child=2 3 7 4 8 6 -3 -1 16 -4 11 -7 13 -8 -5 17 -2 20 19 -12 -9 -16 -14 -20 -13 -6 -23
right_child=1 5 9 14 25 10 12 15 -10 -11 18 24 22 -15 21 -17 -18 -19 23 -21 -22 26 -24 -25 -26 -27 -28
leaf_value=0.04342068657459705 0.11760514196497329 0.024330720484419831 -0.017994829898062004 -0.037390950236442934 -0.072308523287425056 -0.0072920336870540697 0.0032638075912572949 0.11243146572720569 0.047236861800162878 -0.07289525497540314 -0.043416568182216952 -0.072035069074821531 -0.073305703438272016 -0.072378965695597833 -0.076618751356123921 0.085526752537360626 0.095955842408809805 0.12543689290935592 -0.071755114337409748 -0.068513774708279018 0.11722934542424496 -0.071645899036317559 -0.071444133704594653 -0.071175515004760354 -0.071023870579839388 -0.071310858231036736 -0.071088370957036434
leaf_weight=3.7213252782821646 17.234437614679344 7.1767697185277965 3.5532833188772184 3.6891002953052547 2.8100609034299842 4.7557235956192008 3.074052274227145 117.46497040987015 3.9716522544622412 5.3710073083639145 2.7699101269245174 3.5182794928550702 3.5115531384944898 4.1341975629329681 3.7329849153757086 4.7850139290094367 4.7419053316116324 5.5800136923789969 8.5548990964889509 27.513163954019547 4.9732653200626364 5.4087066799402219 5.3625418990850449 163.45337128639221 4.5389576107263565 4.0840753167867661 4.7388487756252289
leaf_count=15 52 28 15 18 15 24 15 354 15 29 15 19 18 22 19 15 15 17 47 154 15 30 30 928 26 23 27
internal_value=3.02756e-05 -0.0505304 0.100414 0.0203664 0.0662274 -0.0655245 -0.0324655 0.110314 0.102878 -0.0510362 -0.0690991 -0.0476465 -0.0578109 -0.0401201 -0.0653596 0.112188 0.112934 0.113185 -0.0704579 -0.0662182 0.112626 -0.0727929 -0.0721808 -0.0712043 -0.0714654 -0.0717175 -0.0713855
internal_weight=434.224 288.775 145.449 50.4118 32.8421 238.363 23.2591 136.525 25.948 8.92429 215.104 12.813 16.0823 7.20825 17.5696 132.803 21.9763 128.018 202.291 30.2831 122.438 13.8805 8.8741 172.008 8.05724 6.89414 10.1476
internal_count=2000 1540 460 214 120 1326 113 416 82 44 1213 69 85 37 94 401 67 386 1144 169 369 76 48 975 45 38 57
is_linear=0
shrinkage=0.08


Tree=21
num_leaves=28
num_cat=0
split_feature=6 3 0 6 3 2 1 4 0 2 6 3 2 0 6 1 6 0 2 0 3 0 5 1 3 0 2
split_gain=277.076 66.7348 105.617 31.2484 16.1637 12.5724 6.8428 4.26007 0.0398787 0.00638147 0.00449465 0.00338952 0.0032649 0.000918511 0.000323713 0.000247398 0.000196099 0.00123624 0.000221689 0.00209056 0.000189548 0.000838493 0.000113943 8.75623e-05 5.67e-05 2.86535e-06 2.76881e-06
threshold=0.57945119337339823 15.585168557084573 18.016187737038674 0.25348535746080797 15.585168557084573 1.0801917217330248 347.68205177109274 1.0000000180025095e-35 19.690761660131709 1.0812486674759063 0.61150667615532395 57.194243151329843 1.1320347528545687 25.658819272465117 0.43637415851164313 327.1550312623279 0.49231634421405485 61.110568094063893 1.280815452576809 56.63486483070966 7.5676313424853259 62.986203136905225 2.6237613725642102 377.92488939244043 2.3897939099155585 16.134654976476487 1.1768802716940114
decision_type=2 2 2 2 2 2 2 2 2 2 2 2 2 2 2 2 2 2 2 2 2 2 2 2 2 2 2
left_child=1 16 12 9 -2 6 -5 -7 -6 15 -10 -12 14 -13 25 -4 18 -18 20 -20 22 -22 -1 -21 -19 -3 -26
right_child=4 2 3 5 8 7 -8 -9 10 -11 11 13 -14 -15 -16 -17 17 24 19 23 21 -23 -24 -25 26 -27 -28
leaf_value=-0.070991211046928723 -0.073512763852119897 -0.071043751527728127 -0.07204436916409368 -0.03148811542030399 0.12051624061814201 0.07980341155461472 0.094185251663346709 0.12376188168341097 0.11504120752066525 -0.076914964074518255 0.11444923635925376 0.11346257922458337 -0.073785743963312667 0.11275387266567462 -0.071924741911367843 -0.073102196796701657 -0.072926310655966622 -0.07143418714562455 -0.073345313928136549 -0.071336532440103295 -0.072593908504376595 -0.071104551271813698 -0.071174946983060552 -0.071013409469834074 -0.071121622737991427 -0.070960748807679885 -0.071029284225937947
leaf_weight=76.186680242419243 3.0401569604873648 59.691026970744133 2.7710945755243284 8.4173310995101911 4.9612032473087302 33.67683906853199 4.1350255310535422 24.283516973257065 7.6484476923942557 3.5390851348638535 9.6413622796535474 13.950014770030974 2.9790388345718375 72.690705269575119 2.7641211599111548 2.8913254588842392 2.8931922614574459 3.0425267666578284 2.9623397588729885 7.4747176617383984 2.8057095259428051 17.564113989472389 30.149498760700226 19.037928387522697 2.6381888687610617 2.78602211177349 9.7927570194005948
leaf_count=437 16 341 15 39 15 104 14 74 23 16 29 42 15 219 15 15 15 17 15 42 15 100 171 109 15 16 56
internal_value=-1.65673e-05 -0.0376576 0.00187318 0.0644063 0.108429 0.0825002 0.00991149 0.0982206 0.113509 -0.0742501 0.113175 0.113026 -0.0711958 0.112868 -0.0710775 -0.0725845 -0.0711612 -0.0714084 -0.0711321 -0.0713297 -0.0710861 -0.0713097 -0.0710433 -0.0711045 -0.0711246 -0.0710401 -0.0710489
internal_weight=434.414 322.482 147.934 79.7142 111.932 70.5127 12.5524 57.9604 108.892 9.20151 103.931 96.2821 68.2202 86.6407 65.2412 5.66242 174.548 18.3667 156.181 29.475 126.706 20.3698 106.336 26.5126 15.4735 62.477 12.4309
internal_count=2000 1656 664 277 344 231 53 178 328 46 313 290 387 261 372 30 992 103 889 166 723 115 608 151 88 357 71
is_linear=0
shrinkage=0.08


Tree=22
num_leaves=23
num_cat=0
split_feature=5 3 3 0 2 1 1 1 2 5 2 0 3 0 0 2 0 6 6 2 3 6
split_gain=314.13 100.884 43.1403 24.3177 14.5909 9.19915 6.60395 2.8993 2.44695 0.3773 0.591417 0.105393 0.0620184 0.0363153 0.00599184 0.00151696 0.000696099 0.000281987 0.000276961 0.00011383 3.80179e-05 3.83744e-06
threshold=2.1318528699116901 15.585168557084573 2.4831794721981351 84.696414843307849 1.280815452576809 416.65347748310813 390.2869832025545 384.76991534515616 1.2988799805913298 2.0218373689944218 1.1699883955632648 142.9599831940811 2.8625009827826413 61.620323377003771 68.246074016076761 1.2718816477736341 62.986203136905225 0.57945119337339823 0.61150667615532395 1.1019984763693798 80.245916234628424 0.66238869058509009
decision_type=2 2 2 2 2 2 2 2 2 2 2 2 2 2 2 2 2 2 2 2 2 2
left_child=5 2 3 4 6 8 -2 -5 9 15 -11 -9 -4 -14 -15 18 -3 19 -1 -18 -19 -22
right_child=1 16 12 7 -6 -7 -8 11 -10 10 -12 -13 13 14 -16 -17 17 20 -20 -21 21 -23
leaf_value=-0.071210640860219596 -0.065433038946421468 -0.072542288681041303 0.10525962018358627 0.056425727714598438 0.12877729842422447 0.05957925466050585 0.033991329052611201 0.12800497514716297 0.0097886729691331626 -0.071344528600696636 -0.02627691004224933 0.11257157122657072 0.11950914928017228 0.11457287498989281 0.11258785288242805 -0.073083381424427996 -0.072031689304008314 -0.071378040365393483 -0.070961671334790422 -0.071432001012094071 -0.071132825402287297 -0.071028506134303643
leaf_weight=167.94182555377483 19.599206849932678 3.2042266130447414 6.9250322580337516 7.9560202360153225 3.586344748735427 3.5856199860572806 5.4685926437377921 4.9391200840473157 2.4550482183694831 4.6315864622592917 3.1182112097740173 6.6374218463897705 5.3081656098365775 10.625012785196303 115.81312197446823 2.6820859909057608 3.3248686343431491 2.6746985763311413 34.46443784236908 5.184533104300499 2.8158490657806388 11.3670337498188
leaf_count=952 101 17 21 26 12 12 23 15 9 26 14 20 16 32 349 14 18 15 198 29 16 65
internal_value=-7.10866e-06 0.0685726 0.0899796 0.0247709 -0.0221508 -0.067506 -0.0437434 0.0936048 -0.0696225 -0.0705385 -0.0532111 0.119156 0.112639 0.113027 0.112755 -0.0711933 -0.0714312 -0.0712909 -0.0711682 -0.0716663 -0.0711014 -0.0710492
internal_weight=434.308 215.429 186.858 48.1867 28.6541 218.879 25.0678 19.5326 215.293 212.838 7.7498 11.5765 138.671 131.746 126.438 205.088 28.5712 25.367 202.406 8.5094 16.8576 14.1829
internal_count=2000 775 615 197 136 1225 124 61 1213 1204 40 35 418 397 381 1164 160 143 1150 47 96 81
is_linear=0
shrinkage=0.08


Tree=23
num_leaves=25
num_cat=0
split_feature=3 0 1 2 0 2 2 1 6 5 0 3 2 5 3 2 0 0 6 2 2 3 6 0
split_gain=472.818 34.9566 8.56606 2.79664 0.861538 3.77221 0.215521 0.0568967 0.000641189 0.000735389 0.00228047 0.00326113 0.000686683 0.000480522 0.00032624 0.000144303 8.03227e-05 5.26354e-05 4.12763e-05 3.37509e-05 2.96713e-05 2.16999e-05 1.65632e-05 7.83892e-08
threshold=2.5332133851342156 99.174299002909109 418.15819390815352 1.2768040296594274 69.345801954542495 1.2105893437480453 1.2514096317325465 390.2869832025545 0.59625385522322172 0.10452467295480654 60.00706085282372 36.257792903644237 1.1238743592439817 2.0627810017295025 228.05588065901759 1.1327162836858997 20.019422080825109 69.345801954542495 0.43426316295632844 1.1291855438188476 1.2389021791919943 51.177425041706272 0.63061759267207729 15.735696428386232
decision_type=2 2 2 2 2 2 2 2 2 2 2 2 2 2 2 2 2 2 2 2 2 2 2 2
left_child=1 2 3 4 7 -6 -3 -1 9 18 11 13 -13 -11 17 -16 -10 -12 19 23 21 -18 -23 -2
right_child=8 6 -4 -5 5 -7 -8 -9 16 10 14 12 -14 -15 15 -17 20 -19 -20 -21 -22 22 -24 -25
leaf_value=0.1135354098151161 -0.071044167888084278 -0.072385459724523107 0.0035684438164273087 0.063325330612126057 0.12052433206610903 0.037810933005530213 -0.045256355638453906 0.1089259301280012 -0.070548930454054568 -0.074109222896697108 -0.071278070163488222 -0.071311227593139973 -0.071977693647752 -0.072721637319260873 -0.072051471353126062 -0.071260977776819195 -0.071195468613080889 -0.071062600218919872 -0.071376289932021733 -0.071325442725655372 -0.070730514527340804 -0.07117081175337435 -0.070981529087544765 -0.071030856009282509
leaf_weight=125.15260940790176 59.167435765266418 5.3784609586000425 5.1171806603670111 8.2941763252019864 10.73664206266403 5.2563716620206824 2.8764182925224304 19.857351899147034 2.7071627527475348 3.6300830841064444 8.1563919931650144 25.502573639154434 16.166124448180199 2.8522582054138184 3.3280288130044928 2.6586075723171234 3.7098230570554724 65.712959378957748 2.6789367794990531 2.8422528207302085 2.5688642263412467 3.1750996112823477 43.411679357290268 2.9733882844448081
leaf_count=377 338 29 18 27 33 17 15 60 16 18 46 144 88 15 18 15 21 375 15 16 15 18 249 17
internal_value=-6.59622e-06 0.0979311 0.105545 0.108627 0.110961 0.0933392 -0.0629323 0.112904 -0.0712138 -0.0712819 -0.0713946 -0.0718295 -0.0715698 -0.0734987 -0.0711324 -0.0717004 -0.0709739 -0.0710864 -0.0710685 -0.0710559 -0.0709957 -0.0710093 -0.0709944 -0.0710435
internal_weight=433.911 182.669 174.414 169.297 161.003 15.993 8.25488 145.01 251.242 195.669 128.007 48.151 41.6687 6.48234 79.856 5.98664 55.5726 73.8694 67.662 64.9831 52.8655 50.2966 46.5868 62.1408
internal_count=2000 576 532 514 487 50 44 437 1424 1105 719 265 232 33 454 33 319 421 386 371 303 288 267 355
is_linear=0
shrinkage=0.08


Tree=24
num_leaves=31
num_cat=0
split_feature=0 2 6 1 3 0 0 2 1 6 3 3 2 6 2 2 6 3 0 6 3 1 0 5 2 2 0 6 1 3
split_gain=291.63 43.3777 30.2797 29.3982 28.7062 13.8315 4.7214 2.68581 1.68058 2.44715 9.1551 0.555629 0.108241 0.252445 0.339375 0.0683808 0.0141207 0.0080839 0.00230312 0.00141745 0.00137109 0.000763565 0.000483132 0.000457113 0.00218967 0.00031048 0.00041415 0.000384427 0.000175967 7.88788e-05
threshold=19.068415520106392 1.1105452455781955 0.44846936668611254 352.87330825217344 6.5004226825522613 39.249053016537339 18.016187737038674 1.086902644129305 330.67553033963571 0.42724856966350233 104.32394598257581 177.32348472480513 1.1435488378433869 0.22668959425087729 1.1402845239689132 1.1320347528545687 0.43637415851164313 2.4461007690655725 60.00706085282372 0.57945119337339823 28.488715096179011 332.13602608683306 33.685464982362404 2.1005953413921725 1.2841533712357114 1.0953535108624366 47.576609399781766 0.58476110277634985 384.27877670933475 1.536222231112139
decision_type=2 2 2 2 2 2 2 2 2 2 2 2 2 2 2 2 2 2 2 2 2 2 2 2 2 2 2 2 2 2
left_child=4 2 3 5 29 7 15 -2 9 10 18 17 13 -10 -15 16 20 -5 -3 -11 -6 -4 -21 24 -14 27 -27 -23 -25 -1
right_child=1 8 21 11 6 -7 -8 -9 12 19 -12 -13 23 14 -16 -17 -18 -19 -20 22 -22 25 -24 28 -26 26 -28 -29 -30 -31
leaf_value=-0.06996426980073428 0.10191885782936541 -0.074101218719655318 -0.071845742686743069 -0.069829425029274694 0.10489171384073009 -0.016456276385997011 0.039431342409974798 0.17040600947376963 -0.040933070618624015 -0.072736379440084417 0.1002365877180604 -0.032953540335427578 -0.070050501152201211 -0.070178026557617151 -0.039871162504422124 0.11345647596155745 0.1080313891456902 -0.075280657510138071 -0.070866105614875732 -0.071446488486982013 0.10360341807698314 -0.070911629504139304 -0.07007667585467045 -0.069987744933673546 -0.072342167758819326 -0.071616808938148938 -0.070230924223699601 -0.069922465382972421 -0.06977279008060841 -0.070526497060870594
leaf_weight=3.904612109065055 20.480605259537704 3.0894999802112597 2.7210183590650585 6.1213875859975797 5.5471220016479483 6.5496910512447348 7.6300756782293311 4.4633287489414206 2.6173829883337048 3.0162947028875333 2.9952359795570374 3.3519259095191947 58.088848024606705 22.747443661093715 2.6390511095523825 4.9199904203414908 4.9351786375045767 2.433064877986908 2.5882459282875061 2.8382176607847214 112.76840871572495 3.4532302170991924 3.9291227608919144 47.07692115008831 2.7969131022691718 2.7053175866603842 2.8169951885938644 9.2503198683261854 50.539666786789894 2.7023351490497589
leaf_count=24 63 16 15 38 17 27 26 15 15 16 12 17 356 138 16 15 15 13 15 16 347 20 24 289 15 15 17 57 315 16
internal_value=5.55198e-05 -0.0489052 0.00839701 0.0465226 0.0926459 0.0870066 0.100568 0.114174 -0.0668948 -0.043867 -0.0129278 -0.060562 -0.0691737 -0.0645886 -0.0670275 0.104208 0.103839 -0.0713799 -0.0726265 -0.071294 0.103664 -0.0705957 -0.0706512 -0.0699838 -0.0701558 -0.0704091 -0.0709099 -0.0701914 -0.0698765 -0.0701942
internal_weight=411.717 269.31 64.3469 43.4 142.408 31.4936 135.801 24.9439 204.963 18.4566 8.67298 11.9064 186.506 28.0039 25.3865 128.171 123.251 8.55445 5.67775 9.78364 118.316 20.9469 6.76734 158.502 60.8858 18.2259 5.52231 12.7036 97.6166 6.60695
internal_count=2000 1540 297 173 460 105 420 78 1243 99 43 68 1144 169 154 394 379 51 31 56 364 124 40 975 371 109 32 77 604 40
is_linear=0
shrinkage=0.08


Tree=25
num_leaves=30
num_cat=0
split_feature=6 3 0 6 3 2 1 1 0 2 2 6 3 1 2 6 1 6 5 5 2 0 3 0 1 1 3 0 0
split_gain=234.329 60.376 90.6609 26.3372 13.3311 10.4949 6.05943 3.42249 0.0340127 0.00660233 0.00312084 0.00253741 0.0024587 0.00138949 0.000834928 0.000347824 0.000219167 0.000190916 0.000743778 0.000561614 0.000208805 0.00212274 0.000157408 0.000848855 0.000141769 9.57055e-05 5.20992e-05 3.62871e-06 3.25581e-06
threshold=0.57945119337339823 15.585168557084573 18.016187737038674 0.25348535746080797 15.585168557084573 1.0659817272469141 326.63879263033937 340.64728343321195 19.690761660131709 1.0812486674759063 1.1320347528545687 0.61150667615532395 74.48206733651385 350.61120921057835 1.1201643751438064 0.43637415851164313 327.1550312623279 0.48323125704647946 2.1775640986432205 1.3679032677979495 1.280815452576809 59.042743918427284 7.5676313424853259 63.746101848213904 415.04915411140797 377.92488939244043 2.3897939099155585 16.134654976476487 81.35877480088908
decision_type=2 2 2 2 2 2 2 2 2 2 2 2 2 2 2 2 2 2 2 2 2 2 2 2 2 2 2 2 2
left_child=1 17 10 9 -2 7 -7 -5 -6 16 15 -10 13 -13 -14 27 -4 20 19 -19 22 -22 24 -24 -1 -23 -20 -3 -28
right_child=4 2 3 5 8 6 -8 -9 11 -11 -12 12 14 -15 -16 -17 -18 18 26 -21 21 25 23 -25 -26 -27 28 -29 -30
leaf_value=-0.06979103177747932 -0.071993366774956227 -0.069796983146393779 -0.070733948024614093 -0.071868888815925638 0.11113746164892983 0.031462851699735353 0.09741524641653479 0.035924303511152618 0.10574049287282072 -0.075802371322851905 -0.072572061084432565 0.10630184827653161 0.10441947712500131 0.10458541583988018 0.10387430289951823 -0.070743399872175386 -0.071768895702110813 -0.070184560103770138 -0.070171998390111442 -0.071854928545703051 -0.072130067475200899 -0.070112931227488254 -0.071362057768429965 -0.069845329442233858 -0.070184930550795138 -0.069752939983944093 -0.069905188563153531 -0.069699454200394084 -0.069802253385792143
leaf_weight=88.194537341594696 2.8064541369676581 54.860961467027664 2.5583041012287122 3.4873116612434378 4.9188875854015341 10.776590272784231 51.628383174538612 4.103136271238327 7.5227060019969931 3.3703634738922119 2.7867745310068122 4.9142336547374708 26.717440247535706 7.8243789672851562 54.967269659042358 2.5729980170726767 2.6827972084283829 2.6387159377336529 3.4599745869636562 2.5170739442110062 2.9534709155559566 6.5718842893838909 2.7760861963033703 15.815082833170889 6.2630522847175589 16.831377968192101 2.4307258874177924 2.555264323949813 10.298917785286902
leaf_count=549 16 341 15 19 15 37 161 14 23 16 15 15 82 24 169 15 15 16 21 14 16 40 16 98 38 105 15 16 64
internal_value=-4.35588e-05 -0.0364019 0.00173112 0.0589801 0.10012 0.0752224 0.0860261 -0.0135996 0.10464 -0.0730401 -0.069955 0.104326 0.104214 0.105248 0.104053 -0.0698334 -0.0712637 -0.0699404 -0.0701632 -0.071 -0.0699063 -0.0701091 -0.069859 -0.0700718 -0.0698171 -0.069854 -0.0698967 -0.0697926 -0.0698219
internal_weight=411.805 302.134 141.383 78.6069 109.671 69.9954 62.405 7.59045 106.865 8.61146 62.776 101.946 94.4233 12.7386 81.6847 59.9892 5.2411 160.751 21.3454 5.15579 139.405 26.3567 113.049 18.5912 94.4576 23.4033 16.1896 57.4162 12.7296
internal_count=2000 1656 664 277 344 231 198 33 328 46 387 313 290 39 251 372 30 992 130 30 862 161 701 114 587 145 100 357 79
is_linear=0
shrinkage=0.08


Tree=26
num_leaves=25
num_cat=0
split_feature=5 3 3 0 2 1 1 1 2 5 2 6 0 2 0 6 2 6 6 0 2 0 3 2
split_gain=271.847 84.7358 34.8457 19.7753 12.7686 8.08466 5.83686 2.54014 2.25387 0.394233 0.651577 0.303329 0.0805299 0.0545471 0.0126352 0.00229463 0.00151635 0.000639428 0.000335904 0.000289442 0.00014523 4.01275e-05 4.69825e-06 9.53161e-07
threshold=2.1318528699116901 15.585168557084573 2.4831794721981351 84.696414843307849 1.2218549893343686 416.65347748310813 380.50853962764705 384.76991534515616 1.2988799805913298 2.0218373689944218 1.1735669207409252 0.45066514543519792 142.9599831940811 1.115408641508483 62.693707023028139 0.574978740179655 1.2718816477736341 0.60130445607685779 0.61150667615532395 69.345801954542495 1.1076023352742199 66.9639355950046 117.38713883865792 1.1280059144029526
decision_type=2 2 2 2 2 2 2 2 2 2 2 2 2 2 2 2 2 2 2 2 2 2 2 2
left_child=5 2 3 4 11 8 -6 -5 9 16 -11 -2 -9 -4 -15 -16 18 19 -1 -3 -21 -19 -23 -24
right_child=1 17 13 7 6 -7 -8 12 -10 10 -12 -13 -14 14 15 -17 -18 21 -20 20 -22 22 23 -25
leaf_value=-0.069995961472848783 -0.070854335665045759 -0.071262251341312602 0.095436248672721893 0.050914076247690856 -0.010931934184492295 0.051496904501462756 0.10358437294447713 0.1173785564495267 0.0075758791772972678 -0.070124320126406681 -0.021022684992697771 -0.041252223723148518 0.10382932026094396 0.10716997296387976 0.10378937214268266 0.10550361775311311 -0.071925558068574688 -0.070138262453822625 -0.06970986189341076 -0.070855315496140797 -0.070105573559799114 -0.069904121970613797 -0.069751928896059245 -0.069800986463543074
leaf_weight=154.77842950820923 13.388491094112402 3.5041839182376879 4.8681334853172293 7.9983815699815777 5.8562227934598905 3.6711799502372733 5.5464161932468414 4.9391702711582166 2.4734693467617026 4.4391798973083487 2.833735391497612 2.6546416729688636 6.5046646893024445 7.8610275387763968 118.02552959322929 5.2183737158775321 2.5135116577148429 2.7973496764898291 31.63144938647747 2.5827025026082993 4.5961270332336426 2.4315875172615042 4.3292368948459607 6.1151096969842911
leaf_count=952 78 20 15 26 25 12 18 15 9 27 13 15 20 24 363 16 14 17 198 15 28 15 27 38
internal_value=-2.56021e-05 0.0639154 0.0832443 0.0237741 -0.0199535 -0.0661396 0.0447705 0.0855025 -0.0683134 -0.0692701 -0.0509929 -0.0659561 0.109677 0.103752 0.10406 0.103862 -0.0699737 -0.070189 -0.0699474 -0.0706662 -0.0703753 -0.0698636 -0.069804 -0.0697807
internal_weight=411.558 209.217 182.861 46.888 27.4458 202.341 11.4026 19.4422 198.67 196.196 7.27292 16.0431 11.4438 135.973 131.105 123.244 188.923 26.3563 186.41 10.683 7.17883 15.6733 12.8759 10.4443
internal_count=2000 775 615 197 136 1225 43 61 1213 1204 40 93 35 418 403 379 1164 160 1150 63 43 97 80 65
is_linear=0
shrinkage=0.08


Tree=27
num_leaves=25
num_cat=0
split_feature=3 0 1 2 5 2 6 6 6 5 0 3 6 5 3 2 0 6 2 0 3 2 3 6
split_gain=406.01 28.9369 7.07512 2.43016 0.853595 3.40845 0.223884 0.0416661 0.000764285 0.000843579 0.00288034 0.0038266 0.000784937 0.000750125 0.000395745 0.000175157 7.81192e-05 6.74091e-05 4.57002e-05 4.33266e-05 1.62778e-05 1.60096e-05 1.61697e-05 1.29607e-05
threshold=2.5332133851342156 99.174299002909109 418.15819390815352 1.2768040296594274 2.5744271535336991 1.2105893437480453 0.28225137988555921 0.48632166333064913 0.59625385522322172 0.10452467295480654 60.00706085282372 36.257792903644237 0.26055090025288374 2.0627810017295025 23.98154850955984 1.1019984763693798 20.019422080825109 0.43426316295632844 1.1291855438188476 69.345801954542495 28.488715096179011 1.2389021791919943 51.177425041706272 0.63061759267207729
decision_type=2 2 2 2 2 2 2 2 2 2 2 2 2 2 2 2 2 2 2 2 2 2 2 2
left_child=1 2 3 4 7 -6 -3 -1 9 17 11 13 -13 -11 19 -16 -10 18 20 -12 -2 22 -18 -24
right_child=8 6 -4 -5 5 -7 -8 -9 16 10 14 12 -14 -15 15 -17 21 -19 -20 -21 -22 -23 23 -25
leaf_value=0.10467906883165168 -0.069995529752099064 -0.042689126538302244 0.0041028309595963035 0.057905894856823778 0.10969028438749084 0.039768209203727097 -0.071202714322251059 0.097808759013550128 -0.069287245719155705 -0.073338461084601944 -0.070018133712309513 -0.071060579513669273 -0.070212573689412847 -0.071552869872086075 -0.070860690014600575 -0.070123464218205145 -0.06992652804841433 -0.070246289513958601 -0.070147711280688835 -0.069803131679822814 -0.0697968406750267 -0.069545441291344628 -0.069908229213233766 -0.069733591781304657
leaf_weight=132.26967975497246 2.7735289931297293 2.7193744033575049 5.0825964957475653 8.3698753714561445 13.631390661001207 6.6328126341104499 5.0079261362552643 5.9015693068504325 2.4697275608777991 3.4746458679437628 6.6913224607706061 9.1546023637056333 29.487639129161835 2.6572615653276443 3.2695185542106611 5.58724245429039 3.4097157567739478 2.4902140796184531 2.6274148076772681 57.942627668380737 54.377701863646507 2.3645383566617957 2.9189057499170294 39.866898998618126
leaf_count=406 17 15 18 27 42 21 29 18 16 18 41 53 179 15 19 34 21 15 16 360 338 15 18 249
internal_value=1.36585e-05 0.090276 0.0970843 0.0999175 0.102137 0.0868036 -0.0611683 0.104386 -0.0699995 -0.0700768 -0.0702023 -0.0707081 -0.0704135 -0.0725647 -0.0698941 -0.0703956 -0.0697262 -0.0698385 -0.0698215 -0.0698254 -0.0698065 -0.0697485 -0.0697589 -0.0697455
internal_weight=411.179 179.615 171.888 166.805 158.435 20.2642 7.7273 138.171 231.564 180.534 118.265 44.7741 38.6422 6.13191 73.4907 8.85676 51.0298 62.2689 59.7786 64.634 57.1512 48.5601 46.1955 42.7858
internal_count=2000 576 532 514 487 63 44 424 1424 1105 719 265 232 33 454 53 319 386 371 401 355 303 288 267
is_linear=0
shrinkage=0.08


Tree=28
num_leaves=31
num_cat=0
split_feature=0 2 6 1 2 0 1 2 1 6 3 3 0 4 2 1 2 0 5 3 0 6 3 6 2 3 5 2 0 0
split_gain=248.53 39.727 26.6512 24.8026 24.2456 11.6754 1.98147 1.97676 1.68539 2.34984 7.95535 0.965849 0.573923 0.124036 0.11763 0.259171 0.310119 0.0658603 0.0272481 0.00760784 0.0016427 0.00162835 0.000963846 0.000733285 0.000517956 0.000475682 0.000462597 0.00260721 0.000343496 0.000303478
threshold=19.068415520106392 1.1105452455781955 0.44846936668611254 352.87330825217344 1.1516694815851138 39.249053016537339 352.05309129873541 1.086902644129305 330.67553033963571 0.42724856966350233 104.32394598257581 117.38713883865792 35.551035626978248 1.0000000180025095e-35 1.1435488378433869 338.91412182252196 1.1402845239689132 18.016187737038674 0.048934275944854742 23.98154850955984 60.00706085282372 0.57945119337339823 1.0968628255817723 0.57945119337339823 1.0928456934791504 19.932638449524529 2.1005953413921725 1.2841533712357114 33.685464982362404 47.576609399781766
decision_type=2 2 2 2 2 2 2 2 2 2 2 2 2 2 2 2 2 2 2 2 2 2 2 2 2 2 2 2 2 2
left_child=4 2 3 5 6 7 13 -2 9 10 20 22 -5 17 15 -10 -17 18 -1 -14 -3 -11 -6 25 -25 -4 27 -16 -23 -26
right_child=1 8 23 12 11 -7 -8 -9 14 21 -12 -13 19 -15 26 16 -18 -19 -20 -21 -22 28 -24 24 29 -27 -28 -29 -30 -31
leaf_value=0.096982872363715236 0.094850450559156974 -0.072614474907775658 -0.069381912261222714 -0.029982917304510925 -0.068737717399770443 -0.01539110497860508 0.037823784875624988 0.15291984959427996 -0.038735570401169518 -0.071750774877498563 0.089978414888687491 -0.012212833867590924 -0.068623027834850567 0.085675227338499166 -0.068954528848319901 -0.069087375675252083 -0.040653031164126656 0.10629262970449388 0.091036613007398653 -0.074055318832247155 -0.069776963202092118 -0.070138399605780735 -0.070948286822102496 -0.068784116301832982 -0.070422856947990969 -0.070896245935113025 -0.068783306597608659 -0.071520598404305219 -0.068932644942402199 -0.069170758431834539
leaf_weight=109.40822172164917 20.055222511291511 2.8687365055084246 2.3255911171436336 3.1786977350711805 2.6621588319540006 6.4208046197891226 3.7922412455081931 4.6151579618453971 2.5332342684268978 2.8439804464578611 3.1143093705177307 2.9523543119430542 5.5554137155413628 6.4095882922410956 53.321548983454704 20.488685727119449 2.7889945954084387 4.7868158072233191 5.1649010479450217 2.3470427691936493 2.3966393917798996 2.6075986623764038 2.4007326811552048 8.9077824801206571 2.5081729143857947 3.0934470444917679 89.538196384906769 2.660515457391738 3.5992940366268158 2.448092594742775
leaf_count=348 63 16 15 17 18 27 15 15 16 16 12 11 38 21 356 135 18 15 17 13 15 16 15 60 15 18 604 15 24 16
internal_value=7.53668e-05 -0.0474136 0.00845288 0.0440769 0.0864456 0.0807037 0.0947988 0.105714 -0.0656021 -0.0419023 -0.0113753 -0.0485793 -0.0586895 0.0965167 -0.0680133 -0.063036 -0.0656805 0.0970989 0.0967148 -0.0702364 -0.0713229 -0.0701655 -0.0697859 -0.0694573 -0.0691489 -0.0702464 -0.0688961 -0.0690765 -0.0694392 -0.0698044
internal_weight=387.794 250.217 61.4554 42.1723 137.577 31.0912 129.562 24.6704 188.762 17.4306 8.37969 8.01525 11.0812 125.77 171.331 25.8109 23.2777 119.36 114.573 7.90246 5.26538 9.05087 5.06289 19.2831 13.864 5.41904 145.52 55.9821 6.20689 4.95627
internal_count=2000 1540 297 173 460 105 416 78 1243 99 43 44 68 401 1144 169 153 380 365 51 31 56 33 124 91 33 975 371 40 31
is_linear=0
shrinkage=0.08


Tree=29
num_leaves=30
num_cat=0
split_feature=6 3 0 6 3 4 2 1 0 2 2 6 3 1 1 6 6 5 1 2 0 3 2 1 1 3 6 0 2
split_gain=199.335 54.7449 78.1938 22.4653 11.104 9.16255 11.2381 0.157968 0.0333029 0.0051535 0.00227728 0.0015393 0.00148743 0.000855479 0.000523494 0.000247724 0.000192176 0.000818497 0.000627791 0.000269548 0.00245845 0.000147081 0.00033342 0.000125162 0.000124675 6.27808e-05 6.11821e-05 2.81045e-06 2.33213e-06
threshold=0.57945119337339823 15.585168557084573 18.016187737038674 0.25348535746080797 15.585168557084573 1.0000000180025095e-35 1.1218613698564439 359.98903518579215 19.690761660131709 1.0812486674759063 1.1320347528545687 0.61150667615532395 74.48206733651385 350.61120921057835 326.63879263033937 0.43637415851164313 0.48323125704647946 2.1775640986432205 371.57545474631473 1.2768040296594274 56.63486483070966 11.877380627867216 1.1791667460359252 415.04915411140797 377.92488939244043 2.3897939099155585 0.18581663240329679 16.134654976476487 1.2528887972700602
decision_type=2 2 2 2 2 2 2 2 2 2 2 2 2 2 2 2 2 2 2 2 2 2 2 2 2 2 2 2 2
left_child=1 16 10 9 -2 6 -5 -7 -6 26 15 -10 13 -13 -14 27 19 18 -18 21 -21 23 -23 -1 -22 -19 -4 -3 -27
right_child=4 2 3 5 8 7 -8 -9 11 -11 -12 12 14 -15 -16 -17 17 25 -20 20 24 22 -24 -25 -26 28 -28 -29 -30
leaf_value=-0.068714086046934644 -0.070598376069615776 -0.068688985045284326 -0.070571848165847675 0.008275639232891107 0.10406403205329504 0.11166985238242529 0.090121231926770434 0.098479143947955233 0.098368200330224975 -0.07443807019733259 -0.071159933510826681 0.098816639852839575 0.097650732497605267 0.097448504351037551 0.096963970762677307 -0.069522630897533827 -0.069034034420000959 -0.069111427213899596 -0.070868296020790117 -0.071289875182514936 -0.069084531774169455 -0.069891687020503357 -0.068690949530629389 -0.069062881262504344 -0.068659317475301074 -0.068745240582997344 -0.070005911492374964 -0.068599267424044888 -0.068673614591696686
leaf_weight=89.451268076896667 2.5755687505006781 50.238765880465508 2.4834821075201017 22.830236613750458 4.8139981925487509 16.829609796404842 20.269741058349609 8.8744388520717603 7.2908183932304373 3.160273864865303 2.5645286738872519 4.7671908438205701 7.8925372064113608 7.5695121884346008 71.066716134548187 2.3611010313034049 2.2685194611549404 3.1899800151586524 2.5216003656387329 2.8024429529905346 6.0715344697237041 2.3569229990243903 3.9781592041254044 7.1074742078781119 16.156429782509804 6.0675740540027601 2.4079087525606155 2.3386274874210349 5.5893440395593643
leaf_count=607 16 341 15 87 15 53 63 28 23 16 15 15 25 24 226 15 15 21 15 16 40 15 27 47 110 41 15 16 38
internal_value=-5.68033e-05 -0.0352181 0.00172657 0.0545165 0.0934799 0.0693125 0.0467673 0.107116 0.0975668 -0.0719201 -0.0688298 0.0972496 0.0971603 0.0979772 0.0970326 -0.068721 -0.0688573 -0.0690903 -0.0699996 -0.0688215 -0.069057 -0.0687643 -0.0691377 -0.0687398 -0.0687755 -0.068797 -0.0702933 -0.068685 -0.0687109
internal_weight=387.896 281.92 134.359 76.8557 105.976 68.804 43.1 25.704 103.401 8.05166 57.503 98.5868 91.296 12.3367 78.9593 54.9385 147.561 19.637 4.79012 127.924 25.0304 102.894 6.33508 96.5587 22.228 14.8469 4.89139 52.5774 11.6569
internal_count=2000 1656 664 277 344 231 150 81 328 46 387 313 290 39 251 372 992 130 30 862 166 696 42 654 150 100 30 357 79
is_linear=0
shrinkage=0.08


Tree=30
num_leaves=28
num_cat=0
split_feature=5 3 3 0 2 0 1 1 0 2 2 1 2 1 0 1 6 6 3 5 1 6 2 0 0 3 2
split_gain=236.049 71.9068 28.6808 16.1667 11.437 7.31942 6.30728 5.88134 2.31613 1.07872 0.0564019 0.042522 0.0218934 0.0218605 0.00788795 0.00890928 0.00151317 0.000677232 0.000373614 0.000674275 0.000279156 8.88704e-05 7.32249e-05 3.75543e-05 2.76246e-05 3.67296e-06 6.30543e-07
threshold=2.1318528699116901 15.585168557084573 2.4831794721981351 84.696414843307849 1.280815452576809 54.781068669324092 395.39666799617652 390.2869832025545 108.81191116301299 1.1735669207409252 1.115408641508483 387.24076764204796 1.2841533712357114 409.59854941339842 66.592874555955703 388.35444483491938 0.574978740179655 0.60130445607685779 6.5004226825522613 0.10452467295480654 340.97206503135709 0.48504766113931419 1.1076023352742199 55.958749496659571 66.9639355950046 117.38713883865792 1.118645267310495
decision_type=2 2 2 2 2 2 2 2 2 2 2 2 2 2 2 2 2 2 2 2 2 2 2 2 2 2 2
left_child=5 2 3 4 7 12 9 -2 -5 23 -4 -10 13 18 15 -12 -16 20 21 -20 -3 -1 -22 -7 -19 -26 -27
right_child=1 17 10 8 -6 6 -8 -9 11 -11 14 -13 -14 -15 16 -17 -18 24 19 -21 22 -23 -24 -25 25 26 -28
leaf_value=-0.068631206934163538 -0.062275122821094667 -0.070235221541356502 0.088161023123177001 0.043569505092744577 0.11194380561195955 -0.06868384610542709 0.079128733696618922 0.033764160073323841 0.10646701497040169 -0.0099407206701627865 0.10165910815484183 0.096721224974381723 -0.076641764243234725 -0.076663427244567664 0.096777616559127255 0.097178706908136375 0.098193313167036236 -0.068984819077310064 -0.068720860293583069 -0.069097776952771361 -0.069677377303342253 -0.069113356847710791 -0.069126815914470105 -0.0691327870777078 -0.068787516973904145 -0.068643669610811239 -0.068687625558999002
leaf_weight=44.9930789321661 17.126619264483459 3.1054831296205538 4.748712331056594 7.355076432228091 3.7256580889224997 2.2077789008617383 3.8953199982643119 5.3575040251016608 4.8962388932704908 3.3820638954639435 4.8163621425628644 6.9073467254638672 2.4033752530813208 2.3216225504875174 109.93135160207748 6.9237607717514038 5.054142862558364 2.5625131577253333 57.001931488513947 65.028884254395962 2.3794371783733368 2.5873511284589759 4.4142984300851822 2.5931945294141769 2.2279991060495368 3.0816777497529966 6.48143669962883
leaf_count=307 101 19 15 24 12 15 13 23 15 16 15 22 11 12 350 22 16 17 386 431 15 17 29 17 15 21 44
internal_value=-3.63932e-05 0.0600794 0.0777952 0.0229504 -0.0178791 -0.0648866 -0.00466139 -0.0393909 0.0788068 -0.0445475 0.0967208 0.100764 -0.0690591 -0.0689531 0.0970415 0.0990168 0.0968398 -0.0690978 -0.0688476 -0.0689217 -0.0696069 -0.0686574 -0.0693196 -0.0689263 -0.0687468 -0.068695 -0.0686735
internal_weight=387.51 201.096 176.843 45.3684 26.2098 186.415 12.0784 22.4841 19.1587 8.18304 131.474 11.8036 174.336 171.933 126.726 11.7401 114.985 24.2528 169.611 122.031 9.89922 47.5804 6.79374 4.80097 14.3536 11.7911 9.56311
internal_count=2000 775 615 197 136 1225 61 124 61 48 418 37 1164 1153 403 37 366 160 1141 817 63 324 44 32 97 80 65
is_linear=0
shrinkage=0.08


Tree=31
num_leaves=25
num_cat=0
split_feature=3 0 6 2 0 5 1 6 5 0 3 6 5 3 2 0 6 2 0 3 1 2 3 0
split_gain=350.284 24.3721 6.29992 4.9566 1.81442 0.157293 0.00123044 0.00077751 0.000991308 0.00318738 0.00422653 0.000793774 0.00053838 0.000505859 0.000195813 7.53545e-05 4.96535e-05 3.44632e-05 3.3365e-05 1.1844e-05 5.26128e-06 6.46251e-06 1.07893e-05 3.08258e-06
threshold=2.5332133851342156 108.81191116301299 0.49688256560458638 1.280815452576809 84.696414843307849 2.5744271535336991 385.496253484043 0.59086320123563218 0.10452467295480654 60.00706085282372 36.257792903644237 0.26055090025288374 2.0342055382204012 23.98154850955984 1.1019984763693798 20.019422080825109 0.43426316295632844 1.1291855438188476 69.345801954542495 28.488715096179011 326.63879263033937 1.2389021791919943 51.177425041706272 42.591046065997908
decision_type=2 2 2 2 2 2 2 2 2 2 2 2 2 2 2 2 2 2 2 2 2 2 2 2
left_child=1 2 3 4 5 -1 -3 8 16 10 12 -12 -10 18 -15 -9 17 19 -11 -2 23 22 -22 -17
right_child=7 6 -4 -5 -6 -7 -8 15 9 13 11 -13 -14 14 -16 20 -18 -19 -20 -21 21 -23 -24 -25
leaf_value=0.09798498602373075 -0.068866124692219866 -0.071133210266996802 -0.0039578167505249116 0.030564375793888394 0.048059178501133684 0.089535084438845336 -0.068870671521975069 -0.068177207180278768 -0.072484907824138467 -0.068892819413751097 -0.07004328048227855 -0.069157960087014123 -0.070917451325386044 -0.069920867843965645 -0.06909489280737463 -0.068501016122277797 -0.069091992622165213 -0.069007244910944093 -0.068695660799967848 -0.068689066590280221 -0.068815435207482623 -0.068539176763537962 -0.068656904744726827 -0.068635360647143123
leaf_weight=135.03505623340607 2.541343316435813 2.6147329807281485 4.4610922485589972 7.8966258317232123 4.987550511956214 15.74263736605644 3.7368040084838867 2.2445540428161612 2.9172296822071067 6.1336649209260932 8.5247085243463498 27.042335093021393 2.7007868587970734 2.8998944759368888 5.0111917108297348 2.1729247123002997 2.28389948606491 2.4072160273790351 52.624428048729897 49.797121748328209 2.9777161180973044 2.6141857802867881 35.550129950046539 2.1995825171470642
leaf_count=428 17 15 15 26 18 49 25 16 16 41 53 178 16 18 33 15 15 16 357 338 20 18 242 15
internal_value=1.78484e-05 0.0840293 0.0898409 0.0923977 0.0955324 0.0971027 -0.0698021 -0.068914 -0.0689963 -0.0691389 -0.0696922 -0.0693702 -0.0717314 -0.0687971 -0.0693977 -0.0686297 -0.0687265 -0.0687113 -0.0687162 -0.0686977 -0.068652 -0.0686609 -0.0686692 -0.0685686
internal_weight=387.117 174.474 168.123 163.662 155.765 150.778 6.35154 212.643 164.884 107.854 41.1851 35.567 5.61802 66.6692 7.91109 47.7591 57.0296 54.7457 58.7581 52.3385 45.5145 41.142 38.5278 4.37251
internal_count=2000 576 536 521 495 477 40 1424 1098 712 263 231 32 449 51 326 386 371 398 355 310 280 262 30
is_linear=0
shrinkage=0.08


Tree=32
num_leaves=29
num_cat=0
split_feature=5 6 3 2 6 3 1 0 6 2 6 1 6 4 0 6 2 2 5 2 2 6 5 2 2 3 1 5
split_gain=214.918 45.5145 26.3557 17.1217 10.0876 10.7779 3.28492 3.54424 4.61097 3.04314 0.499614 0.430706 1.65548 0.355618 0.588128 0.270588 0.0391263 0.318924 0.024845 0.0123314 0.000710558 0.000655957 0.000547601 0.000363569 0.000203621 9.83407e-05 6.70488e-05 6.23314e-05
threshold=0.54493483522515385 0.44445615603327876 6.5004226825522613 1.0774652367884079 0.45620999431827686 40.426448521239223 327.84139274751067 52.437151631191718 0.45620999431827686 1.1479305986524475 0.48128208889528118 338.27831677816749 0.27942156585142158 1.0000000180025095e-35 21.718624605754439 0.29369375044963064 1.1031543632699357 1.0983440818117731 0.21106803656825798 1.1367808407704694 1.1231393919599912 0.63061759267207729 2.1005953413921725 1.1534028287219036 1.1392666115724028 180.90951865417773 350.98899636469724 0.14356836367172285
decision_type=2 2 2 2 2 2 2 2 2 2 2 2 2 2 2 2 2 2 2 2 2 2 2 2 2 2 2 2
left_child=1 2 23 4 5 -2 7 8 -5 13 -3 12 -8 14 -4 -7 17 -13 -12 -9 -14 -6 -18 -1 25 -20 -26 -25
right_child=3 10 9 6 21 15 11 19 -10 -11 18 16 20 -15 -16 -17 22 -19 24 -21 -22 -23 -24 27 26 -27 -28 -29
leaf_value=-0.069351410347945452 -0.074124762152223717 -0.033614772403647748 0.09142845062104149 0.052610583283545564 -0.069319807522328122 0.077031962290943445 -0.0012492088198809478 -0.075645226056391332 -0.0693430233904513 0.025178817497310716 -0.076999941159039617 -0.070950358494365914 -0.069509976105862986 0.074559528146400059 0.11272381567086784 0.10214678036313023 -0.068130295418059289 -0.038491072972138198 -0.068470056963577136 -0.068608942675492265 -0.067911403959350705 -0.067704313399526178 -0.067807029294445903 -0.067865593207402486 -0.068448137554614721 -0.069192540968997046 -0.067827411590378833 -0.06844799207744999
leaf_weight=2.3252068459987631 3.3765682876110104 2.9042065888643256 119.4936613291502 5.2907118797302228 2.7382825165987006 5.6227664649486524 3.0869081020355216 2.7781386375427237 3.1748646199703217 4.5150471180677405 2.8935739099979392 7.7448246330022794 2.317499563097952 7.1362428665161124 8.9196259975433332 5.3654516339302063 54.462861612439156 2.5834905654191971 2.1576708853244764 3.7400665730237961 7.6666916832327843 3.8990747332572937 87.285078808665276 2.5880039930343628 2.1486764401197433 2.733004242181778 2.3121451884508133 2.1557899117469788
leaf_count=15 22 18 397 22 18 18 18 15 21 18 15 52 15 26 29 17 393 17 15 26 56 29 644 19 15 18 17 15
internal_value=9.79713e-05 0.0685883 0.082183 -0.055163 0.0131943 0.050882 -0.063133 -0.027267 0.00687404 0.0897895 -0.0634465 -0.0663871 -0.0524517 0.0919417 0.0929076 0.0892953 -0.0675849 -0.0628311 -0.0705218 -0.0716079 -0.0682825 -0.0683708 -0.0679312 -0.0685319 -0.0685173 -0.0688738 -0.0681264 -0.0681303
internal_weight=363.416 162.283 147.134 201.133 21.0021 14.3648 180.131 14.9838 8.46558 140.065 15.1493 165.147 13.0711 135.55 128.413 10.9882 152.076 10.3283 12.2451 6.51821 9.98419 6.63736 141.748 7.069 9.3515 4.89068 4.46082 4.74379
internal_count=2000 617 519 1383 104 57 1279 84 43 470 98 1195 89 452 426 35 1106 69 80 41 71 47 1037 49 65 33 32 34
is_linear=0
shrinkage=0.08


Tree=33
num_leaves=30
num_cat=0
split_feature=6 3 0 6 3 0 2 3 0 2 2 6 3 1 0 6 5 1 2 0 6 3 2 0 1 3 3 1 2
split_gain=170.579 49.5791 67.7935 19.1589 9.38896 8.1688 14.2403 0.400711 0.030568 0.00405083 0.00219644 0.000995021 0.000904099 0.000552931 0.000342104 0.000229409 0.00082709 0.000595049 0.000303597 0.00286475 0.000185353 0.000153269 0.000350383 0.00012418 0.000119961 0.000112068 0.000102287 9.60375e-06 1.9999e-06
threshold=0.57945119337339823 15.585168557084573 18.016187737038674 0.25348535746080797 15.585168557084573 39.249053016537339 1.1238743592439817 106.61571274570126 19.690761660131709 1.0812486674759063 1.1320347528545687 0.61150667615532395 74.48206733651385 350.61120921057835 25.658819272465117 0.48323125704647946 2.1775640986432205 371.57545474631473 1.2768040296594274 56.63486483070966 0.43637415851164313 11.877380627867216 1.1791667460359252 29.363666189561247 415.04915411140797 2.3897939099155585 2.2831032082494001 348.24161259244931 1.2528887972700602
decision_type=2 2 2 2 2 2 2 2 2 2 2 2 2 2 2 2 2 2 2 2 2 2 2 2 2 2 2 2 2
left_child=1 15 10 9 -2 6 -5 -7 -6 23 20 -10 13 -13 -14 18 17 -17 21 -20 27 24 -23 -4 -1 -18 -21 -3 -27
right_child=4 2 3 5 8 7 -8 -9 11 -11 -12 12 14 -15 -16 16 25 -19 19 26 -22 22 -24 -25 -26 28 -28 -29 -30
leaf_value=-0.067735020265241544 -0.069463261955680505 -0.067703860267954705 -0.068938582874449067 -0.010492220673935775 0.098204659067774216 0.11462817600128455 0.089626711060142306 0.090440494480286363 0.092488083717806549 -0.073151861918108949 -0.070227598602071686 0.092835708398238792 0.091778467510989378 0.091711624443513981 0.091318332295532129 -0.068121078099110527 -0.068282946294835153 -0.069974603242927577 -0.070576083154033478 -0.068224106316782898 -0.06846845606985745 -0.068989735926431511 -0.067705052842660998 -0.069777614884103153 -0.068091635139537518 -0.067760096008081597 -0.067714117623872805 -0.06787544736694176 -0.067690676360052326
leaf_weight=81.682649679481983 2.3634217828512183 45.848005697131157 2.3751427531242362 18.542557045817375 4.6631352603435507 5.2948089092969921 17.839714139699936 25.469362884759903 6.9828656613826743 2.9383237063884735 2.3879493176937094 4.5687322020530683 12.368935763835905 7.2366569042205811 63.07691365480423 2.0895920693874386 2.9652870148420325 2.3609562963247299 2.6688253134489086 2.9439037293195751 2.1646133959293357 2.1714163720607749 3.6303381770849228 2.1516807228326797 6.5187803357839575 5.5413250327110273 17.356480084359646 2.1872126013040534 5.1008182615041733
leaf_count=607 16 341 16 75 15 17 57 82 23 16 15 15 41 24 210 15 21 15 16 21 15 15 27 14 47 41 129 16 38
internal_value=-7.51678e-05 -0.0341305 0.00170979 0.0507419 0.0881163 0.0642589 0.0386002 0.0946034 0.091882 -0.0708388 -0.0678571 0.0915692 0.0914956 0.0921466 0.0913938 -0.0678923 -0.0681576 -0.0691043 -0.0678513 -0.068112 -0.0677443 -0.0677876 -0.0681859 -0.0693374 -0.0677614 -0.067848 -0.0677881 -0.0677117 -0.0677268
internal_weight=363.49 262.23 127.199 74.6116 101.261 67.1464 36.3823 30.7642 98.8972 7.46515 52.5878 94.2341 87.2512 11.8054 75.4458 135.03 18.058 4.45055 116.972 22.9692 50.1998 94.0032 5.80175 4.52682 88.2014 13.6074 20.3004 48.0352 10.6421
internal_count=2000 1656 664 277 344 231 132 99 328 46 387 313 290 39 251 992 130 30 862 166 372 696 42 30 654 100 150 357 79
is_linear=0
shrinkage=0.08


Tree=34
num_leaves=28
num_cat=0
split_feature=0 3 3 0 2 1 1 2 0 6 0 2 2 1 0 2 6 3 5 6 2 6 1 0 2 2 1
split_gain=206.215 67.2027 33.3642 16.5279 10.0888 6.09469 2.48124 4.14172 0.573224 0.358882 0.0814224 0.0771013 0.0203938 0.0170724 0.00477045 0.000777676 0.000512688 0.000404208 0.000705248 0.00210351 0.000220212 0.000120526 8.67907e-05 5.07034e-05 4.18828e-05 1.95636e-05 1.28147e-06
threshold=54.781068669324092 15.585168557084573 2.4831794721981351 83.077234892710734 1.2218549893343686 373.92183240764609 385.09569505633755 1.2105893437480453 59.042743918427284 0.45066514543519792 142.9599831940811 1.1198308422349739 1.2841533712357114 409.59854941339842 62.693707023028139 1.2076175364669635 0.57945119337339823 6.5004226825522613 0.10452467295480654 0.59086320123563218 1.1367808407704694 0.48504766113931419 358.05629353098919 61.110568094063893 1.1291855438188476 1.1251308774407247 357.89772287073265
decision_type=2 2 2 2 2 2 2 2 2 2 2 2 2 2 2 2 2 2 2 2 2 2 2 2 2 2 2
left_child=12 2 3 4 9 -6 7 -5 -4 -2 -8 -10 13 17 -13 16 20 21 24 -20 22 25 -3 -18 -19 -1 -25
right_child=1 15 8 6 5 -7 10 -9 11 -11 -12 14 -14 -15 -16 -17 23 18 19 -21 -22 -23 -24 26 -26 -27 -28
leaf_value=-0.067529540107499328 -0.069459809600338249 -0.069259474064632523 0.11903970719460301 -0.021232474010105702 -0.033458449176434903 0.079396762820709482 0.10543092783389602 0.088273931509069176 0.080775628968803886 -0.035716594025836115 0.091281297692838562 0.093499289546011721 -0.075562189796207088 -0.075045496643774259 0.09125570659540358 -0.069598867031627723 -0.068105178796185148 -0.067733317206746149 -0.068581914552260925 -0.067627508087742899 -0.068107245662185067 -0.068228051334465203 -0.068564350503429808 -0.067689054562285092 -0.068088975008400943 -0.067670421036366918 -0.067741722497696111
leaf_weight=7.7867250293493262 14.281047821044927 2.4388106763362938 4.8433906733989707 3.9237600266933459 5.4048707485198957 7.0669756829738617 4.7859261929988843 5.0623171180486679 4.5586843788623801 2.3490599691867819 5.7057443261146545 6.4079352617263785 2.3043977320194236 2.1594996601343146 113.44410479068756 2.3167967349290839 2.5109013170003882 49.885810002684593 32.752187721431255 26.932936310768127 3.7639996558427811 2.3904341459274283 2.1745393127202988 7.2493652999401075 2.2131083607673636 33.23048210144043 4.9929690808057785
leaf_count=59 96 16 15 15 25 24 15 16 15 15 19 21 11 12 378 15 18 370 229 202 27 17 15 54 16 248 37
internal_value=-4.65771e-05 0.0533948 0.0707948 0.0142728 -0.0239023 0.0304892 0.0713107 0.0404581 0.0920384 -0.0646935 0.0977359 0.0909873 -0.0680908 -0.0679813 0.0913757 -0.0682015 -0.0680615 -0.067883 -0.0679635 -0.0681512 -0.0685613 -0.0676759 -0.0689318 -0.0677777 -0.0677484 -0.0676437 -0.0677105
internal_weight=362.937 203.281 177.834 48.5797 29.102 12.4718 19.4777 8.98608 129.254 16.6301 10.4917 124.411 159.656 157.351 119.852 25.4474 23.1306 155.192 111.784 59.6851 8.37735 43.4076 4.61335 14.7532 52.0989 41.0172 12.2423
internal_count=2000 836 654 225 160 49 65 31 429 111 34 414 1164 1153 399 182 167 1141 817 431 58 324 31 109 386 307 91
is_linear=0
shrinkage=0.08


Tree=35
num_leaves=26
num_cat=0
split_feature=3 0 1 6 2 0 1 6 5 0 3 6 2 5 3 3 0 2 6 1 1 0 2 2 3
split_gain=303.477 20.4581 6.26514 4.51177 1.26597 0.517193 0.000881637 0.000779212 0.000991489 0.00329549 0.00401998 0.000710839 0.000577331 0.00047981 0.000133067 8.90996e-05 6.5008e-05 4.20672e-05 4.15315e-05 9.34393e-06 3.40077e-06 3.23186e-06 2.76285e-06 2.01633e-06 4.11453e-06
threshold=2.5332133851342156 108.81191116301299 421.47565451484456 0.49392809823246425 1.280815452576809 75.088779009115299 385.496253484043 0.59086320123563218 0.10452467295480654 60.00706085282372 36.257792903644237 0.26055090025288374 1.104128564748138 2.0342055382204012 218.62768853036596 14.762725060944607 20.019422080825109 1.1291855438188476 0.43426316295632844 348.24161259244931 347.37027742329326 25.997110314281343 1.1218613698564439 1.225069822351778 57.194243151329843
decision_type=2 2 2 2 2 2 2 2 2 2 2 2 2 2 2 2 2 2 2 2 2 2 2 2 2
left_child=1 2 3 4 5 -1 -3 8 17 10 13 -12 14 -10 -11 -14 -9 18 19 -2 21 -18 -23 24 -22
right_child=7 6 -4 -5 -6 -7 -8 16 9 12 11 -13 15 -15 -16 -17 20 -19 -20 -21 23 22 -24 -25 -26
leaf_value=0.091698933418038892 -0.067715423571039768 -0.069862507443451197 -0.013054501046756817 0.007451735508873545 0.05405549836641553 0.072324206067299418 -0.067861051667273103 -0.067210268672641599 -0.071555728473008492 -0.068254336473631758 -0.069101154951893146 -0.068229804950930159 -0.067716788082329199 -0.070025237735916651 -0.069121446248158108 -0.068054599836782498 -0.067567864036545119 -0.068094530733681588 -0.068087101249562632 -0.06788986330791924 -0.067798180837646091 -0.067612465858375687 -0.067685418050659238 -0.067616351339607056 -0.067687940519212564
leaf_weight=137.75421580672264 45.765090495347977 2.3995961546897879 4.1400757879018775 4.4744785726070395 6.3789544105529776 9.4208636134862882 3.4105972498655319 2.0350738987326613 2.7389095425605765 2.2616674304008475 7.890723153948783 24.900198221206665 50.879326015710831 2.5145013183355331 2.2690059244632721 5.5411765575408927 2.7844674587249783 2.2141796648502341 2.0917152762413016 2.0534335672855368 2.4425386041402879 4.92806053161621 10.197689287364481 1.9959581047296513 19.194127038121223
leaf_count=455 340 15 15 15 20 31 25 16 16 16 53 178 378 16 15 40 21 16 15 15 18 37 76 15 143
internal_value=2.37755e-05 0.0788093 0.0840939 0.086639 0.0889465 0.0904587 -0.0686876 -0.0679498 -0.0680357 -0.0681844 -0.0687686 -0.0684395 -0.0678197 -0.0708232 -0.0686886 -0.06775 -0.0676517 -0.0677533 -0.0677382 -0.0677229 -0.0676734 -0.0676471 -0.0676616 -0.0676933 -0.0677004
internal_weight=362.677 167.979 162.169 158.029 153.554 147.175 5.81019 194.698 151.12 98.9955 38.0443 32.7909 60.9512 5.25341 4.53067 56.4205 43.5779 52.1244 49.9102 47.8185 41.5428 17.9102 15.1257 23.6326 21.6367
internal_count=2000 576 536 521 506 486 40 1424 1098 712 263 231 449 32 31 418 326 386 370 355 310 134 113 176 161
is_linear=0
shrinkage=0.08


Tree=36
num_leaves=29
num_cat=0
split_feature=5 6 3 2 6 3 1 0 6 2 6 1 6 4 0 6 2 2 5 2 6 2 5 2 2 6 1 5
split_gain=186.058 38.9493 22.3444 15.4291 8.8107 9.22487 3.27346 3.31392 4.10091 3.06693 0.491324 0.444983 1.60279 0.357696 0.444919 0.272915 0.0456948 0.398816 0.0204334 0.00942934 0.000582772 0.000573308 0.000487884 0.000246301 0.000190523 9.97689e-05 4.6536e-05 3.80654e-05
threshold=0.54493483522515385 0.44445615603327876 6.5004226825522613 1.0774652367884079 0.45620999431827686 40.426448521239223 327.84139274751067 52.437151631191718 0.45620999431827686 1.148769487542596 0.48128208889528118 338.27831677816749 0.27942156585142158 1.0000000180025095e-35 21.718624605754439 0.29369375044963064 1.1031543632699357 1.0991261191854929 0.21106803656825798 1.1367808407704694 0.63061759267207729 1.1231393919599912 2.1005953413921725 1.1534028287219036 1.1392666115724028 0.71835609691802349 350.98899636469724 0.14356836367172285
decision_type=2 2 2 2 2 2 2 2 2 2 2 2 2 2 2 2 2 2 2 2 2 2 2 2 2 2 2 2
left_child=1 2 23 4 5 -2 7 8 -5 13 -3 12 -8 14 -4 -7 17 -13 -12 -9 -6 -14 -18 -1 25 -20 -26 -25
right_child=3 10 9 6 20 15 11 19 -10 -11 18 16 21 -15 -16 -17 22 -19 24 -21 -22 -23 -24 27 26 -27 -28 -29
leaf_value=-0.068273193703946453 -0.07304516055652116 -0.031812064027744648 0.086764773552102187 0.049759832555921001 -0.068419192198632017 0.071086673366138997 -0.00012629129779533407 -0.074075974463691588 -0.068403397681173997 0.017318053444542566 -0.075593755461290102 -0.069863187157474929 -0.068541636492101141 0.069348153313863042 0.10551603545348438 0.096709377777124184 -0.067257340127896359 -0.030006038760176879 -0.068329625757314716 -0.067667959901747898 -0.066829607684934789 -0.067044360714485343 -0.066937970032940566 -0.06700446164820377 -0.067478661661076439 -0.067575787806758505 -0.066936645102304418 -0.067481163853611234
leaf_weight=2.1223759204149237 3.1094304770231274 2.7556533962488166 113.56822988390923 5.2948309779167158 2.5279581621289244 5.4562415480613691 3.0151881277561179 2.5775756537914267 2.9143704921007156 4.160244643688201 2.6856596395373336 7.5003498047590238 2.1362856701016408 6.8749851882457724 8.7202507108449918 5.1921678185462952 49.764830201864243 2.044740617275238 2.2541688904166204 3.4191257134079933 3.5474619939923286 6.9983723238110542 79.547154031693935 2.3606442660093307 1.9566157609224317 2.2403504103422165 2.1038403809070587 1.9639529958367345
leaf_count=15 22 18 398 22 18 18 18 15 21 17 15 55 15 26 29 17 393 14 16 26 29 56 644 19 15 17 17 15
internal_value=0.000116923 0.0651512 0.0778923 -0.0539243 0.0127479 0.0481811 -0.0619281 -0.0252138 0.00781039 0.0849261 -0.0620847 -0.065382 -0.0507008 0.0871037 0.0881019 0.0835803 -0.0666666 -0.061325 -0.0695061 -0.0704223 -0.067491 -0.0673945 -0.0670609 -0.0675674 -0.067595 -0.0679539 -0.0671978 -0.0672209
internal_weight=338.813 153.767 139.771 185.046 19.8333 13.7578 165.213 14.2059 8.2092 133.324 13.9963 151.007 12.1498 129.163 122.288 10.6484 138.857 9.54509 11.2406 5.9967 6.07542 9.13466 129.312 6.44697 8.55498 4.49452 4.06046 4.3246
internal_count=2000 617 519 1383 104 57 1279 84 43 470 98 1195 89 453 427 35 1106 69 80 41 47 71 1037 49 65 33 32 34
is_linear=0
shrinkage=0.08


Tree=37
num_leaves=29
num_cat=0
split_feature=6 3 0 6 3 4 2 1 0 2 2 6 3 1 1 6 0 2 0 0 6 3 1 0 3 3 1 2
split_gain=146.459 44.8734 58.981 16.4486 7.98471 7.40388 8.23812 0.093084 0.0198781 0.00378749 0.00262372 0.000654134 0.00056517 0.000346212 0.00026058 0.000228029 0.00115206 0.000301923 0.00304655 0.000215342 0.000193318 0.000186967 0.00016682 0.000432362 0.000179891 0.000110637 7.57383e-06 2.96714e-06
threshold=0.57945119337339823 15.585168557084573 18.016187737038674 0.25348535746080797 15.585168557084573 1.0000000180025095e-35 1.1218613698564439 359.98903518579215 19.690761660131709 1.0839465759969216 1.1347126309585029 0.61150667615532395 74.48206733651385 350.61120921057835 327.1550312623279 0.49231634421405485 61.110568094063893 1.280815452576809 56.63486483070966 25.658819272465117 0.43637415851164313 2.3897939099155585 418.15819390815352 72.496298043571613 11.877380627867216 2.0279621027339192 348.06889669905962 1.1768802716940114
decision_type=2 2 2 2 2 2 2 2 2 2 2 2 2 2 2 2 2 2 2 2 2 2 2 2 2 2 2 2
left_child=1 15 10 9 -2 6 -5 -7 -6 14 20 -10 13 -13 -4 17 -17 22 -19 -14 26 -18 24 -24 -1 -20 -3 -23
right_child=4 2 3 5 8 7 -8 -9 11 -11 -12 12 19 -15 -16 16 21 18 25 -21 -22 27 23 -25 -26 -27 -28 -29
leaf_value=-0.066868058938441818 -0.068424037026382625 -0.066830345002167224 -0.06792949571949157 0.0059906828692775143 0.092395650241928848 0.09879019239270552 0.077999789094384014 0.088260830358483311 0.087685104543499634 -0.072519547097178588 -0.069933602573920006 0.087947105512898846 0.087089404963624106 0.087033381185090256 -0.069130607532615976 -0.069006754048212382 -0.067655792671148254 -0.069935997431052138 -0.067417061970984821 0.086714173406856429 -0.067642222986858708 -0.066927940684792422 -0.068265233447812865 -0.066861600557769144 -0.067391610071157862 -0.066840685777685607 -0.066985453086965255 -0.066813860696248326
leaf_weight=78.186404868960381 2.1592157483100882 41.962777011096478 2.2974513173103324 21.962058648467064 4.4549591541290274 15.977088630199434 18.933932900428772 8.0964052081108075 6.6195886135101309 2.2773899286985397 1.8647663444280613 4.3325711786746961 11.709253728389738 6.8498813211917877 2.3266925066709518 2.2161535322666159 2.2544353455305091 2.4165314137935665 2.4552862867713001 59.667042791843414 1.9986359924077977 1.8550841957330684 2.0872275009751311 4.2937700524926186 4.4386648237705222 16.158230297267437 2.1163918897509566 6.8365271463990211
leaf_count=638 16 343 17 87 15 53 63 28 23 13 12 15 41 24 16 15 17 15 19 210 15 15 15 35 35 132 17 56
internal_value=-0.000103319 -0.033127 0.00173239 0.0475758 0.083673 0.0600495 0.0393293 0.095249 0.0871805 -0.0698491 -0.0669917 0.0869199 0.0868586 0.0873874 -0.0685338 -0.0670287 -0.0673434 -0.066991 -0.0672637 0.0867757 -0.0668727 -0.0670066 -0.0669266 -0.0673207 -0.0668962 -0.0669167 -0.0668378 -0.0668382
internal_weight=338.804 243.012 119.814 71.871 95.7925 64.9695 40.896 24.0735 93.6333 6.90153 47.9426 89.1783 82.5587 11.1825 4.62414 123.198 13.1622 110.036 21.03 71.3763 46.0778 10.946 89.0061 6.381 82.6251 18.6135 44.0792 8.69161
internal_count=2000 1656 664 277 344 231 150 81 328 46 387 313 290 39 33 992 103 889 166 251 375 88 723 50 673 151 360 71
is_linear=0
shrinkage=0.08


Tree=38
num_leaves=28
num_cat=0
split_feature=0 3 3 0 2 1 1 2 0 6 2 0 2 1 0 2 6 3 5 6 2 6 2 1 2 0 6
split_gain=180.956 57.6435 28.091 13.7156 9.28183 5.16183 2.27103 3.5723 0.381566 0.369596 0.078258 0.0682303 0.0180887 0.0160045 0.0032857 0.000538854 0.000412816 0.000339552 0.000704936 0.00202923 0.000187651 0.000129981 0.000105357 6.87121e-05 6.26496e-05 3.54275e-05 8.95312e-07
threshold=54.781068669324092 15.585168557084573 2.4831794721981351 83.077234892710734 1.2218549893343686 373.92183240764609 385.09569505633755 1.2105893437480453 59.042743918427284 0.45066514543519792 1.1198308422349739 142.9599831940811 1.2864633874720737 409.59854941339842 62.693707023028139 1.2076175364669635 0.57945119337339823 6.5004226825522613 0.10452467295480654 0.59086320123563218 1.1367808407704694 0.48504766113931419 1.2648794475192584 358.05629353098919 1.1291855438188476 61.110568094063893 0.66238869058509009
decision_type=2 2 2 2 2 2 2 2 2 2 2 2 2 2 2 2 2 2 2 2 2 2 2 2 2 2 2
left_child=12 2 3 4 9 -6 7 -5 -4 -2 -10 -8 13 17 -12 16 20 21 24 -20 23 22 -1 -3 -19 -18 -27
right_child=1 15 8 6 5 -7 11 -9 10 -11 14 -13 -14 -15 -16 -17 25 18 19 -21 -22 -23 -24 -25 -26 26 -28
leaf_value=-0.06676832539700428 -0.068494594188429903 -0.068289805829925984 0.10944688618519482 -0.020559715612134367 -0.03072557898760854 0.074107964088997474 0.099898559451314331 0.082030205184763338 0.075848177266136796 -0.033231384945114212 0.088580843716375757 0.08667682693334243 -0.07507419976853609 -0.074191330393559213 0.086669862831621855 -0.06850126145439718 -0.067181433433007934 -0.066864743992463546 -0.067744938962248882 -0.066764911510519109 -0.067190368909760406 -0.067431798364738754 -0.06737657721180515 -0.067644363685884085 -0.067318153389836446 -0.066878302804185122 -0.066823626996266955
leaf_weight=35.699667535722256 13.057076647877695 2.2456809580326142 4.7705866098403922 3.8594815880060214 5.1942647695541364 7.1350759863853455 4.6506002247333509 4.9691815078258514 4.3581894338130942 2.2266199588775626 6.0848527550697318 5.3965035676956177 1.8595944046974171 2.0271884128451338 107.30321276187897 2.1156810969114295 2.2862020358443251 45.434439435601234 30.161835975944996 24.509770818054676 3.4286206290125847 2.201657958328723 1.9205933809280384 1.9919085204601286 2.0378487035632125 2.4600174501538268 8.6792569085955602
leaf_count=294 96 16 15 15 25 24 15 16 15 15 21 19 9 12 378 15 18 370 229 202 27 17 15 15 16 20 71
internal_value=-4.35562e-05 0.0509414 0.0671758 0.0142281 -0.0216986 0.0299423 0.0667847 0.0371827 0.0872667 -0.0633572 0.0863681 0.0927969 -0.0672345 -0.0671333 0.0867724 -0.0672841 -0.067162 -0.0670325 -0.0671097 -0.0673056 -0.0676304 -0.0668343 -0.0667994 -0.0679864 -0.0668842 -0.0668946 -0.0668357
internal_weight=338.066 192.213 169.006 46.4888 27.613 12.3293 18.8758 8.82866 122.517 15.2837 117.746 10.0471 145.853 143.993 113.388 23.2074 21.0917 141.966 102.144 54.6716 7.66621 39.8219 37.6203 4.23759 47.4723 13.4255 11.1393
internal_count=2000 836 654 225 160 49 65 31 429 111 414 34 1164 1155 399 182 167 1143 817 431 58 326 309 31 386 109 91
is_linear=0
shrinkage=0.08


Tree=39
num_leaves=24
num_cat=0
split_feature=3 0 1 6 2 0 1 6 5 0 3 6 2 5 3 3 2 6 0 1 1 6 3
split_gain=263.579 17.4222 5.45684 4.1462 1.31226 0.545412 0.000827567 0.000692222 0.000867292 0.00306763 0.00312256 0.000561551 0.000503369 0.000485838 0.000101199 6.86732e-05 6.29233e-05 5.73534e-05 4.49404e-05 7.13035e-06 2.60324e-06 6.38518e-06 3.06054e-06
threshold=2.5332133851342156 108.81191116301299 421.47565451484456 0.49392809823246425 1.280815452576809 75.088779009115299 385.496253484043 0.59086320123563218 0.10452467295480654 60.00706085282372 36.257792903644237 0.26055090025288374 1.104128564748138 2.0342055382204012 218.62768853036596 14.762725060944607 1.1291855438188476 0.43426316295632844 20.019422080825109 348.06889669905962 381.0517101309552 0.61150667615532395 43.720929547172766
decision_type=2 2 2 2 2 2 2 2 2 2 2 2 2 2 2 2 2 2 2 2 2 2 2
left_child=1 2 3 4 5 -1 -3 8 16 10 13 -12 14 -10 -11 -14 17 19 -9 -2 21 -20 -23
right_child=7 6 -4 -5 -6 -7 -8 18 9 12 11 -13 15 -15 -16 -17 -18 -19 20 -21 -22 22 -24
leaf_value=0.087003276466988327 -0.066842918053638428 -0.068972745768918223 -0.012103521850259794 0.0055096258086821523 0.048607628908349632 0.067007931798011733 -0.06695260339127429 -0.066401326086393639 -0.070543465540162845 -0.067390810832354917 -0.068206514412152697 -0.067399605017707837 -0.066841537503337531 -0.068939237447146431 -0.068179354064796416 -0.067152196523903293 -0.067323218965803275 -0.0672957853867307 -0.066935362129805859 -0.06699776078194189 -0.06689756161968631 -0.066891864431118914 -0.066785978327711562
leaf_weight=130.77176159620285 41.533049188554287 2.2332908213138571 4.0721548944711676 4.4317260831594458 6.3936371207237235 9.3552443385124189 3.098423644900322 1.8522487357258786 2.5457155331969252 2.0762841477990142 7.2736569121480015 22.891141295433044 46.296408414840698 2.2995871305465698 2.0901976227760315 5.0509098619222632 2.0388469547033301 1.9290692061185826 2.104812264442443 1.9947178214788426 1.8464544937014569 1.8478902578353871 32.007045477628708
leaf_count=455 339 15 15 15 20 31 25 16 16 16 53 178 378 16 15 40 16 15 17 16 15 15 263
internal_value=2.99238e-05 0.0743898 0.0792801 0.0817453 0.0840511 0.0856683 -0.0677988 -0.0670806 -0.0671653 -0.0673106 -0.067897 -0.0675942 -0.0669407 -0.0697821 -0.0677864 -0.0668721 -0.0668884 -0.0668689 -0.0667861 -0.06685 -0.0668049 -0.0668002 -0.0667918
internal_weight=338.034 160.356 155.025 150.952 146.521 140.127 5.33171 177.678 138.02 90.5239 35.0101 30.1648 55.5138 4.8453 4.16648 51.3473 47.4957 45.4568 39.6585 43.5278 37.8062 35.9597 33.8549
internal_count=2000 576 536 521 506 486 40 1424 1098 712 263 231 449 32 31 418 386 370 326 355 310 295 278
is_linear=0
shrinkage=0.08


Tree=40
num_leaves=28
num_cat=0
split_feature=5 6 3 2 1 6 2 1 0 6 4 1 6 2 0 2 2 0 1 2 2 5 2 3 2 1 5
split_gain=161.684 33.6351 19.6832 13.8951 7.82628 6.80444 4.29933 3.24211 3.09756 3.64824 0.559536 0.460589 1.55371 0.443261 0.3422 0.0543903 0.406501 0.0153353 0.00833462 0.00777867 0.000469676 0.000438191 0.000283693 0.000186473 0.000168329 7.06103e-05 3.39023e-05
threshold=0.54493483522515385 0.44846936668611254 6.5004226825522613 1.0774652367884079 351.30245647051782 0.45620999431827686 1.1516694815851138 327.84139274751067 52.437151631191718 0.45620999431827686 1.0000000180025095e-35 338.27831677816749 0.27942156585142158 1.0564396451472307 21.718624605754439 1.1031543632699357 1.0991261191854929 18.865205549377901 358.52142040197066 1.1367808407704694 1.1231393919599912 2.1005953413921725 1.1392666115724028 180.90951865417773 1.1534028287219036 344.59115921307733 0.1627879603673025
decision_type=2 2 2 2 2 2 2 2 2 2 2 2 2 2 2 2 2 2 2 2 2 2 2 2 2 2 2
left_child=1 2 24 4 5 13 10 8 9 -5 14 12 -9 -2 -4 16 -13 -3 -6 -10 -14 -17 23 -19 -1 -24 -26
right_child=3 17 6 7 18 -7 -8 11 19 -11 -12 15 20 -15 -16 21 -18 22 -20 -21 -22 -23 25 -25 26 -27 -28
leaf_value=-0.067320781134206448 0.088881823841224894 -0.074132185922889851 0.083082731553862865 0.047033546701730843 -0.072894593127171212 -0.066902729034242353 -0.0047108110362384112 0.00099212088878775496 -0.072887152648115378 -0.067598435527222667 0.060679130375237422 -0.068903683935005497 -0.067690285038150888 0.055776794461491232 0.099794474096223745 -0.066486607264660769 -0.027473363788561321 -0.066743398911279797 -0.066420592126271452 -0.066824004042105228 -0.066275823111973678 -0.06616945750260364 -0.066794933074952059 -0.067747202695061362 -0.066218386200578766 -0.066148353418883712 -0.066679188047000931
leaf_weight=1.93137528002262 5.975881904363634 2.3228630498051634 108.02671866118908 5.2926581650972349 2.0541334226727477 2.743058316409587 3.6840118914842597 2.9442001879215232 2.3952221125364304 2.674856886267662 6.7950389683246604 6.8830929771065694 1.9659816473722438 4.5665964186191559 8.4556237459182721 45.373592332005501 1.9436732456088064 2.1634449735283834 3.3453917726874352 3.1158910319209099 6.3721021264791489 72.322669439017773 1.8056704327464101 2.6172278895974159 2.3680981323122978 2.6932087615132332 1.7974230125546453
leaf_count=15 21 14 402 22 15 23 17 18 15 21 27 55 15 16 29 393 14 18 29 26 56 644 15 20 21 24 15
internal_value=0.000152184 0.0623154 0.0737065 -0.052755 0.0123308 0.045338 0.0804492 -0.0607937 -0.0233467 0.00854926 0.0829941 -0.0644564 -0.0489682 0.074542 0.0842959 -0.0658375 -0.0597806 -0.068319 -0.0688835 -0.0694592 -0.0666093 -0.0662917 -0.0668638 -0.0672929 -0.0667035 -0.0664079 -0.0664172
internal_weight=314.63 144.661 133.058 169.969 18.6851 13.2855 126.961 151.284 13.4786 7.96752 123.277 137.805 11.2823 10.5425 116.482 126.523 8.82677 11.6024 5.39953 5.51111 8.33808 117.696 9.27955 4.78067 6.0969 4.49888 4.16552
internal_count=2000 617 526 1383 104 60 475 1279 84 43 458 1195 89 37 431 1106 69 91 44 41 71 1037 77 38 51 39 36
is_linear=0
shrinkage=0.08


Tree=41
num_leaves=31
num_cat=0
split_feature=6 3 0 3 6 4 5 1 6 0 2 2 2 6 6 0 3 6 2 0 6 1 1 0 3 3 3 2 4 0
split_gain=126.315 33.0475 45.643 22.0849 13.2312 7.28438 8.43767 0.0627696 0.0290345 0.00456857 0.00374644 0.00355459 0.00242755 0.000503169 0.000394675 0.00100325 0.000319226 0.000282794 0.000264399 0.00261575 0.00019901 0.000186204 0.000183386 0.000477187 0.000145209 0.000116466 3.74666e-05 1.83791e-05 1.26899e-05 4.53966e-07
threshold=0.53393550074746365 15.585168557084573 18.016187737038674 15.585168557084573 0.25348535746080797 1.0000000180025095e-35 1.1844565505960813 359.98903518579215 0.59086320123563218 20.019422080825109 1.08452583755586 1.1376776011247427 1.1347126309585029 0.58476110277634985 0.49231634421405485 68.98007023332984 57.194243151329843 0.61150667615532395 1.280815452576809 56.63486483070966 0.43637415851164313 327.1550312623279 418.15819390815352 72.496298043571613 11.877380627867216 2.0279621027339192 5.3358674981035259 1.2357913994559395 1.0000000180025095e-35 121.1522260117615
decision_type=2 2 2 2 2 2 2 2 2 2 2 2 2 2 2 2 2 2 2 2 2 2 2 2 2 2 2 2 2 2
left_child=1 14 12 13 10 6 -6 -7 11 -10 21 -5 20 26 18 -16 -11 -18 22 -20 28 -4 24 -24 -1 -21 -2 -17 -3 -28
right_child=3 2 4 8 5 7 -8 -9 9 16 -12 -13 -14 -15 15 27 17 -19 19 25 -22 -23 23 -25 -26 -27 29 -29 -30 -31
leaf_value=-0.066100659276909793 -0.066502009608832222 -0.066055049950320729 -0.067153897464930029 0.089705872381494259 -0.0010489548172484726 0.093844456072339308 0.077914276573440744 0.084339313667103011 0.085700317810626758 0.083546432039975776 -0.071849347990839071 0.086431902588035001 -0.069154125975791625 -0.06781424612866381 -0.068145549987774376 -0.066352389553856944 0.083636524473778465 0.082969558938713495 -0.069046852221248733 -0.066684794825543264 -0.066915388308968982 -0.068197769448518172 -0.067614331359959257 -0.066081083733603191 -0.066593773497490696 -0.066067364456246364 -0.066014544961672833 -0.066034402777569015 -0.066270837591117293 -0.066073665382219385
leaf_weight=71.024472892284393 1.744494467973708 38.187947280704975 2.2442859932780257 4.3293155729770643 21.342973738908768 13.915166497230532 14.575053215026854 6.534450650215148 4.424512267112731 7.8218140602111808 1.9895547479391096 4.1633833646774292 1.7373991832137097 1.6388949453830717 2.4683174118399611 1.952847324311733 4.3230940699577323 69.107718378305435 2.2609422057867077 2.2560221701860455 1.8419072404503811 2.1330989226698875 1.9491801410913456 3.895214632153511 4.039240449666976 14.666204661130903 1.6559049934148791 2.8771836459636688 1.8276328369975079 1.6691242828965185
leaf_count=638 15 344 18 15 87 48 50 24 16 29 12 15 12 13 18 17 16 259 15 19 15 16 15 35 35 132 15 26 16 15
internal_value=-0.000135619 -0.0349627 -0.0033478 0.0736485 0.0403455 0.0526932 0.0309933 0.0908072 0.0836392 0.0831969 -0.0689709 0.0881009 -0.066224 -0.0665957 -0.0662655 -0.0668335 0.0830606 0.0830088 -0.0662241 -0.0664911 -0.0661023 -0.0676626 -0.0661608 -0.0665924 -0.0661272 -0.0661497 -0.0662018 -0.066163 -0.0660649 -0.0660442
internal_weight=314.597 213.719 106.329 100.878 62.7346 56.3676 35.918 20.4496 94.1698 85.6771 6.36694 8.4927 43.5949 6.70842 107.39 7.29835 81.2526 73.4308 100.091 19.1832 41.8575 4.37738 80.9081 5.84439 75.0637 16.9222 5.06952 4.83003 40.0156 3.32503
internal_count=2000 1592 642 408 255 209 137 72 350 320 46 30 387 58 950 61 304 275 889 166 375 34 723 50 673 151 45 43 360 30
is_linear=0
shrinkage=0.08


Tree=42
num_leaves=30
num_cat=0
split_feature=0 3 3 0 2 1 1 2 6 0 0 2 1 0 1 2 6 3 5 6 0 1 2 6 2 2 0 0 3
split_gain=159.018 49.8235 23.9042 12.4748 8.74192 4.37949 2.09384 3.1976 0.395571 0.246286 0.0708412 0.0152522 0.0149935 0.0023612 0.00276681 0.0010264 0.000433028 0.000328116 0.000693901 0.00193968 0.000228577 0.000218986 0.000157547 0.000146173 0.00010033 7.44548e-05 2.57642e-05 7.50666e-06 1.1998e-06
threshold=54.781068669324092 15.585168557084573 2.5332133851342156 83.077234892710734 1.2218549893343686 373.92183240764609 385.09569505633755 1.2105893437480453 0.45066514543519792 59.042743918427284 128.87203524203912 1.2864633874720737 409.59854941339842 66.592874555955703 396.13619377328604 1.1280059144029526 0.57945119337339823 6.5004226825522613 0.10452467295480654 0.59086320123563218 60.00706085282372 340.97206503135709 1.1110528296882973 0.48504766113931419 1.2648794475192584 1.1291855438188476 73.887632594842827 66.9639355950046 113.29248186879319
decision_type=2 2 2 2 2 2 2 2 2 2 2 2 2 2 2 2 2 2 2 2 2 2 2 2 2 2 2 2 2
left_child=11 2 3 4 8 -6 7 -5 -2 -4 -8 12 17 14 -11 -15 21 23 25 -20 -18 -3 -23 24 -1 -19 -24 -22 -29
right_child=1 16 9 6 5 -7 10 -9 -10 13 -12 -13 -14 15 -16 -17 20 18 19 -21 27 22 26 -25 -26 -27 -28 28 -30
leaf_value=-0.065997220088128167 -0.068240879140743685 -0.067651855878059497 0.10181921688668118 -0.019894213178451733 -0.028024157421090611 0.069554065190244097 0.096101211145387139 0.077031784252489383 -0.030740983950078737 0.085570147661321025 0.082786547074573877 -0.073872164193589468 -0.073430252027291115 0.084113649133557344 0.082876407782146805 0.082819101749701279 -0.067005770034924278 -0.066094934189477067 -0.067002130071540253 -0.065998976531805142 -0.066231568909246863 -0.067290669382663565 -0.066600077186108331 -0.066728864959728199 -0.066618358482066681 -0.066611151697924142 -0.066163548103104694 -0.066121321796739227 -0.066048593273607722
leaf_weight=32.374994315207005 12.207946918904783 2.2328382208943394 4.6342489123344413 3.7940744310617465 4.992078945040701 7.1742113679647446 4.544040381908415 5.1151205003261566 2.111711010336875 4.7136676013469678 5.8497553467750549 1.7607434839010228 1.900705724954604 4.0880056321620932 5.0598885118961334 95.249917268753052 2.0698065385222426 41.273204252123833 27.696291819214821 22.243182078003883 2.0413317009806624 1.9205182492732999 1.77490870654583 2.0240772366523734 1.7545021027326573 1.8691450208425511 1.6884703859686849 1.791556216776369 7.6530118212103844
leaf_count=294 97 17 15 15 25 24 15 17 15 17 22 9 12 15 19 358 17 370 229 202 18 15 15 17 15 16 15 16 69
internal_value=-4.76294e-05 0.0488055 0.0641085 0.015301 -0.0203467 0.0295157 0.0642137 0.0357548 -0.0627108 0.0837563 0.0886076 -0.0664759 -0.0663766 0.0829891 0.0841756 0.0828724 -0.0665031 -0.0662729 -0.0663523 -0.0665553 -0.0662319 -0.0669858 -0.0667095 -0.0660683 -0.0660292 -0.0661173 -0.0663873 -0.0660925 -0.0660624
internal_weight=313.604 180.707 159.535 45.7889 26.4859 12.1663 19.303 8.90919 14.3197 113.746 10.3938 132.897 131.136 109.111 9.77356 99.3379 21.1724 129.235 93.0818 49.9395 13.5557 7.61674 5.3839 36.1536 34.1295 43.1423 3.46338 11.4859 9.44457
internal_count=2000 836 654 230 161 49 69 32 112 424 37 1164 1155 409 36 373 182 1143 817 431 120 62 45 326 309 386 30 103 85
is_linear=0
shrinkage=0.08


Tree=43
num_leaves=29
num_cat=0
split_feature=3 0 0 1 2 0 2 2 6 1 1 1 6 5 0 3 2 5 6 3 2 6 3 0 4 1 6 3
split_gain=229.623 14.9306 5.29953 8.96708 2.3383 0.965212 3.91898 0.198795 0.143436 0.115227 0.0256247 0.000777224 0.000633306 0.00078928 0.00279013 0.00240131 0.000583221 0.000474811 0.000439738 0.000123062 7.47833e-05 7.26817e-05 5.44659e-05 3.11543e-05 1.13169e-05 2.27905e-06 4.11861e-06 2.30235e-06
threshold=2.5332133851342156 108.81191116301299 69.345801954542495 393.43819303546229 1.2105893437480453 56.63486483070966 1.2233147230744053 1.2748323281590366 0.29578744004187302 407.73148967085018 387.68056971495542 385.496253484043 0.59086320123563218 0.10452467295480654 60.00706085282372 36.257792903644237 1.104128564748138 2.0342055382204012 0.25891514424036299 218.62768853036596 1.1291855438188476 0.43426316295632844 14.762725060944607 20.019422080825109 1.0000000180025095e-35 381.0517101309552 0.61150667615532395 43.720929547172766
decision_type=2 2 2 2 2 2 2 2 2 2 2 2 2 2 2 2 2 2 2 2 2 2 2 2 2 2 2 2
left_child=1 2 5 4 8 7 10 9 -4 -1 -7 -3 13 20 15 17 19 -15 -17 -16 21 24 -18 -14 -2 26 -25 -28
right_child=12 11 3 -5 -6 6 -8 -9 -10 -11 -12 -13 23 14 16 18 22 -19 -20 -21 -22 -23 -24 25 -26 -27 27 -29
leaf_value=0.083378037130551516 -0.066066606875468031 -0.068191071232473519 0.10255378279490783 -0.063240208622204586 0.029263485573025775 0.084614591702976596 0.017566105126961936 0.1000377841355725 0.082258755366928879 0.096713654358660583 0.09158100589942525 -0.066149348437097008 -0.06568135936010705 -0.06962750248064313 -0.06665818961159059 -0.067426866839937261 -0.066065101535198123 -0.067973147206166318 -0.066672519133919514 -0.067560200434618856 -0.066615758735613706 -0.066599233286551596 -0.066355253398027642 -0.066143422254815246 -0.066270453054315739 -0.066125004469504201 -0.066113444432761376 -0.066017067401066623
leaf_weight=90.38373476266861 37.690459348261356 2.0756359323859206 4.3934558033943194 4.4522444903850547 6.5348014235496512 15.749183833599096 7.2756309807300559 5.2120591700077048 4.5233931988477707 4.3461391925811759 4.302399516105651 2.8069001957774162 1.6810436919331539 2.3598326072096816 1.9096987545490258 6.4475919380784061 42.011546865105629 2.0969040840864182 21.232391498982906 1.9630792215466497 1.8700707480311383 1.7756559029221524 4.5932044610381118 1.9093721732497204 1.8275411874055851 1.6784419491887081 1.6780157461762453 29.045719556510448
leaf_count=337 339 15 15 18 21 58 24 17 16 15 15 25 16 16 16 51 378 16 180 15 16 15 40 17 16 15 15 263
internal_value=3.09732e-05 0.0706143 0.0751803 0.036793 0.0656166 0.0811837 0.0678603 0.0848268 0.0922584 0.0839899 0.0861094 -0.0670173 -0.0663135 -0.0663982 -0.066543 -0.0671257 -0.0661721 -0.0688491 -0.0668482 -0.0671154 -0.0661209 -0.0660985 -0.0660937 -0.0660176 -0.066076 -0.0660341 -0.0660294 -0.0660223
internal_weight=313.826 152.056 147.173 19.9039 15.4517 127.269 27.3272 99.9419 8.91685 94.7299 20.0516 4.88254 161.771 125.778 82.6142 32.1367 50.4775 4.45674 27.68 3.87278 43.1637 41.2937 46.6048 35.9926 39.518 34.3115 32.6331 30.7237
internal_count=2000 576 536 70 52 466 97 369 31 352 73 40 1424 1098 712 263 449 32 231 31 386 370 418 326 355 310 295 278
is_linear=0
shrinkage=0.08


Tree=44
num_leaves=30
num_cat=0
split_feature=5 6 3 2 1 2 1 6 1 0 2 6 6 4 0 2 6 1 1 0 2 6 5 2 1 2 6 5 5
split_gain=140.478 28.9988 16.8403 12.6601 9.24824 3.96428 1.91376 1.65568 1.59766 2.32018 3.57847 1.48495 3.36262 0.537247 0.259816 0.214643 0.288026 0.0806147 0.395337 0.0118081 0.0115242 0.00840181 0.000328454 0.000206759 0.000131016 0.000115883 7.90216e-05 2.31286e-05 6.83898e-06
threshold=0.54493483522515385 0.44846936668611254 6.5004226825522613 1.0953535108624366 336.57689643636428 1.1516694815851138 350.61120921057835 0.49392809823246425 327.84139274751067 50.0353101542537 1.1555872050402443 0.32435073007857979 0.44846936668611254 1.0000000180025095e-35 21.718624605754439 1.1031543632699357 0.40976847143545314 338.27831677816749 335.99624313092312 18.865205549377901 1.1301445404906845 0.30517488830455752 2.1005953413921725 1.1208297994279526 342.54928075396862 1.1534028287219036 0.56105598891917652 0.1627879603673025 0.35634236027974148
decision_type=2 2 2 2 2 2 2 2 2 2 2 2 2 2 2 2 2 2 2 2 2 2 2 2 2 2 2 2 2
left_child=1 2 25 4 11 13 7 -6 9 10 -5 -2 -13 14 -4 16 -10 18 -17 -3 -11 -8 -19 -21 -25 -1 -23 -27 -26
right_child=3 19 5 8 6 -7 21 -9 15 20 -12 12 -14 -15 -16 17 -18 22 -20 23 -22 26 -24 24 28 27 -28 -29 -30
leaf_value=-0.066474238395651211 0.083124960276415832 -0.072751602063549956 0.079763147596062053 0.060379669682476433 0.02489059484302307 -0.0050550544861574431 -0.071262221067051032 -0.065768808831453723 -0.066761496472237059 -0.073380486544231571 -0.069225350746520017 0.065223213873316505 -0.066892779525243112 0.057177376673495352 0.094610737357853442 -0.066234229481124257 -0.021739605504212424 -0.065782649030276266 -0.023676479988688725 -0.066609895115799761 -0.066033403652890274 -0.065945591302698392 -0.065494525374627258 -0.06631664467124318 -0.065383134273538757 -0.065514157591341923 -0.065371610664893567 -0.065914081166876026 -0.065611642932782585
leaf_weight=1.7514903098344792 5.5522636473178881 2.1380550861358634 100.89567014575005 3.1299584209918958 3.6469519883394232 3.6573252826929084 2.3805071860551816 1.9942071214318273 1.9068696126341813 2.4847903549671173 2.415750727057457 4.0875436961650848 1.765494532883167 6.4880256801843634 8.15228722989559 6.8518850207328779 1.7385784015059469 41.213887415826321 1.7547415569424627 3.1299247965216619 3.0355409160256386 3.1265660598874092 65.669545941054821 1.9227457270026205 1.807844363152981 2.1437796279788022 3.015756294131279 1.628574915230274 1.5628988146781919
leaf_count=15 21 14 402 16 14 17 19 19 16 15 18 15 15 27 29 62 14 393 15 27 28 29 644 17 18 21 30 15 15
internal_value=0.000199438 0.0598396 0.0706183 -0.0515949 -0.00012963 0.0769467 -0.0433035 -0.00715843 -0.0617017 -0.0326248 0.00392279 0.053487 0.0253721 0.0795425 0.0808731 -0.0644026 -0.0452898 -0.0650059 -0.0575574 -0.0674421 -0.0693404 -0.0672275 -0.0656056 -0.0660945 -0.0657897 -0.0659365 -0.0656638 -0.0656868 -0.0654891
internal_weight=291.049 135.279 124.717 155.771 25.5693 119.193 14.164 5.64116 130.202 11.066 5.54571 11.4053 5.85304 115.536 109.048 119.136 3.64545 115.49 8.60663 10.5615 5.52033 8.52283 106.883 8.42341 5.29349 5.52384 6.14232 3.77235 3.37074
internal_count=2000 617 526 1383 162 475 111 33 1221 77 34 51 30 458 431 1144 30 1114 77 91 43 78 1037 77 50 51 59 36 33
is_linear=0
shrinkage=0.08


Tree=45
num_leaves=31
num_cat=0
split_feature=6 3 0 3 6 4 5 0 6 2 0 2 2 6 6 0 3 2 0 6 6 1 3 1 0 5 3 4 2 0
split_gain=109.321 30.0372 39.9145 19.0323 11.3921 6.53317 7.18386 0.0422027 0.0197001 0.00327841 0.0030205 0.00234816 0.00226919 0.000363678 0.00031186 0.000774479 0.000207612 0.000202012 0.00189768 0.000182863 0.000152622 0.000146864 0.000145584 0.000145428 0.000394017 0.000119335 3.69106e-05 2.2251e-05 4.94788e-06 3.36509e-07
threshold=0.53393550074746365 15.585168557084573 18.016187737038674 15.585168557084573 0.25348535746080797 1.0000000180025095e-35 1.1844565505960813 28.744960154998651 0.59086320123563218 1.08452583755586 20.019422080825109 1.1376776011247427 1.1347126309585029 0.58476110277634985 0.49231634421405485 74.501830579492577 57.194243151329843 1.280815452576809 56.63486483070966 0.61150667615532395 0.43637415851164313 327.1550312623279 2.5332133851342156 418.15819390815352 72.496298043571613 2.0627810017295025 5.3358674981035259 1.0000000180025095e-35 1.2357913994559395 121.1522260117615
decision_type=2 2 2 2 2 2 2 2 2 2 2 2 2 2 2 2 2 2 2 2 2 2 2 2 2 2 2 2 2 2
left_child=1 14 12 13 9 6 -6 -7 11 21 -10 -5 20 26 17 -16 -12 23 -19 -18 27 -4 -20 25 -25 -1 -2 -3 -17 -28
right_child=3 2 4 8 5 7 -8 -9 10 -11 16 -13 -14 -15 15 28 19 18 22 -21 -22 -23 -24 24 -26 -27 29 -29 -30 -31
leaf_value=-0.065346858299716024 -0.065833326354821572 -0.0653662140444638 -0.066385130835901376 0.085489275012899296 -0.00099215957109412452 0.092587784450898561 0.073151071305290347 0.084281090452878807 0.082082889699634759 -0.070932727712817126 0.080269535578429016 0.082744043604707093 -0.068475223955469039 -0.066959654871604476 -0.06718264262372553 -0.065526722153474756 0.080343191684573573 -0.068056851678709313 -0.066022379909852491 0.079787813180724407 -0.066160553626800539 -0.067355250254472074 -0.065366449008964864 -0.066851415669525405 -0.065393801165036861 -0.065558781316491649 -0.0653301070962133 -0.065664226967313222 -0.065344496009754435 -0.065383612030309027
leaf_weight=34.991992242634296 1.5916823372244824 34.56049881875515 2.0480453446507449 4.0800220370292655 20.896760329604149 5.4401639103889492 13.944851726293562 13.956799179315565 4.1403618752956381 1.8481669276952741 7.2939422875642768 3.9004759639501572 1.6164129748940457 1.4904460012912748 2.605539768934249 1.5408375486731527 4.0319073051214209 2.0721108019351986 2.6083109602332106 64.374902695417404 1.6776043474674214 1.949286989867687 12.758789025247095 1.7888754382729519 3.5269651040434837 33.08357097953558 1.4983696043491366 1.681477516889571 2.5023018270730972 1.5108673349022863
leaf_count=350 15 344 18 15 87 19 50 53 16 12 29 15 12 13 21 15 16 15 24 259 15 16 127 15 35 323 15 16 25 15
internal_value=-0.000160906 -0.0340067 -0.00311375 0.0708729 0.0379632 0.0493991 0.0286826 0.0866108 0.0803577 -0.0681464 0.0799789 0.0841475 -0.0655397 -0.0658736 -0.0655782 -0.0661071 0.0798638 -0.0655395 -0.0657842 0.0798205 -0.0654146 -0.0668582 -0.0654778 -0.0654813 -0.0658843 -0.0654498 -0.0655218 -0.06538 -0.0654139 -0.065357
internal_weight=291.012 197.099 99.6201 93.913 60.0841 54.2386 34.8416 19.397 87.8216 5.8455 79.8411 7.9805 39.536 6.09137 97.4793 6.64868 75.7008 90.8306 17.4392 68.4068 37.9196 3.99733 15.3671 73.3914 5.31584 68.0756 4.60092 36.242 4.04314 3.00924
internal_count=2000 1592 642 408 255 209 137 72 350 46 320 30 387 58 950 61 304 889 166 275 375 34 151 723 50 673 45 360 40 30
is_linear=0
shrinkage=0.08


Tree=46
num_leaves=30
num_cat=0
split_feature=0 3 3 0 2 1 1 2 6 0 0 1 2 0 1 2 3 5 6 6 1 0 2 6 2 2 0 0 3
split_gain=139.725 42.9877 20.8011 10.501 7.74857 3.74703 1.88689 2.70066 0.409158 0.166982 0.0510359 0.0108806 0.0110768 0.0016541 0.00196098 0.000688765 0.000344447 0.000712592 0.00188287 0.000337974 0.000172949 0.000162818 0.000129432 0.000113711 9.42548e-05 6.66977e-05 1.86317e-05 5.06923e-06 8.43227e-07
threshold=54.781068669324092 15.585168557084573 2.5332133851342156 83.077234892710734 1.2218549893343686 393.43819303546229 385.09569505633755 1.2105893437480453 0.45066514543519792 59.042743918427284 128.87203524203912 409.59854941339842 1.2864633874720737 66.592874555955703 396.13619377328604 1.1280059144029526 6.5004226825522613 0.10452467295480654 0.59086320123563218 0.57945119337339823 340.97206503135709 60.00706085282372 1.1110528296882973 0.48504766113931419 1.1310453818201396 1.2648794475192584 73.887632594842827 66.9639355950046 113.29248186879319
decision_type=2 2 2 2 2 2 2 2 2 2 2 2 2 2 2 2 2 2 2 2 2 2 2 2 2 2 2 2 2
left_child=11 2 3 4 8 -6 7 -5 -2 -4 -8 12 16 14 -11 -15 23 24 -19 20 -3 -21 -22 25 -18 -1 -24 -23 -29
right_child=1 19 9 6 5 -7 10 -9 -10 13 -12 -13 -14 15 -16 -17 17 18 -20 21 22 27 26 -25 -26 -27 -28 28 -30
leaf_value=-0.065313525894512725 -0.067378091868625409 -0.066840518815059313 0.095643906362546008 -0.018218387089572675 -0.007811006527604694 0.083694740658608144 0.091261369973999792 0.072113636149445534 -0.028021456949793865 0.082050620877162056 0.079631762561730282 -0.072053453020069574 -0.072253194855735212 0.080762364370151898 0.079704038888080919 0.079664947316938212 -0.065407438424673378 -0.066354911420061655 -0.065319728340042529 -0.066209190551760819 -0.066514077999819524 -0.065519884041172358 -0.065846084911376279 -0.065988377878678658 -0.0660523033592188 -0.065846522912721861 -0.065455840308945301 -0.065425676132145089 -0.06536159396341866
leaf_weight=29.287028893828396 11.096823640167715 2.0427101030945805 4.4500883072614661 3.6988130137324351 7.4352531433105451 4.6583213806152344 4.3387444615364057 4.9568312615156174 1.9944240823388089 4.4145611822605115 5.4469513148069382 1.7440482228994358 1.6225660294294346 3.8177511543035498 4.7118869572877884 88.708655625581741 37.589274421334267 25.465017169713974 20.137921452522278 1.877493418753146 1.7549904212355611 1.8475724831223477 1.607389457523823 1.8391869440674771 1.508819743990897 1.583853393793105 1.5266698226332662 1.6218523532152156 6.927112765610218
leaf_count=294 97 17 15 15 34 15 15 17 15 17 22 12 9 15 19 358 372 229 202 17 15 18 15 17 14 15 15 16 69
internal_value=-7.3777e-05 0.0469023 0.0613555 0.0148537 -0.0187323 0.0274361 0.0607211 0.0335121 -0.0613822 0.0804756 0.0847881 -0.0657804 -0.0656885 0.0798116 0.0808391 0.0797102 -0.0655978 -0.0656829 -0.0658978 -0.0657757 -0.0662223 -0.0655235 -0.065964 -0.0653773 -0.0654323 -0.0653409 -0.065656 -0.0653997 -0.0653738
internal_weight=289.713 168.935 149.729 43.6262 25.1848 12.0936 18.4413 8.65564 13.0912 106.103 9.7857 120.778 119.034 101.653 9.12645 92.5264 117.411 84.701 45.6029 19.2058 6.93176 12.274 4.88905 32.7101 39.0981 30.8709 3.13406 10.3965 8.54897
internal_count=2000 836 654 230 161 49 69 32 112 424 37 1164 1152 409 36 373 1143 817 431 182 62 120 45 326 386 309 30 103 85
is_linear=0
shrinkage=0.08


Tree=47
num_leaves=24
num_cat=0
split_feature=3 0 6 2 0 5 1 6 5 0 3 1 2 6 2 3 6 3 0 4 1 6 3
split_gain=200.577 12.8801 4.83979 3.95662 1.40395 0.24599 0.000729 0.000562394 0.000714148 0.00264588 0.00180937 0.00047174 0.000466198 0.000324544 9.47594e-05 9.18348e-05 5.67008e-05 3.96604e-05 2.11717e-05 2.0716e-05 1.88657e-06 2.69587e-06 1.70062e-06
threshold=2.5332133851342156 108.81191116301299 0.49688256560458638 1.280815452576809 84.696414843307849 2.5744271535336991 385.496253484043 0.59086320123563218 0.10452467295480654 60.00706085282372 36.257792903644237 372.31224083417959 1.104128564748138 0.25891514424036299 1.1310453818201396 218.62768853036596 0.43426316295632844 14.762725060944607 20.019422080825109 1.0000000180025095e-35 381.0517101309552 0.61150667615532395 43.720929547172766
decision_type=2 2 2 2 2 2 2 2 2 2 2 2 2 2 2 2 2 2 2 2 2 2 2
left_child=1 2 3 4 5 -1 -3 8 14 10 11 -10 15 -12 16 -11 19 -14 -9 -2 21 -20 -23
right_child=7 6 -4 -5 -6 -7 -8 18 9 12 13 -13 17 -15 -16 -17 -18 -19 20 -21 -22 22 -24
leaf_value=0.080717794198223683 -0.065376281519473972 -0.067505011011308874 -0.012312786228949348 0.018434697991244808 0.035993842402111002 0.069331956767783406 -0.065441095023475185 -0.065044740592071118 -0.068880456267608373 -0.065943830102356313 -0.066714962001879693 -0.067161681463497269 -0.065376140175386413 -0.066038703493877804 -0.066056932877343044 -0.066759384330979957 -0.06587428704057928 -0.06563631230258983 -0.065442750661611995 -0.065663886410521233 -0.065437135865942991 -0.06542204786890983 -0.065335013021454516
leaf_weight=108.21159096062183 34.311738722026348 1.9272516518831242 4.2519393265247336 7.6320965141057959 4.9536843299865714 13.67936150729656 2.5371830612421036 1.5227243155241001 2.0166232809424427 1.7393536120653146 5.9207918569445637 2.0720734670758247 38.027657687664032 19.500650130212307 1.5096592009067524 1.7961708754301069 1.6147858053445805 4.160079985857009 1.7279655188322127 1.68139287829399 1.5216428488492955 1.5198696255683923 26.294107101857662
leaf_count=428 341 15 15 26 18 49 25 16 15 16 51 17 378 180 14 15 15 40 17 16 15 15 263
internal_value=3.49965e-05 0.0674161 0.0717203 0.0743773 0.0777433 0.07944 -0.0663321 -0.0656292 -0.0657127 -0.0658569 -0.0664474 -0.0680094 -0.0654757 -0.0661962 -0.0654355 -0.0663582 -0.0654105 -0.0654018 -0.065336 -0.0653897 -0.0653503 -0.0653458 -0.0653398
internal_weight=290.13 143.193 138.729 134.477 126.845 121.891 4.46443 146.937 114.351 75.2334 29.5101 4.0887 45.7233 25.4214 39.1176 3.53552 37.6079 42.1877 32.5863 35.9931 31.0636 29.5419 27.814
internal_count=2000 576 536 521 495 477 40 1424 1098 712 263 32 449 231 386 31 372 418 326 357 310 295 278
is_linear=0
shrinkage=0.08


Tree=48
num_leaves=30
num_cat=0
split_feature=5 6 3 2 1 2 1 1 0 2 6 6 0 0 1 2 6 1 1 2 2 6 0 6 5 2 6 1 4
split_gain=122.227 25.1476 14.0555 11.6312 8.03839 2.40048 1.81168 1.63733 2.19989 3.2212 1.47153 1.26559 1.05383 0.427316 0.406654 0.232946 0.293819 0.0875371 0.464596 0.0847765 0.00858016 0.00682125 0.00116948 0.00057068 0.000291437 7.46421e-05 6.43464e-05 2.7385e-05 1.67136e-05
threshold=0.54493483522515385 0.44445615603327876 6.5004226825522613 1.0953535108624366 336.57689643636428 1.148769487542596 350.61120921057835 327.84139274751067 50.0353101542537 1.1555872050402443 0.49392809823246425 0.32435073007857979 32.76881520631445 18.286824643664829 352.64249555809869 1.1031543632699357 0.40976847143545314 338.27831677816749 336.37511468745532 1.1198308422349739 1.1301445404906845 0.30517488830455752 19.690761660131709 0.57945119337339823 2.1005953413921725 1.1534028287219036 0.56105598891917652 342.73273928975914 1.0000000180025095e-35
decision_type=2 2 2 2 2 2 2 2 2 2 2 2 2 2 2 2 2 2 2 2 2 2 2 2 2 2 2 2 2
left_child=1 2 25 4 11 14 10 8 9 -5 -6 -2 -13 -3 19 16 -9 18 -17 -4 -10 -8 -15 -24 -19 -1 -23 -25 -27
right_child=3 13 5 7 6 -7 21 15 20 -11 -12 12 -14 22 -16 17 -18 24 -20 -21 -22 26 23 27 -26 28 -28 -29 -30
leaf_value=-0.065727055150704941 0.079370540401628789 -0.022644172366577005 0.078338840811994687 0.05719808335225441 0.02341766433825225 0.013698111624140927 -0.070315124781693578 -0.066005998087049184 -0.072006773373451363 -0.068496684013326009 -0.065123759783341173 0.0629875642135104 -0.0069875493702062511 -0.067815530180903152 0.049907388326617508 -0.065553739504525449 -0.018801721316101094 -0.065178091492418558 -0.015789688394734613 0.0697675712476232 -0.065385199805527316 -0.065305452778697967 -0.066710125699843345 -0.065394059461244713 -0.064893137198432427 -0.065214163371662442 -0.064761140456712649 -0.065000658782538481 -0.06484597868237893
leaf_weight=1.5846423134207714 5.2808218747377413 1.727952979505061 94.783034831285477 3.1497483626008016 3.5960486829280836 4.0090120285749427 2.1839237362146378 1.7314535304903977 2.2948502972722054 2.2277617603540421 1.8039487972855566 2.5162826851010323 3.0433238446712494 1.9069689065217952 3.491067722439765 6.416905738413333 1.6463408619165418 37.424501813948154 1.4770394936203954 8.0093187242746335 2.7571712359786034 2.8386724591255188 2.0584426894783974 1.6988068297505377 59.47691085934639 1.8421734943985939 2.7236214652657509 3.3969011083245277 1.3803209587931633
leaf_count=15 21 11 405 16 14 17 19 16 15 18 19 11 19 16 15 64 14 393 13 33 28 29 18 17 644 19 30 36 15
internal_value=0.000236035 0.0576833 0.0686304 -0.0504827 0.000324075 0.0744668 -0.0417304 -0.0607581 -0.0304863 0.00512603 -0.0061609 0.0513237 0.0246832 -0.0591026 0.076759 -0.0636768 -0.0429986 -0.0643433 -0.0562424 0.077671 -0.068393 -0.0665265 -0.0660552 -0.0655859 -0.0650032 -0.0652775 -0.0650389 -0.0651318 -0.0650565
internal_weight=268.478 125.889 115.1 142.589 23.9866 110.292 13.1462 118.603 10.4295 5.37751 5.4 10.8404 5.55961 10.7891 106.283 108.173 3.37779 104.795 7.89395 102.792 5.05202 7.74622 9.06112 7.15415 96.9014 4.80714 5.56229 5.09571 3.22249
internal_count=2000 617 519 1383 162 470 111 1221 77 34 33 51 30 98 453 1144 30 1114 77 438 43 78 87 71 1037 49 59 53 34
is_linear=0
shrinkage=0.08


Tree=49
num_leaves=31
num_cat=0
split_feature=6 3 3 0 4 2 0 2 6 6 0 1 2 2 0 0 6 0 1 0 2 0 3 2 6 1 0 5 4 6
split_gain=95.0906 24.1251 23.7566 32.1534 9.99754 9.334 8.25362 1.03395 0.042779 0.0320214 0.0573482 0.0410932 0.0255219 0.00246141 0.00194603 0.000277976 0.000238996 0.000354219 0.000215826 0.000243104 0.000195769 0.00171675 0.000155823 0.000138525 0.000116748 0.000112818 0.000330752 0.000121174 6.56216e-05 7.27113e-05
threshold=0.50475883420804502 15.585168557084573 15.585168557084573 18.016187737038674 1.0000000180025095e-35 1.1218613698564439 39.792622387299609 1.1599606059053873 0.59086320123563218 0.38564955540573037 41.883761000085777 348.24161259244931 1.115408641508483 1.1425714719683042 20.019422080825109 73.887632594842827 0.49231634421405485 75.088779009115299 326.63879263033937 42.591046065997908 1.280815452576809 56.63486483070966 2.5332133851342156 1.2323652157988383 0.43637415851164313 418.15819390815352 72.496298043571613 2.0627810017295025 1.0000000180025095e-35 0.57066268501340833
decision_type=2 2 2 2 2 2 2 2 2 2 2 2 2 2 2 2 2 2 2 2 2 2 2 2 2 2 2 2 2 2
left_child=2 15 16 13 5 6 -5 -7 12 11 -11 -6 -3 24 -10 -2 20 -18 19 -16 25 -22 -23 -20 -4 27 -27 -1 -17 -30
right_child=1 8 3 4 9 7 -8 -9 14 10 -12 -13 -14 -15 18 28 17 -19 23 -21 21 22 -24 -25 -26 26 -28 -29 29 -31
leaf_value=-0.064737897624409679 -0.06617885391175958 0.08764231680031534 -0.064772258907647429 -0.05248207351629721 0.072796882001391255 0.041519161518738336 0.057948997098127474 0.085152990567334289 0.079055717874138856 0.09248791472425183 0.07931260060617229 0.083798271277363293 0.079614476960502362 -0.06831413878760928 0.078093964278604433 -0.064764489578281015 -0.06643103601210272 -0.064785720540989675 0.077132591503954254 0.077151560538600145 -0.067414364062115387 -0.06546469541304481 -0.064755876137526605 0.077650273942209233 -0.065488360892961617 -0.066172866799976887 -0.064773662515011765 -0.064962381947274647 -0.064996681217242044 -0.065731872894983751
leaf_weight=31.589331433176994 1.8007137477397899 4.1325316280126554 32.932025127112865 16.412985429167751 3.6767460778355616 8.5297140926122648 5.8845123946666709 5.8657333254814139 3.8483527153730384 4.3980202227830869 4.0719442367553711 5.312949925661087 6.554356575012207 1.3277692645788182 3.5524615645408621 2.8126035332679749 1.7114118114113801 1.6398723050951955 59.645717769861221 3.4562782347202301 1.9467631429433812 2.3980490714311591 11.52122240513563 3.502372905611991 1.5245140641927708 1.6378619670867909 3.1815134212374687 30.008335880935192 2.2421452105045323 1.3976256921887396
leaf_count=350 17 15 362 97 15 32 23 22 16 16 17 21 27 10 15 31 15 18 259 15 15 24 127 15 15 15 35 323 24 14
internal_value=-0.000167316 0.0652641 -0.0348059 -0.0060908 0.0327932 0.009082 -0.0233383 0.0592987 0.0779874 0.0826243 0.0861539 0.0792988 0.0827188 -0.0649342 0.0773041 -0.0653 -0.0649637 -0.0656259 0.077208 0.0776292 -0.0649367 -0.0651892 -0.064878 0.0771613 -0.0648039 -0.0648764 -0.0652492 -0.0648473 -0.0650547 -0.065279
internal_weight=268.516 92.9452 175.571 89.9369 54.1526 36.6929 22.2975 14.3954 84.6921 17.4597 8.46996 8.9897 10.6869 35.7843 74.0052 8.25309 85.6344 3.35128 70.1568 7.00874 82.2831 15.866 13.9193 63.1481 34.4565 66.417 4.81938 61.5977 6.45237 3.63977
internal_count=2000 448 1552 630 243 174 120 54 362 69 33 36 42 387 320 86 922 33 304 30 889 166 151 274 377 723 50 673 69 38
is_linear=0
shrinkage=0.08


Tree=50
num_leaves=30
num_cat=0
split_feature=0 3 3 0 2 1 0 1 1 0 2 1 1 0 1 2 3 5 6 6 1 6 0 2 2 2 0 0 1
split_gain=123.242 37.2605 18.0388 8.79187 4.70631 4.13062 4.28749 2.83995 0.297622 0.114292 0.00980086 0.00855234 0.00490277 0.00111053 0.00132666 0.000466176 0.000322884 0.000711437 0.00181143 0.000270358 0.000138499 0.000129477 0.000114647 0.000104044 9.72153e-05 6.98386e-05 1.36682e-05 3.4138e-06 5.90173e-07
threshold=54.781068669324092 15.585168557084573 2.5332133851342156 69.345801954542495 1.2233147230744053 385.09569505633755 108.81191116301299 377.92488939244043 397.62891135316744 59.042743918427284 1.2864633874720737 409.59854941339842 374.57593190940133 66.592874555955703 396.13619377328604 1.1280059144029526 6.5004226825522613 0.10452467295480654 0.59086320123563218 0.57945119337339823 340.97206503135709 0.48504766113931419 60.00706085282372 1.1110528296882973 1.1310453818201396 1.2648794475192584 73.887632594842827 66.9639355950046 357.89772287073265
decision_type=2 2 2 2 2 2 2 2 2 2 2 2 2 2 2 2 2 2 2 2 2 2 2 2 2 2 2 2 2
left_child=10 2 3 4 12 6 -5 -6 -7 -4 11 16 -2 14 -11 -15 21 24 -19 20 -3 25 -21 -22 -18 -1 -25 -24 -29
right_child=1 19 9 5 7 8 -8 -9 -10 13 -12 -13 -14 15 -16 -17 17 18 -20 22 23 -23 27 26 -26 -27 -28 28 -30
leaf_value=-0.064707416040407389 -0.065284270733383054 -0.066128421352652719 0.090574373490721991 -0.016578602223941041 -0.043623681794719503 0.06273452584823104 0.084844796601962397 0.060946917904045099 0.088373431268877076 0.0790411733887222 -0.071501078482813327 -0.070885890359718692 -0.06894296452065532 0.077946971870716142 0.077037312607573918 0.077009665377811759 -0.064798777632761956 -0.065779521667883978 -0.06471484868142123 -0.065499102167091122 -0.065822719387505127 -0.065458644173385441 -0.064888587152905922 -0.065186874034327463 -0.065484143304607029 -0.06527887421859413 -0.064835292982236836 -0.064743350513439241 -0.064788089427853385
leaf_weight=26.435370586812503 5.4604534506797808 1.8673752397298837 4.2318129986524573 9.0906240120530146 2.7479784041643134 4.7869445830583555 3.7753353565931311 4.2065524160861969 7.3418524712324142 4.1047239303588849 1.5480770841240872 1.6053302958607663 4.1071991771459579 3.5425077974796286 4.3609963059425354 82.110768333077431 33.982662685215473 23.374635361135006 18.183795996010303 1.6982435733079899 1.6002556234598158 1.6875370070338238 1.6681735292077045 1.4541130587458613 1.3782762885093678 1.443428300321101 1.3786411136388776 4.4356383681297302 3.2843474149703979
leaf_count=294 56 17 15 47 16 20 14 14 29 17 9 12 34 15 19 358 372 229 202 17 15 17 18 15 14 15 15 49 36
internal_value=-7.51574e-05 0.045317 0.0590468 0.0148275 -0.0304527 0.044759 0.0131827 0.0196274 0.0782544 0.0777131 -0.0651808 -0.0650903 -0.0668549 0.0771348 0.0780089 0.0770484 -0.0650029 -0.0650893 -0.0653137 -0.065132 -0.0655505 -0.0647782 -0.0648942 -0.0653071 -0.0648255 -0.064737 -0.0650158 -0.0647848 -0.0647624
internal_weight=266.894 157.255 139.868 41.5169 16.5222 24.9948 12.866 6.95453 12.1288 98.3508 109.639 108.091 9.56765 94.119 8.46572 85.6533 106.486 76.9194 41.5584 17.3868 6.30039 29.5663 11.0864 4.43301 35.3609 27.8788 2.83275 9.38816 7.71999
internal_count=2000 836 654 230 120 110 61 30 49 424 1164 1155 90 409 36 373 1143 817 431 182 62 326 120 45 386 309 30 103 85
is_linear=0
shrinkage=0.08


Tree=51
num_leaves=27
num_cat=0
split_feature=3 0 1 2 2 6 5 2 0 0 6 5 0 3 1 2 4 2 3 6 3 4 6 0 1 6
split_gain=175.249 11.0674 4.33034 2.90427 2.62506 1.82313 0.322743 0.62631 0.0260974 0.0177509 0.00050941 0.000666833 0.00245934 0.00138198 0.000496452 0.000371789 0.000311844 9.77105e-05 6.93494e-05 4.35785e-05 3.4315e-05 2.90636e-05 7.94593e-06 1.42171e-05 1.53598e-06 1.80197e-06
threshold=2.5332133851342156 83.077234892710734 385.09569505633755 1.2105893437480453 1.280815452576809 0.49231634421405485 2.5744271535336991 1.2218549893343686 61.98951916399875 114.0683049646795 0.574978740179655 0.10452467295480654 60.00706085282372 36.257792903644237 372.31224083417959 1.104128564748138 1.0000000180025095e-35 1.1310453818201396 218.62768853036596 0.43426316295632844 14.762725060944607 1.0000000180025095e-35 0.59086320123563218 20.019422080825109 381.0517101309552 0.61150667615532395
decision_type=2 2 2 2 2 2 2 2 2 2 2 2 2 2 2 2 2 2 2 2 2 2 2 2 2 2
left_child=1 4 3 -3 5 6 8 -8 -1 -4 11 17 13 14 -13 18 -15 19 -14 21 -17 -2 -12 -24 25 -25
right_child=10 2 9 -5 -6 -7 7 -9 -10 -11 22 12 15 16 -16 20 -18 -19 -20 -21 -22 -23 23 24 -26 -27
leaf_value=0.077474187887510454 -0.064765331708048032 0.074009579921001684 -0.074702724492987371 -0.029940878984648329 0.023548453573735365 0.023002058885755874 0.078833861158611712 0.041526138266427627 0.082099905997637376 -0.064814929154589335 -0.064904541112810105 -0.068203762725421516 -0.06530807407776329 -0.065779570543965965 -0.066361519766615903 -0.064765118278219513 -0.065069067068385972 -0.065488355266778056 -0.066050494693795508 -0.065228242945224044 -0.065028638753434009 -0.065120784256916364 -0.064478526886265555 -0.064821070025895114 -0.064824318076707715 -0.064732459544579124
leaf_weight=90.968531310558319 30.988864548504353 4.0330372005701047 2.3607782572507858 2.9994398206472397 6.8788913935422888 4.2520821690559378 7.240079849958418 4.7819692194461823 8.5384995043277723 2.2883119657635689 1.760607704520228 1.8655738085508375 1.5807821378111833 17.728209398686889 1.8792273253202436 33.344841875135899 5.0882392451167098 1.3790496066212643 1.6412922218441961 1.4650907292962063 3.4939124584197989 1.545628860592841 1.3761605396866823 1.5600111857056678 1.3759582713246334 25.115206658840179
leaf_count=390 341 15 12 17 23 15 30 15 34 25 19 15 16 172 17 367 54 14 15 15 37 16 16 17 15 278
internal_value=6.03928e-06 0.0644764 -0.00992982 0.0296734 0.0715625 0.0744151 0.0763753 0.0639941 0.0778711 -0.0698359 -0.0650224 -0.0651089 -0.065258 -0.0658549 -0.0672793 -0.0648622 -0.0656211 -0.0648282 -0.0656863 -0.0648014 -0.0647901 -0.0647822 -0.0647395 -0.0647296 -0.0647419 -0.0647376
internal_weight=267.53 134.342 11.6816 7.03248 122.66 115.781 111.529 12.022 99.507 4.64909 133.189 102.001 66.6221 26.5612 3.7448 40.0608 22.8164 35.3786 3.22207 33.9996 36.8388 32.5345 31.1879 29.4273 28.0512 26.6752
internal_count=2000 576 69 32 507 484 469 45 424 37 1424 1079 693 258 32 435 226 386 31 372 404 357 345 326 310 295
is_linear=0
shrinkage=0.08


Tree=52
num_leaves=31
num_cat=0
split_feature=5 6 3 2 1 2 0 1 6 6 1 2 4 1 5 0 3 6 6 5 2 1 3 1 2 1 2 6 4 5
split_gain=106.519 21.9269 12.5133 10.7212 7.98953 3.31181 2.91308 1.59827 1.84387 0.599177 0.534491 0.926028 0.519368 0.235549 0.159409 0.00784134 0.000700835 0.00205449 0.00047164 0.000172466 0.0013815 0.000386048 0.000355319 0.000167524 0.000121415 6.12902e-05 4.97876e-05 3.98554e-05 1.37593e-05 8.55362e-06
threshold=0.54493483522515385 0.44846936668611254 6.5004226825522613 1.1093572902128772 336.57689643636428 1.1516694815851138 39.249053016537339 352.87330825217344 0.49019197258658714 0.36849046224728021 338.27831677816749 1.1280059144029526 1.0000000180025095e-35 319.55487930598815 0.29493978815514993 18.865205549377901 23.98154850955984 0.44251632769839316 0.54407547518684252 2.1005953413921725 1.2841533712357114 412.35448837210396 2.1017139853817493 384.27877670933475 1.1208297994279526 342.54928075396862 1.1534028287219036 0.78234730298320232 1.0000000180025095e-35 2.7108550675585548
decision_type=2 2 2 2 2 2 2 2 2 2 2 2 2 2 2 2 2 2 2 2 2 2 2 2 2 2 2 2 2 2
left_child=1 2 26 4 6 12 9 8 -6 -2 11 -5 14 -13 -4 -3 -9 -18 -15 20 21 -12 23 -21 -17 -26 -1 -10 -28 -24
right_child=3 15 5 10 7 -7 -8 16 27 -11 19 13 -14 18 -16 24 17 -19 -20 22 -22 -23 29 -25 25 -27 28 -29 -30 -31
leaf_value=-0.065069208143697238 0.085298467978596693 -0.070682093547834099 0.074439468665702585 -0.011091041383432046 0.015521519551704815 -0.0047441106298334555 -0.012081145249370097 -0.06434006971892299 -0.065050745636228258 0.041885284376980018 -0.064396620071331845 -0.037868116351017111 0.050847921133981559 -0.065556305380857327 0.085558231235788193 -0.06524637577359059 -0.067840754946383613 -0.064533812892463682 -0.064357228852907372 -0.06501879311686172 -0.066751647491660585 -0.065699588768519612 -0.064327227541482304 -0.064383446871234082 -0.064951158470649722 -0.064324560729455152 -0.064645412692397208 -0.064469380855424807 -0.064304179163498079 -0.064230801221180731
leaf_weight=1.4310122206807125 5.005574434995653 1.8462964594364146 84.847016379237175 3.3652027025818816 4.6527650058269527 3.5314126908779135 4.4959929287433615 4.3271507546305639 1.4848867207765581 3.4281144812703133 29.175277389585975 2.6436454951763144 5.7970170378684989 5.3899568915367109 9.1415044814348203 2.5763095393776894 1.8714061155915258 3.3630772456526756 3.438859835267067 6.4783491641283018 1.7838996201753605 1.5317072495818127 7.0846544206142417 4.5016681626439095 1.5699189081788061 2.7475442662835121 1.753368116915226 1.534701883792877 1.3298609182238579 34.845487415790558
leaf_count=15 21 14 395 23 22 17 27 52 16 18 349 23 27 55 36 27 15 39 41 70 15 15 85 54 17 33 20 18 16 425
internal_value=0.000250338 0.0558185 0.0656965 -0.049424 -0.00760772 0.071393 0.0399266 -0.04327 -0.0160728 0.0676519 -0.0620073 -0.0479924 0.0740875 -0.0588166 0.0755209 -0.0660518 -0.0650934 -0.0657161 -0.0650893 -0.0644423 -0.0645873 -0.0644616 -0.0643532 -0.0647583 -0.0648118 -0.0645524 -0.0646792 -0.0647553 -0.0644982 -0.0642471
internal_weight=246.974 116.571 107.831 130.402 30.1637 103.317 12.9297 17.234 7.67235 8.43369 100.239 14.8377 99.7855 11.4725 93.9885 8.74007 9.56163 5.23448 8.82882 85.401 32.4909 30.707 52.9102 10.98 6.89377 4.31746 4.51424 3.01959 3.08323 41.9301
internal_count=2000 617 526 1383 228 475 66 162 56 39 1155 142 458 119 431 91 106 54 96 1013 379 364 634 124 77 50 51 34 36 510
is_linear=0
shrinkage=0.08


Tree=53
num_leaves=31
num_cat=0
split_feature=3 0 6 6 1 2 2 0 6 2 2 6 2 6 0 2 0 3 3 6 1 0 5 1 3 4 4 1 1 0
split_gain=83.6161 60.5007 13.0349 6.9105 7.37273 4.44654 3.56593 0.108098 0.0830992 0.0432164 0.00950222 0.00908197 0.00225119 0.000286685 0.000714032 0.000192412 0.00151443 0.000166833 0.000157885 0.000111795 9.01888e-05 0.000271084 0.000105553 0.000128427 4.63141e-05 4.07443e-05 2.26167e-05 1.9185e-05 5.33214e-06 2.28331e-06
threshold=15.585168557084573 18.016187737038674 0.25589935902013994 0.44846936668611254 331.01584857760935 1.0708783770050736 1.1238743592439817 32.059727729824608 0.51467215361942853 1.1208297994279526 1.0839465759969216 0.59086320123563218 1.1425714719683042 0.49231634421405485 61.110568094063893 1.280815452576809 56.63486483070966 2.5332133851342156 3.8130769916734724 0.43637415851164313 418.15819390815352 72.496298043571613 2.0627810017295025 383.94012511799968 2.4671378854976367 1.0000000180025095e-35 1.0000000180025095e-35 385.496253484043 348.24161259244931 102.60613299784494
decision_type=2 2 2 2 2 2 2 2 2 2 2 2 2 2 2 2 2 2 2 2 2 2 2 2 2 2 2 2 2 2
left_child=13 12 7 4 6 -6 -4 10 9 -5 -3 -10 19 15 -15 20 -17 -18 25 26 22 -22 24 -24 -1 -16 28 -20 -2 -23
right_child=1 2 3 8 5 -7 -8 -9 11 -11 -12 -13 -14 14 18 16 17 -19 27 -21 21 29 23 -25 -26 -27 -28 -29 -30 -31
leaf_value=-0.064177511830659451 -0.06420617227850299 -0.065136389120117336 -0.048581904219965458 0.088863087530014082 -0.030599665237170039 0.070339464110282343 0.042982313302079717 -0.044997112937007734 0.077931790435349563 0.077608748875671582 -0.073193973507595031 0.075051098527205054 -0.06773863190320123 -0.066270461293206323 -0.064724745924084628 -0.066816126324511921 -0.064981124543133276 -0.06421488348414707 -0.064508674513493625 -0.064962780180963589 -0.065558692362255713 -0.064311580823888145 -0.06456113301388236 -0.064204849699288594 -0.064652261748458409 -0.065331178989531571 -0.064543787213179438 -0.064201287386431882 -0.064369202569816195 -0.064167564060655241
leaf_weight=27.090652525424961 26.935481600463401 2.1515073701739307 7.8132360726594907 4.6450107395648939 3.160144746303561 24.04590879380703 4.1774885058403015 1.8320234715938566 7.8051255643367758 4.1210251897573471 1.6589235290884969 68.269029214978218 1.239794760942458 1.8523923084139813 1.4063541516661626 1.8231348916888226 2.2047125771641722 10.3832581192255 1.9455961287021635 1.3929410576820362 1.4963465481996525 1.247666269540787 16.468739904463295 10.670409783720968 1.3822125270962704 1.4300710707902908 1.3961011916398991 3.9130428805947304 1.3482050597667683 1.6185790449380872
leaf_count=334 330 23 40 17 15 99 14 13 34 18 12 320 10 17 16 15 24 127 23 15 15 15 192 131 16 15 16 48 16 20
internal_value=-0.000161554 0.0335473 0.057952 0.0633616 0.0355808 0.0586148 -0.0166815 -0.0609664 0.0761966 0.0835723 -0.0686444 0.0753467 -0.0643957 -0.0644541 -0.0648444 -0.0643987 -0.0646612 -0.0643491 -0.0645406 -0.0642623 -0.0643356 -0.0646859 -0.0643082 -0.0644211 -0.0642006 -0.0650305 -0.0642295 -0.0643034 -0.0642139 -0.0642303
internal_weight=246.925 161.992 129.679 124.037 39.1968 27.2061 11.9907 5.64245 84.8402 8.76604 3.81043 76.0742 32.3125 84.9332 10.5475 74.3857 14.4111 12.588 8.69506 31.0727 59.9746 4.36259 55.612 27.1391 28.4729 2.83643 29.6798 5.85864 28.2837 2.86625
internal_count=2000 992 605 557 168 114 54 48 389 35 35 354 387 1008 119 889 166 151 102 377 723 50 673 323 350 31 362 71 346 35
is_linear=0
shrinkage=0.08


Tree=54
num_leaves=29
num_cat=0
split_feature=0 3 3 2 1 0 6 2 0 2 1 1 0 1 2 0 4 3 6 1 2 0 2 2 6 0 3 0
split_gain=108.791 32.3917 15.7451 7.76145 4.39764 3.73782 1.62205 1.50467 0.0786959 0.00854579 0.00702309 0.00649224 0.000746544 0.000902984 0.000337097 0.000301459 0.00065245 0.000801243 0.000222408 0.000116191 8.91458e-05 7.98668e-05 5.32e-05 5.31675e-05 6.09856e-05 9.08265e-06 2.361e-06 9.97519e-07
threshold=54.781068669324092 15.585168557084573 2.5332133851342156 1.1832552798843781 369.81329351335984 87.680024790486399 0.49916096403617743 1.2748323281590366 59.042743918427284 1.2864633874720737 374.57593190940133 409.59854941339842 66.592874555955703 396.13619377328604 1.1280059144029526 17.521642935875622 1.0000000180025095e-35 7.5676313424853259 0.57945119337339823 340.97206503135709 1.1110528296882973 60.00706085282372 1.2550251412838891 1.1458622578706501 0.43699389826257834 73.887632594842827 80.245916234628424 67.705560883933444
decision_type=2 2 2 2 2 2 2 2 2 2 2 2 2 2 2 2 2 2 2 2 2 2 2 2 2 2 2 2
left_child=9 2 3 5 7 10 -6 -5 -4 11 -2 15 13 -10 -14 23 17 -17 19 -3 -21 -20 -18 24 -1 -22 -23 -28
right_child=1 18 8 4 6 -7 -8 -9 12 -11 -12 -13 14 -15 -16 16 22 -19 21 20 25 26 -24 -25 -26 -27 27 -29
leaf_value=-0.064230442090111042 -0.064879083258785525 -0.065513818555922032 0.086359214548388505 -0.031657860305878763 0.046741027800883697 0.036386868196047958 0.10241113679037725 0.039448838413892781 0.076500326870875157 -0.070700410740396763 -0.069503861029093492 -0.069819801075053312 0.075590463483470441 0.074779134682714798 0.074761044020834957 -0.064252482312500941 -0.064248873280398494 -0.065064423235891775 -0.06486765674427461 -0.065224770799389736 -0.064588068374164226 -0.064341132130222828 -0.064771072833611498 -0.06464929099551904 -0.064779740008042874 -0.064286165563348568 -0.064287408859992942 -0.06420865114237459
leaf_weight=30.832859590649605 5.0048602968454343 1.7097685560584057 3.9906800538301459 5.976897247135641 14.602116346359255 3.0361521542072287 4.3467926830053321 2.7953455448150635 3.7944362610578528 1.4676363468170155 3.6225594207644463 1.4737737402319897 3.2717908769845954 4.0147758424282074 75.604622289538383 11.537733830511568 25.150238141417507 23.873501643538475 1.5318692997097958 1.4604602530598638 1.3100668266415598 1.25543689727783 1.313810110092162 2.329236961901187 1.3502210825681675 1.2427526786923406 1.2440287992358205 5.9610968753695488
leaf_count=376 56 17 15 38 66 12 17 11 17 9 30 12 15 19 358 141 307 262 17 15 15 15 15 27 15 15 15 73
internal_value=-7.32045e-05 0.043922 0.0570305 0.0147956 0.0378316 -0.0399549 0.0595115 -0.00899914 0.075375 -0.0646411 -0.066821 -0.0645502 0.0748693 0.0756154 0.0747954 -0.0644696 -0.0645753 -0.0647999 -0.0645639 -0.0649616 -0.0647263 -0.0643361 -0.0642748 -0.0642802 -0.0642535 -0.0644411 -0.0642399 -0.0642222
internal_weight=245.106 145.777 130.061 39.3847 27.7212 11.6636 18.9489 8.77224 90.6763 99.329 8.62742 97.8614 86.6856 7.80921 78.8764 96.3876 61.8753 35.4112 15.7155 5.72305 4.01328 9.99243 26.464 34.5123 32.1831 2.55282 8.46056 7.20513
internal_count=2000 836 654 230 132 98 83 49 424 1164 86 1155 409 36 373 1143 725 403 182 62 45 120 322 418 391 30 103 88
is_linear=0
shrinkage=0.08


Tree=55
num_leaves=29
num_cat=0
split_feature=3 0 1 2 0 0 2 6 2 1 1 1 2 6 5 0 3 4 2 2 3 5 6 4 6 0 1 6
split_gain=153.335 9.8209 6.40474 2.40822 3.05163 1.06699 3.5029 0.321749 0.171151 0.0551273 0.00921351 0.0087435 0.00240681 0.000447341 0.000578091 0.00219683 0.00183732 0.000356005 0.000325772 0.000107154 0.000104058 5.3734e-05 4.83927e-05 2.11126e-05 5.62321e-06 9.62457e-06 1.25181e-06 1.26992e-06
threshold=2.5332133851342156 69.345801954542495 393.43819303546229 1.1926608832659651 83.077234892710734 56.63486483070966 1.2233147230744053 0.33065315793440692 1.2841533712357114 408.62908539716943 387.68056971495542 329.6764113701588 1.1169803025448064 0.574978740179655 0.10452467295480654 56.426088349838089 36.257792903644237 1.0000000180025095e-35 1.1280059144029526 1.1310453818201396 23.98154850955984 2.2653430050248358 0.43426316295632844 1.0000000180025095e-35 0.59086320123563218 20.019422080825109 381.0517101309552 0.61150667615532395
decision_type=2 2 2 2 2 2 2 2 2 2 2 2 2 2 2 2 2 2 2 2 2 2 2 2 2 2 2 2
left_child=1 5 3 -3 -5 8 10 -4 9 11 12 -1 -7 14 19 16 -16 -18 20 22 -17 -20 23 -2 -15 -26 27 -27
right_child=13 2 7 4 -6 6 -8 -9 -10 -11 -12 -13 -14 24 15 18 17 -19 21 -21 -22 -23 -24 -25 25 26 -28 -29
leaf_value=0.079128867062044042 -0.06422297847610503 0.078423029680413855 -0.043768693627168002 0.054124277365576762 -0.032691596806301425 0.078094025735755079 0.0091969580365564314 -0.082828364486327966 0.094165176670109471 0.085564909831028296 0.080870248674472109 0.07507224182653216 0.075602710933547618 -0.064346600406695903 -0.067508671816435342 -0.064509700929473973 -0.065271115177417169 -0.064443412831997754 -0.064701571462990146 -0.065011002425306746 -0.065345579158966105 -0.064238105991430178 -0.064730114999536528 -0.064541818334388448 -0.063973998770295679 -0.064271939958390603 -0.064280538491195388 -0.064193582339876723
leaf_weight=3.5738828033208838 27.925879523158084 5.9919432029128137 2.8378254771232596 5.7229868471622449 4.7353883683681488 3.3858659863472047 6.8868861049413672 2.5738874897360802 3.3652700185775748 3.4858744889497748 3.5670049041509619 70.06947948038578 9.2944959551095945 1.5862104967236543 2.2494278997182873 1.553848274052142 15.862349085509779 4.2079977318644515 1.6841586604714383 1.2648195549845684 2.465671494603157 32.428134128451347 1.3380668237805355 1.3955802395939816 1.2407655939459825 1.4059509113431037 1.2417311593890179 22.630369521677494
leaf_count=15 341 26 18 20 28 15 24 18 11 14 15 329 43 19 19 18 167 50 19 14 25 395 15 16 16 17 15 278
internal_value=-1.62317e-05 0.0618738 0.0131485 0.0379842 0.0148154 0.0721531 0.057011 -0.062346 0.076505 0.0757344 0.0772783 0.0752691 0.0762679 -0.0644798 -0.0645648 -0.0647102 -0.0653406 -0.0650976 -0.0643413 -0.0642894 -0.0650224 -0.064261 -0.0642596 -0.0642382 -0.0642003 -0.0641915 -0.0642022 -0.0641982
internal_weight=245.972 125.491 21.862 16.4503 10.4584 103.629 23.1343 5.41171 80.4945 77.1292 16.2474 73.6434 12.6804 120.481 92.3759 60.4516 22.3198 20.0703 38.1318 31.9243 4.01952 34.1123 30.6595 29.3215 28.105 26.5188 25.2781 24.0363
internal_count=2000 576 110 74 48 466 97 36 369 358 73 344 58 1424 1079 693 236 217 457 386 43 414 372 357 345 326 310 295
is_linear=0
shrinkage=0.08


Tree=56
num_leaves=31
num_cat=0
split_feature=5 6 3 2 1 2 0 1 0 6 1 2 4 1 5 0 3 6 6 3 6 2 5 0 3 2 1 2 4 3
split_gain=92.8944 19.0388 10.8148 9.92927 6.83175 2.98877 2.61118 1.54309 1.68693 0.581852 0.570379 0.904971 0.525152 0.251536 0.120048 0.00591015 0.000527716 0.00155022 0.00040757 0.000145517 0.000269118 0.000211929 0.000172834 0.000487939 0.000122072 8.67744e-05 4.31786e-05 3.45229e-05 9.87192e-06 5.6994e-06
threshold=0.54493483522515385 0.44846936668611254 6.5004226825522613 1.1093572902128772 336.57689643636428 1.1516694815851138 39.249053016537339 352.87330825217344 45.654853419059101 0.36849046224728021 338.27831677816749 1.1280059144029526 1.0000000180025095e-35 319.55487930598815 0.29493978815514993 18.865205549377901 23.98154850955984 0.44251632769839316 0.54407547518684252 0.89314127574670277 0.48504766113931419 1.265948454950921 2.1005953413921725 54.781068669324092 2.2245239750523376 1.1208297994279526 342.54928075396862 1.1534028287219036 1.0000000180025095e-35 2.2831032082494001
decision_type=2 2 2 2 2 2 2 2 2 2 2 2 2 2 2 2 2 2 2 2 2 2 2 2 2 2 2 2 2 2
left_child=1 2 27 4 6 12 9 8 -6 -2 11 -5 14 -13 -4 -3 29 -18 -15 20 21 -12 23 -21 -24 -17 -27 -1 -29 -9
right_child=3 15 5 10 7 -7 -8 16 -10 -11 19 13 -14 18 -16 25 17 -19 -20 22 -22 -23 24 -25 -26 26 -28 28 -30 -31
leaf_value=-0.064488125781937328 0.083134734103786023 -0.069606607168390622 0.072350628643914616 -0.0093586825348663371 0.01409000405771701 -0.0040192525696074819 -0.011938614520421709 -0.063781554421528025 -0.066158116223054883 0.039304720285360334 -0.063957394018348948 -0.035454197184227744 0.047830238253192638 -0.065034203396454549 0.082304402795261231 -0.064651948767576267 -0.067028920660990726 -0.064016407609104958 -0.06386241381311604 -0.063949848357022707 -0.065332977144440404 -0.065090654371335557 -0.064137676536896879 -0.065078679102681031 -0.063763059625030233 -0.064386479617617329 -0.063832302659150936 -0.064118552253720318 -0.063813899873241889 -0.063989600661495685
leaf_weight=1.2898183912038792 4.6530126780271548 1.6855938956141461 78.005371019244194 3.2470180764794341 4.6936973705887786 3.4503820687532416 4.3919327482581139 2.6621184647083269 2.608085073530674 3.3226186856627464 9.3089286126196367 2.4862084612250319 5.4922179728746405 4.9177346304059011 8.6105586886405927 2.32403314858675 1.71121060103178 3.0272455587983131 3.0954352617263794 19.028949208557609 1.2382043451070774 1.1912673786282528 6.5535647943615905 2.8129595816135398 36.980942480266094 1.4147674888372423 2.4721096754074097 1.5791345834732056 1.1965135857462883 1.2330807447433469
leaf_count=15 21 14 395 23 29 17 27 36 27 18 122 23 27 55 36 27 15 39 41 250 13 13 83 32 500 17 33 20 16 16
internal_value=0.000252411 0.0541663 0.063644 -0.0483935 -0.0070175 0.0690807 0.0375974 -0.0416433 -0.0145734 0.0648753 -0.061282 -0.0462694 0.071819 -0.0576843 0.0733401 -0.0654054 -0.0645373 -0.0651043 -0.0645815 -0.0639582 -0.0642175 -0.064086 -0.0639116 -0.0640952 -0.0638195 -0.0642652 -0.064034 -0.0641461 -0.0639872 -0.0638474
internal_weight=226.685 107.521 99.624 119.164 28.303 95.5585 12.3676 15.9354 7.30178 7.97563 90.8612 13.7464 92.1081 10.4994 86.6159 7.8965 8.63366 4.73846 8.01317 77.1148 11.7384 10.5002 65.3764 21.8419 43.5345 6.21091 3.88688 4.06547 2.77565 3.8952
internal_count=2000 617 526 1383 228 475 66 162 56 39 1155 142 458 119 431 91 106 54 96 1013 148 135 865 282 583 77 50 51 36 52
is_linear=0
shrinkage=0.08


Tree=57
num_leaves=31
num_cat=0
split_feature=3 0 6 4 2 1 6 2 6 1 6 4 2 0 6 0 2 0 3 3 6 0 1 5 3 6 3 4 1 2
split_gain=73.8162 52.6276 11.5897 8.14938 6.71849 7.29482 0.061781 0.0317303 0.025627 0.0351371 0.00626283 0.00242086 0.00207263 0.000860552 0.000210691 0.000530564 0.00014251 0.00105451 0.000181412 0.000142067 8.46655e-05 7.60909e-05 0.000153557 0.000104047 0.000157201 6.30672e-05 3.44702e-05 2.75458e-05 3.90157e-06 1.0221e-06
threshold=15.585168557084573 18.016187737038674 0.44846936668611254 1.0000000180025095e-35 1.1555872050402443 357.89772287073265 0.51467215361942853 1.1208297994279526 0.38564955540573037 348.24161259244931 0.59086320123563218 1.0000000180025095e-35 1.1425714719683042 20.019422080825109 0.49231634421405485 61.110568094063893 1.280815452576809 56.63486483070966 2.5332133851342156 2.3897939099155585 0.43637415851164313 55.510701166490136 409.59854941339842 2.1005953413921725 2.2245239750523376 0.574978740179655 2.4671378854976367 1.0000000180025095e-35 348.24161259244931 1.185671389680045
decision_type=2 2 2 2 2 2 2 2 2 2 2 2 2 2 2 2 2 2 2 2 2 2 2 2 2 2 2 2 2 2
left_child=14 12 3 4 5 -3 7 -4 9 -5 11 -8 20 -12 16 -16 21 -18 -19 -17 27 22 26 -23 -25 29 -1 28 -2 -21
right_child=1 2 6 8 -6 -7 10 -9 -10 -11 13 -13 -14 -15 15 19 17 18 -20 25 -22 23 -24 24 -26 -27 -28 -29 -30 -31
leaf_value=-0.063701179118342097 -0.063729324927695008 -0.03974991795192355 0.085360115780797427 0.068384615584913877 0.069776480774120325 0.082715328707261268 0.077019163044080588 0.075377478798636793 0.082373931944116671 0.079146397981077449 0.074385581908911133 0.074084153637402311 -0.06724254145831729 0.073053496357739375 -0.065611174434610287 -0.0647108466063753 -0.066046308170552556 -0.064567267914734383 -0.063735540993122189 -0.063809895804367037 -0.064425176044392587 -0.064595392642915389 -0.064719817405465355 -0.064163041999551099 -0.063767059938572401 -0.064374549403563824 -0.064133196978034115 -0.064116429135667646 -0.063876257348180143 -0.063723028837317938
leaf_weight=23.124358162283905 24.240532353520408 19.719915337860591 4.3868778198957425 3.3220132514834386 6.8264614492654792 3.6964353919029227 3.754773721098899 3.8056067526340485 4.2311903983354568 4.6729944944381714 3.2748820632696143 3.4522562772035599 1.155232362449168 59.410951599478722 1.686197504401205 1.6330353692173956 1.6546728014945973 2.0459585189819327 9.3411757946014387 1.1219707503914831 1.2617106288671482 1.5312607437372232 1.0314556285738934 10.353984721004965 16.87128472328186 1.2718978300690649 1.2456821054220188 1.2817095443606366 1.2145527601242054 3.812966525554657
leaf_count=317 330 118 17 15 28 16 17 18 18 21 16 17 10 304 17 19 15 24 127 15 15 19 12 131 228 16 16 16 16 52
internal_value=-0.000167896 0.0325318 0.0558572 0.0222228 -5.90782e-05 -0.0204179 0.0741503 0.0807229 0.0773393 0.0746748 0.0733799 0.0756133 -0.0639218 0.0731231 -0.0639717 -0.0643238 -0.0639218 -0.0641592 -0.063885 -0.0640469 -0.0637848 -0.0638646 -0.0637637 -0.0639537 -0.0639177 -0.0638722 -0.0637233 -0.0637546 -0.0637363 -0.0637428
internal_weight=226.434 149.708 120.554 42.469 30.2428 23.4164 78.0853 8.19248 12.2262 7.99501 69.8929 7.20703 29.1537 62.6858 76.7259 9.52607 67.1998 13.0418 11.3871 7.83987 27.9985 54.158 25.4015 28.7565 27.2253 6.20684 24.37 26.7368 25.4551 4.93494
internal_count=2000 992 605 216 162 134 389 35 54 36 354 34 387 320 1008 119 889 166 151 102 377 723 345 378 359 83 333 362 346 67
is_linear=0
shrinkage=0.08


Tree=58
num_leaves=28
num_cat=0
split_feature=0 3 3 2 0 1 5 2 1 0 2 1 0 2 3 5 6 6 6 1 2 2 0 2 0 3 0
split_gain=95.7363 28.1338 14.1397 6.60527 3.85731 3.79532 1.53374 1.29568 0.625317 0.0542694 0.00595497 0.00579643 0.000509399 0.000299896 0.000267164 0.00058232 0.00144975 0.00019745 0.000138647 0.00012013 0.000105128 6.71476e-05 5.65358e-05 4.9755e-05 6.82589e-06 1.68499e-06 6.97099e-07
threshold=54.781068669324092 15.585168557084573 2.5332133851342156 1.1832552798843781 100.14531745827989 369.81329351335984 3.5153130186709602 1.2748323281590366 399.36789473572895 59.042743918427284 1.2864633874720737 412.35448837210396 62.693707023028139 1.1208297994279526 6.5004226825522613 0.10452467295480654 0.57945119337339823 0.57945119337339823 0.48632166333064913 340.97206503135709 1.1310453818201396 1.1110528296882973 60.00706085282372 1.2648794475192584 73.887632594842827 80.245916234628424 67.705560883933444
decision_type=2 2 2 2 2 2 2 2 2 2 2 2 2 2 2 2 2 2 2 2 2 2 2 2 2 2 2
left_child=10 2 3 4 8 7 -7 -5 -2 -4 11 14 -11 -14 18 20 -17 19 23 -3 -16 -21 -19 -1 -23 -24 -27
right_child=1 17 9 5 -6 6 -8 -9 -10 12 -12 -13 13 -15 15 16 -18 22 -20 21 -22 24 25 -25 -26 26 -28
leaf_value=-0.063695035139987435 -0.067604374305339429 -0.065042204552009694 0.082806529887408387 -0.030103925803864052 0.077647959785595466 0.033355343020409337 0.0796271592195755 0.03639193075873582 -0.011417176916641705 0.073795519490928427 -0.06943783309278026 -0.069749884287267611 0.073672513575048768 0.072858982358092628 -0.063780207332424732 -0.064762278091510861 -0.063714511637923993 -0.06431275154799225 -0.064637569140131967 -0.064660696236738063 -0.064560036988018807 -0.064079779603037915 -0.063846324420060802 -0.064227699922671549 -0.06380419512978816 -0.063797876787627439 -0.063728453996246812
leaf_weight=21.925019420683391 7.6917170509695989 1.5824050158262242 3.7352054417133322 5.7745922580361384 1.5611416101455677 9.3586151823401469 8.9872374385595304 2.7773759514093399 1.517818287014961 4.2138423025608054 1.3397090211510647 1.1327403113245953 3.0213216990232459 72.238857269287109 27.612002402544025 19.139972377568483 15.134897649288176 1.3797456920146922 1.1101265773177136 1.3244622647762301 1.1525471061468113 1.1830116510391238 1.1295851096510885 1.1828479021787632 1.1195924356579778 1.1189140379428861 5.3607797250151634
leaf_count=301 82 17 15 38 7 43 40 11 9 21 9 9 15 373 372 224 207 17 13 15 14 15 15 15 15 15 73
internal_value=-9.03193e-05 0.04246 0.0549731 0.0143069 -0.038633 0.0355056 0.0560229 -0.00850843 -0.0583442 0.0733825 -0.0641442 -0.0640639 0.0729396 0.0728916 -0.0639901 -0.0640769 -0.0642996 -0.0640687 -0.0637643 -0.0644606 -0.0638115 -0.0642068 -0.0638416 -0.0637223 -0.0639458 -0.0637562 -0.0637404
internal_weight=224.806 135.076 120.878 37.6685 10.7707 26.8978 18.3459 8.55197 9.20954 83.2092 89.7299 88.3902 79.474 75.2602 87.2574 63.0394 34.2749 14.1985 24.218 5.20947 28.7645 3.62707 8.98902 23.1079 2.3026 7.60928 6.47969
internal_count=2000 836 654 230 98 132 83 49 91 424 1164 1155 409 388 1146 817 431 182 329 62 386 45 120 316 30 103 88
is_linear=0
shrinkage=0.08


Tree=59
num_leaves=30
num_cat=0
split_feature=3 0 1 2 0 0 2 6 2 1 1 1 2 6 0 0 3 1 4 2 2 6 1 3 6 0 0 1 6
split_gain=134.444 8.90226 5.61574 2.13511 2.62072 1.0476 3.22369 0.319405 0.116556 0.0518138 0.00768984 0.00703348 0.00172589 0.000388249 0.00051112 0.00188055 0.000805188 0.00033132 0.000270036 0.000254769 0.000104406 4.5503e-05 4.31737e-05 2.22432e-05 4.0531e-06 6.17142e-06 3.91456e-06 1.01265e-06 9.12275e-07
threshold=2.5332133851342156 69.345801954542495 393.43819303546229 1.1926608832659651 83.077234892710734 56.63486483070966 1.2233147230744053 0.32435073007857979 1.2841533712357114 410.76907675009301 388.98740026030288 329.6764113701588 1.1135905842015423 0.574978740179655 60.00706085282372 17.521642935875622 43.720929547172766 352.87330825217344 1.0000000180025095e-35 1.104128564748138 1.1310453818201396 0.43637415851164313 365.79629857686501 51.177425041706272 0.59086320123563218 20.019422080825109 68.246074016076761 381.0517101309552 0.61150667615532395
decision_type=2 2 2 2 2 2 2 2 2 2 2 2 2 2 2 2 2 2 2 2 2 2 2 2 2 2 2 2 2
left_child=1 5 3 -3 -5 8 10 -4 9 11 12 -1 -7 14 15 20 17 -17 -18 22 21 -2 -16 26 -15 -26 -21 28 -27
right_child=13 2 7 4 -6 6 -8 -9 -10 -11 -12 -13 -14 24 19 16 18 -19 -20 23 -22 -23 -24 -25 25 27 -28 -29 -30
leaf_value=0.076910171444001682 -0.063762097381351177 0.075031826778260383 -0.040639105967510122 0.050733211095426896 -0.030906474708583258 0.075850296104313042 0.0087819973659915909 -0.080649673429119328 0.089351907997687316 0.084638390858721685 0.078696116906769448 0.073138680907320841 0.073662704000777443 -0.063853815496945229 -0.064874836539126193 -0.06657056315648166 -0.064731526985923604 -0.06510846221384721 -0.063978864342313424 -0.063839783528169561 -0.0645611087121222 -0.064261194460095081 -0.064229458181006158 -0.064012820861053865 -0.063531541635587704 -0.063786119260186333 -0.063737158876430652 -0.063798260577618449 -0.063716103678957567
leaf_weight=3.3269003629684439 26.561705052852638 5.6999808400869396 2.558738410472869 5.571492984890936 4.5894295871257782 3.1329046338796642 6.8000445663928977 2.5490661039948463 3.2038816213607779 2.6919509619474402 3.1279756575822821 64.886215671896935 8.7675313502550107 1.4270151108503366 1.4575467929244035 1.9527715891599684 14.150986436754467 2.0158794671297073 3.8891419768333426 2.6279128938913408 1.1525660753250111 1.2229227051138867 1.2175551801919935 2.1705326363444319 1.1183009669184709 1.265030637383467 25.095000654459 1.1186341270804394 20.355364181101322
leaf_count=15 359 26 17 20 28 15 24 19 11 11 14 332 44 19 16 19 164 22 51 35 14 15 15 28 16 17 341 15 278
internal_value=4.88984e-06 0.0595688 0.0123484 0.0358426 0.0138586 0.0698896 0.0544862 -0.0606065 0.0744266 0.0737522 0.0751664 0.0733226 0.0742386 -0.0639975 -0.0640807 -0.0642389 -0.0647962 -0.0658279 -0.0645693 -0.0638331 -0.063815 -0.0637841 -0.0645811 -0.0637662 -0.0637229 -0.063715 -0.0637469 -0.063724 -0.0637202
internal_weight=225.705 116.906 20.9687 15.8609 10.1609 95.9374 21.8285 5.1078 74.1089 70.9051 15.0284 68.2131 11.9004 108.799 83.5145 50.946 22.0088 3.96865 18.0401 32.5685 28.9372 27.7846 2.6751 29.8934 25.2843 23.8573 27.7229 22.739 21.6204
internal_count=2000 576 110 74 48 466 97 36 369 358 73 347 59 1424 1079 644 256 41 215 435 388 374 31 404 345 326 376 310 295
is_linear=0
shrinkage=0.08


Tree=60
num_leaves=31
num_cat=0
split_feature=5 6 3 2 0 4 3 2 1 1 0 6 4 3 6 0 1 2 2 6 6 3 6 2 0 0 3 2 2 1
split_gain=81.1286 16.56 9.36814 9.16681 5.94966 5.68335 3.42198 2.65555 1.43767 0.606695 0.911304 1.86756 0.511826 0.12012 0.00717095 0.00442301 0.00337694 0.0021236 0.000701165 0.000563547 0.000240875 0.000146998 0.000244638 0.000170926 0.000123174 0.000493671 0.000109953 7.03699e-05 6.15704e-05 3.46055e-05
threshold=0.54493483522515385 0.44846936668611254 6.5004226825522613 1.1093572902128772 51.953923313740901 1.0000000180025095e-35 40.426448521239223 1.1516694815851138 336.57689643636428 338.27831677816749 50.0353101542537 0.39678571165757093 1.0000000180025095e-35 421.63682716945078 0.49019197258658714 18.865205549377901 341.46372117370066 1.1301445404906845 1.1516694815851138 0.32435073007857979 0.44111613222765272 0.89314127574670277 0.48504766113931419 1.265948454950921 56.426088349838089 55.224731316891329 2.2245239750523376 1.091281378367368 1.1208297994279526 356.0497990851195
decision_type=2 2 2 2 2 2 2 2 2 2 2 2 2 2 2 2 2 2 2 2 2 2 2 2 2 2 2 2 2 2
left_child=1 2 -1 4 5 6 -2 12 -8 10 11 -5 13 -4 -7 -3 -6 -12 -13 -18 -19 22 23 -11 25 -23 -26 -16 -17 -21
right_child=3 15 7 9 16 14 8 -9 -10 21 17 18 -14 -15 27 28 19 20 -20 29 -22 24 -24 -25 26 -27 -28 -29 -30 -31
leaf_value=-0.063673866299722964 -0.05043111382150376 -0.068629553479905001 0.072725298455066381 0.024085795563003751 -0.068079771347872756 -0.070854872296825772 0.076669250829807134 -0.0028167654969391532 0.01965120560628086 -0.063546748923664714 -0.067517336409106246 -0.065850588730190354 0.045480271950816685 0.064188676595754737 -0.063541442973959486 -0.064123297836193652 -0.06535587266125524 -0.064653372497592468 -0.063469775200489895 -0.064030392848140188 -0.06354281927813285 -0.063528727359420847 -0.064908699515038512 -0.064609412466486285 -0.063709802985524477 -0.06505837416267013 -0.063342005713051042 -0.064432145648784148 -0.063574524917160549 -0.063521710200443712
leaf_weight=3.6550075337290755 2.2344226390123429 1.5343457311391819 67.060389205813408 2.9131123051047307 1.9025474414229382 1.7083785831928247 8.2182731106877309 3.3510218784213057 4.3168016374111167 8.4177206307649595 1.5902204811573026 1.5933325886726382 5.2014983892440787 12.518567234277723 1.1169990152120592 2.092209056019783 1.8659569174051283 2.8558163195848465 1.5735097080469129 1.2278347536921499 2.222875565290451 17.581577163189653 1.1410356685519207 1.0946925133466709 6.152744334191083 1.4626525938510884 33.665090959519148 1.1543230488896368 3.4930476620793343 2.8256821893155575
leaf_count=51 21 14 365 21 18 15 38 17 27 122 15 17 27 66 16 27 22 34 23 16 32 256 13 13 86 17 506 14 50 41
internal_value=0.000267482 0.0527107 0.0618276 -0.0473911 -0.00653905 0.0179121 0.0407756 0.0670324 0.0570335 -0.0605862 -0.0445436 -0.0221429 0.0697932 0.0713824 -0.0669393 -0.0648252 -0.0651478 -0.0649661 -0.0646676 -0.0642054 -0.0641673 -0.0635284 -0.0638018 -0.063669 -0.0634789 -0.0636462 -0.0633988 -0.0639941 -0.0637801 -0.0636758
internal_weight=207.742 98.9061 91.7865 108.836 26.5712 18.7492 14.7695 88.1315 12.5351 82.2644 12.7489 6.07995 84.7805 79.579 3.9797 7.1196 7.82202 6.66891 3.16684 5.91947 5.07869 69.5155 10.6534 9.51241 58.8621 19.0442 39.8178 2.27132 5.58526 4.05352
internal_count=2000 617 526 1383 228 131 86 475 65 1155 142 61 458 431 45 91 97 81 40 79 66 1013 148 135 865 273 592 30 77 57
is_linear=0
shrinkage=0.08


Tree=61
num_leaves=31
num_cat=0
split_feature=3 0 6 4 1 2 6 1 1 2 6 2 4 1 6 0 3 2 0 3 0 1 3 0 0 6 6 4 3 1
split_gain=65.2123 45.8412 10.6325 7.2745 5.83181 6.34 0.0462897 0.0269403 0.0286768 0.0235762 0.00425008 0.00204329 0.00166891 0.00065424 0.000171025 0.000398406 0.000149342 0.000104929 0.000731085 0.000179922 7.60859e-05 0.000115626 0.000100361 0.000228867 0.00015428 6.39824e-05 4.50563e-05 3.10771e-05 2.56161e-05 2.8595e-06
threshold=15.585168557084573 18.016187737038674 0.44846936668611254 1.0000000180025095e-35 357.89772287073265 1.1555872050402443 0.51467215361942853 342.73273928975914 359.98903518579215 1.1208297994279526 0.59086320123563218 1.1449053127469262 1.0000000180025095e-35 326.63879263033937 0.49231634421405485 61.110568094063893 2.3897939099155585 1.280815452576809 56.63486483070966 2.5332133851342156 55.510701166490136 409.59854941339842 2.2245239750523376 69.345801954542495 61.620323377003771 0.43637415851164313 0.574978740179655 1.0000000180025095e-35 2.4671378854976367 348.24161259244931
decision_type=2 2 2 2 2 2 2 2 2 2 2 2 2 2 2 2 2 2 2 2 2 2 2 2 2 2 2 2 2 2
left_child=14 11 3 4 5 -3 9 -5 -9 -4 12 25 -8 -12 17 -16 -17 20 -19 -20 21 28 23 -22 -24 27 -18 29 -1 -2
right_child=1 2 6 7 -6 -7 10 8 -10 -11 13 -13 -14 -15 15 16 26 18 19 -21 22 -23 24 -25 -26 -27 -28 -29 -30 -31
leaf_value=-0.063280357722766412 -0.063306723676193125 -0.0378137204119256 0.082395861757258368 0.069625233794544036 0.078086323034492006 0.064683655805139725 0.074841949781919451 0.082431467970684708 0.072514935323821417 0.073470847236127998 0.072294946073407737 -0.067026196589937567 0.072299979071587181 0.07139746856587513 -0.065045248465647576 -0.064332552564995635 -0.06331744378282575 -0.065361484841371317 -0.064175044801174655 -0.063310817153452034 -0.063383818279268214 -0.064211313667991765 -0.064307544686066073 -0.064133282502932099 -0.063337466968869688 -0.063946661700197652 -0.063880514049382137 -0.063734565731595277 -0.063672922574810734 -0.063439347856506401
leaf_weight=20.768690623342998 21.847404412925258 18.948153171688325 4.1294291317462912 3.9548591971397382 5.0043873488903037 4.8511039912700644 3.4608863145112982 3.9841313660144806 3.5110804438591003 3.4995550364255905 5.7806536257266989 1.0126486420631398 3.1643694788217545 51.610552698373795 1.5349926725029925 1.4983673021197317 4.4330934770405293 1.4977537840604771 1.8887973874807347 8.3903976678848249 5.6660241708159464 0.92984762787818809 1.1319589540362347 4.8312351293861866 14.358616404235361 1.1410943269729603 1.1442818492650983 1.1767871305346478 1.1212589740753163 1.0924863964319218
leaf_count=317 331 118 17 18 24 20 17 17 19 18 31 9 17 289 17 19 67 15 24 127 85 12 15 62 216 15 16 16 16 16
internal_value=-0.000148311 0.0315999 0.053927 0.0210277 -0.00041449 -0.0169212 0.0724113 0.0749674 0.0777861 0.0783018 0.0717093 -0.0635026 0.0736278 0.0714879 -0.0635433 -0.0638769 -0.0636235 -0.0634959 -0.0637102 -0.0634696 -0.0634442 -0.0633376 -0.0635378 -0.0637288 -0.0634084 -0.0633613 -0.063433 -0.0633336 -0.0633005 -0.063313
internal_weight=207.365 138.17 111.899 40.2537 28.8036 23.7993 71.6454 11.4501 7.49521 7.62898 64.0165 26.2704 6.62526 57.3912 69.1953 8.61074 7.07574 60.5846 11.7769 10.2792 48.8076 22.8198 25.9878 10.4973 15.4906 25.2578 5.57738 24.1167 21.8899 22.9399
internal_count=2000 992 605 216 162 138 389 54 36 35 354 387 34 320 1008 119 102 889 166 151 723 345 378 147 231 378 83 363 333 347
is_linear=0
shrinkage=0.08


Tree=62
num_leaves=27
num_cat=0
split_feature=0 3 3 0 6 2 0 1 2 1 0 1 3 5 6 2 6 6 1 2 2 0 2 0 3 0
split_gain=84.3899 24.4765 12.707 5.69058 6.10437 6.18703 0.0376185 0.0125644 0.00413079 0.00413778 0.000348085 0.000434144 0.000251046 0.000527441 0.0013023 0.000168096 0.000165157 0.000103814 0.000103226 0.000101819 5.81466e-05 3.9998e-05 3.50537e-05 4.83348e-06 1.19832e-06 4.91541e-07
threshold=54.781068669324092 15.585168557084573 2.5332133851342156 108.81191116301299 0.52036786008321523 1.2768040296594274 59.042743918427284 385.496253484043 1.2864633874720737 412.35448837210396 66.592874555955703 396.13619377328604 6.5004226825522613 0.10452467295480654 0.57945119337339823 1.1280059144029526 0.57945119337339823 0.48632166333064913 340.97206503135709 1.1310453818201396 1.1110528296882973 60.00706085282372 1.2648794475192584 73.887632594842827 80.245916234628424 67.705560883933444
decision_type=2 2 2 2 2 2 2 2 2 2 2 2 2 2 2 2 2 2 2 2 2 2 2 2 2 2
left_child=8 2 3 4 5 -2 -4 -5 9 12 11 -8 17 19 -15 -12 18 22 -3 -14 -20 -18 -1 -22 -23 -26
right_child=1 16 6 7 -6 -7 10 -9 -10 -11 15 -13 13 14 -16 -17 21 -19 20 -21 23 24 -24 -25 25 -27
leaf_value=-0.063274800674464421 -0.034216893562921034 -0.064561213483407306 0.079808788722238302 0.077836231625419541 0.11835550163316208 0.063665769832658911 0.072510710945319287 0.071372357771847195 -0.068327082685352605 -0.068672209411861571 0.071844623832628407 0.071208275647220529 -0.06335758187833157 -0.064335741097637955 -0.063291684150802677 0.0712058256112338 -0.063821904087846978 -0.064132513758829029 -0.064191851817288981 -0.064162121643296238 -0.063611940584323026 -0.063408389704176435 -0.06374633902890782 -0.063367164271995333 -0.063365069334037391 -0.063303556233733571
leaf_weight=19.690462604165084 20.431656077504165 1.4510390460491169 3.4745400995016089 3.392789050936698 2.426084339618682 5.1808260679244986 3.198065534234046 4.4473545253276825 1.2188998758792866 1.0299770943820465 2.751028209924697 3.3576260954141617 24.845982775092128 17.480288311839107 13.591092340648173 63.266261115670204 1.240772619843481 1.002441532909869 1.2066932246088984 1.0492450892925251 1.062164939939976 1.0147954449057577 1.0634688809514035 1.0046332553029058 1.0049558058381078 4.8137890845537186
leaf_count=301 164 17 15 15 8 18 17 25 9 9 15 19 372 224 207 358 17 13 15 14 15 15 15 15 15 73
internal_value=-0.000108903 0.0411779 0.0531621 0.0139184 -0.00292904 -0.0144174 0.071677 0.0741696 -0.0637051 -0.0636345 0.0712877 0.0718436 -0.0635685 -0.0636568 -0.0638791 0.0712324 -0.0636239 -0.0633374 -0.0639996 -0.0633902 -0.0637506 -0.063404 -0.063299 -0.063493 -0.0633282 -0.0633142
internal_weight=205.697 124.725 111.926 35.8787 28.0386 25.6125 76.0475 7.84014 80.9719 79.753 72.573 6.55569 78.723 56.9666 31.0714 66.0173 12.7988 21.7564 4.72453 25.8952 3.27349 8.07431 20.7539 2.0668 6.83354 5.81874
internal_count=2000 836 654 230 190 182 424 40 1164 1155 409 36 1146 817 431 373 182 329 62 386 45 120 316 30 103 88
is_linear=0
shrinkage=0.08


Tree=63
num_leaves=30
num_cat=0
split_feature=3 0 1 2 0 0 2 2 2 1 1 1 1 6 0 0 4 0 2 2 1 6 3 1 6 0 1 6 0
split_gain=117.932 8.08158 4.91947 1.86315 2.22134 1.05764 3.04416 0.567951 0.0805279 0.0416196 0.00671543 0.0057201 0.00143689 0.000341601 0.000472042 0.0015196 0.00046837 0.000527583 0.000164399 0.000101192 4.84082e-05 3.50812e-05 1.22777e-05 7.25951e-06 2.97743e-06 4.12347e-06 8.1609e-07 6.7003e-07 4.72376e-07
threshold=2.5332133851342156 69.345801954542495 393.43819303546229 1.1926608832659651 83.077234892710734 56.63486483070966 1.2233147230744053 1.190742068585575 1.2841533712357114 412.35448837210396 388.98740026030288 329.6764113701588 374.57593190940133 0.574978740179655 63.746101848213904 17.521642935875622 1.0000000180025095e-35 40.237867600035564 1.104128564748138 1.1310453818201396 338.27831677816749 0.43637415851164313 14.762725060944607 369.81329351335984 0.59086320123563218 20.019422080825109 381.0517101309552 0.61150667615532395 69.345801954542495
decision_type=2 2 2 2 2 2 2 2 2 2 2 2 2 2 2 2 2 2 2 2 2 2 2 2 2 2 2 2 2
left_child=1 5 3 -3 -5 8 10 -4 9 11 12 -1 -7 14 15 19 17 -17 -16 21 -18 -2 28 -24 -15 -26 27 -27 -20
right_child=13 2 7 4 -6 6 -8 -9 -10 -11 -12 -13 -14 24 18 16 20 -19 22 -21 -22 -23 23 -25 25 26 -28 -29 -30
leaf_value=0.075011557154292308 -0.063340884803526107 0.071646759135206767 -0.019196227678152041 0.047489800750922101 -0.028897403214158662 0.071878362008903879 0.0078143915218496403 -0.078029590098985538 0.085396851365229814 0.082507504081470243 0.076795347827775015 0.071479337448805719 0.073879674617318356 -0.06341758690904177 -0.06405804038858165 -0.064208727898408785 -0.064049603891781506 -0.065191524203009749 -0.063362722003369593 -0.064163217032686126 -0.063497959533484333 -0.06380177995033616 -0.063621828304735561 -0.063339934581725418 -0.06313388461615517 -0.063355822689245556 -0.063370116231939319 -0.063292514681762405 -0.06331253784511448
leaf_weight=3.0864473879337302 23.897128202021129 5.3868470266461399 1.5509063079953183 5.4157509505748731 4.42887844145298 7.6430410742759722 6.7328797578811637 3.2522705346345901 3.0261204838752738 2.3457953929901114 2.9253266155719748 59.479121759533882 3.2819250822067261 1.2820043563842798 2.1735318750143078 11.398807603865867 1.380435001105069 5.0420794934034339 1.270322747528559 1.0492682456970204 3.878439549356699 1.1058502122759808 1.4115998968482011 0.99807612597942341 1.0051136948168302 1.1364608705043853 1.0060590282082547 18.277307201176882 21.815965369343758
leaf_count=15 359 26 12 20 28 42 24 24 11 10 14 333 17 19 28 147 18 57 19 14 57 15 20 15 16 17 15 278 330
internal_value=-1.16678e-05 0.0574429 0.0115607 0.0338221 0.0131249 0.0678273 0.0519406 -0.0590328 0.0726405 0.0720458 0.0733911 0.0716536 0.0724796 -0.0635712 -0.0636531 -0.0638054 -0.0642999 -0.0645101 -0.0633902 -0.0633936 -0.0636428 -0.0633613 -0.0633332 -0.0635051 -0.0632992 -0.0632921 -0.0632999 -0.0632962 -0.0633153
internal_weight=206.684 108.555 20.0347 15.2315 9.84463 88.5207 20.5832 4.80318 67.9375 64.9114 13.8503 62.5656 10.925 98.1284 75.4215 47.752 21.6998 16.4409 27.6695 26.0522 5.25887 25.003 25.496 2.40968 22.7069 21.4249 20.4198 19.4138 23.0863
internal_count=2000 576 110 74 48 466 97 36 369 358 73 348 59 1424 1079 667 279 204 412 388 75 374 384 35 345 326 310 295 349
is_linear=0
shrinkage=0.08


Tree=64
num_leaves=31
num_cat=0
split_feature=5 6 2 3 0 4 3 4 0 1 1 2 0 1 0 5 2 6 1 6 6 0 6 3 0 2 0 0 3 2
split_gain=70.9497 14.4388 8.41057 7.89747 5.3219 4.9182 2.95343 1.83349 2.36563 1.3414 0.636585 0.900859 0.31744 0.279086 0.154471 0.800418 0.0837514 0.00527115 0.00299466 0.000437829 0.000358913 0.000294585 0.000363422 0.000141383 0.000248568 0.000148579 9.06892e-05 0.000358366 0.000105215 4.92425e-05
threshold=0.54493483522515385 0.44445615603327876 1.1093572902128772 6.5004226825522613 51.953923313740901 1.0000000180025095e-35 40.426448521239223 1.0000000180025095e-35 16.858645766898263 336.57689643636428 338.27831677816749 1.1280059144029526 18.286824643664829 319.55487930598815 19.341793380924816 0.3234241297619796 1.1425714719683042 0.49019197258658714 341.46372117370066 0.32435073007857979 0.44111613222765272 19.341793380924816 0.57945119337339823 0.81323856944636919 67.705560883933444 1.265948454950921 56.426088349838089 55.224731316891329 2.2245239750523376 1.091281378367368
decision_type=2 2 2 2 2 2 2 2 2 2 2 2 2 2 2 2 2 2 2 2 2 2 2 2 2 2 2 2 2 2
left_child=1 3 4 -1 5 6 -2 14 -9 -8 11 -4 -3 -13 16 -16 -5 -7 -6 -20 -15 -14 -23 24 25 -12 27 -25 -28 -19
right_child=2 12 10 7 18 17 9 8 -10 -11 23 13 21 20 15 -17 -18 29 19 -21 -22 22 -24 26 -26 -27 28 -29 -30 -31
leaf_value=-0.063261649689059174 -0.048981558977965065 -0.020135260972578634 -0.0044991389637984401 0.070029863877755297 -0.067581358068227557 -0.069721445935500934 0.07372893035961213 0.071622860503147895 -0.029448651282296245 0.017785039567557556 -0.063064748245544255 -0.030922530901200691 -0.065014692400012286 -0.064343077310982572 0.025214620688005 0.074327394639547212 0.084599562362272729 -0.063135810965827141 -0.064829629791732554 -0.063272286808572525 -0.063167145074186262 -0.064660940822369423 -0.063148948138262676 -0.063143269332690308 -0.064222435761439503 -0.064119506264604387 -0.063337178452009479 -0.064513733452664562 -0.062964720318971296 -0.063922153228497647
leaf_weight=3.1563023924827567 2.0957644879818025 1.2886536419391621 2.9380012452602378 61.370841264724731 1.7475979067385186 1.5532505996525281 7.7572144791483861 3.0784959793090811 2.857990175485611 4.243654727935791 6.0205978229641897 2.2010839246213418 1.1560763120651243 3.4810976795852184 2.9917428940534574 7.320254847407341 2.6334033757448188 1.0018410570919516 1.6914026141166685 3.6455410681664944 3.1772966682910919 1.4428586103022096 3.4502978548407555 16.246095523238186 2.0156719386577606 0.99615586921572674 5.7830513007938853 1.320407636463641 30.216272909194231 1.0375007241964338
leaf_count=49 21 11 23 378 18 15 38 17 15 27 99 23 14 45 14 35 11 16 22 57 51 18 55 263 26 13 89 17 506 14
internal_value=0.000284871 0.0514009 -0.0464898 0.0608658 -0.00611676 0.0173487 0.038644 0.0657477 0.0229642 0.0539465 -0.059934 -0.0428877 -0.0561863 -0.0556182 0.0691653 0.0600787 0.0706293 -0.0662102 -0.064707 -0.0637658 -0.0637819 -0.0638662 -0.0635948 -0.0631466 -0.0634394 -0.0632145 -0.0630973 -0.0632463 -0.0630246 -0.0635359
internal_weight=189.916 90.7469 99.1695 83.409 24.7738 17.6892 14.0966 80.2527 5.93649 12.0009 74.3957 11.7975 7.33789 8.85948 74.3162 10.312 64.0042 3.59259 7.08454 5.33694 6.65839 6.04923 4.89316 62.5983 9.03243 7.01675 53.5658 17.5665 35.9993 2.03934
internal_count=2000 617 1383 519 228 131 86 470 32 65 1155 142 98 119 438 49 389 45 97 79 96 87 73 1013 138 112 875 280 595 30
is_linear=0
shrinkage=0.08


Tree=65
num_leaves=31
num_cat=0
split_feature=3 0 6 4 1 2 6 1 1 2 6 2 4 1 6 0 3 2 3 1 0 2 5 1 3 0 1 6 4 3
split_gain=57.6277 39.9655 9.70812 6.42185 5.15464 5.48013 0.0338911 0.0318397 0.0209192 0.0173782 0.00295611 0.0018629 0.00119087 0.000484409 0.000117552 0.000307668 9.02104e-05 7.04853e-05 0.000256082 0.000144294 0.000130089 0.000111807 6.06287e-05 8.65042e-05 7.84916e-05 9.88452e-05 6.33587e-05 4.77468e-05 3.32604e-05 2.81102e-05
threshold=15.585168557084573 18.016187737038674 0.44846936668611254 1.0000000180025095e-35 357.89772287073265 1.1201643751438064 0.51467215361942853 342.73273928975914 359.98903518579215 1.1208297994279526 0.59086320123563218 1.1449053127469262 1.0000000180025095e-35 326.63879263033937 0.49231634421405485 73.887632594842827 2.7297844377920284 1.2503265511028416 2.3409113790645071 373.92183240764609 62.378676433208462 1.280815452576809 2.0627810017295025 409.59854941339842 0.81323856944636919 73.887632594842827 347.37027742329326 0.43637415851164313 1.0000000180025095e-35 3.8130769916734724
decision_type=2 2 2 2 2 2 2 2 2 2 2 2 2 2 2 2 2 2 2 2 2 2 2 2 2 2 2 2 2 2
left_child=14 11 3 4 5 -3 9 -5 -9 -4 12 27 -8 -12 17 16 -16 22 19 21 -20 -19 23 -1 25 -24 -26 28 -2 -17
right_child=1 2 6 7 -6 -7 10 8 -10 -11 13 -13 -14 -15 15 29 -18 18 20 -21 -22 -23 24 -25 26 -27 -28 -29 -30 -31
leaf_value=-0.062922527430477604 -0.06293634008398262 -0.046047869893867575 0.079734980051330048 0.066726516295593175 0.076385576214053633 0.035299748063935779 0.072986016543378274 0.079958294469100744 0.071158523861965625 0.071757636075370237 0.070778551031292131 -0.066610392706885971 0.07074111638168111 0.069970340818235888 -0.06463492492508903 -0.06341470556763093 -0.063637819628952735 -0.063597670497089684 -0.063866541797172771 -0.063222031037040216 -0.06293936891384852 -0.064526336027734846 -0.063144538435443126 -0.063754298915891128 -0.063556946549851639 -0.0640346920723181 -0.063029328775683943 -0.063516662339362748 -0.063391731440343713 -0.063004569391002699
leaf_weight=18.315561462193731 20.575495805591355 14.387435015290981 3.8540296107530585 3.733596019446848 4.6452646106481543 8.3912343680858594 3.1786837726831427 3.7353007197380066 3.2188384234905243 3.1978598833084106 5.2792212963104239 0.9445476308464994 2.8849084079265594 47.005316644906998 1.3646318987011903 1.4743040055036543 1.0108669474720953 1.7868366576731234 1.0727002024650563 2.4679189845919609 9.9700187034904939 1.5489920675754545 1.9093729779124289 0.83677905052900214 1.6303667873144139 1.3720877468585966 13.668657116591929 1.0295409895479668 1.0803466662764538 3.8953565657138824
leaf_count=311 347 102 17 18 24 36 17 17 19 18 31 9 17 289 16 23 15 26 15 39 168 18 31 12 25 18 226 15 16 65
internal_value=-0.000144338 0.0307462 0.0521763 0.0200824 -0.000418287 -0.0160809 0.070879 0.0726857 0.0758852 0.0761174 0.0702459 -0.0631293 0.0719179 0.0700519 -0.0631609 -0.0634525 -0.0642106 -0.0631195 -0.0632556 -0.0636858 -0.0630294 -0.0640289 -0.0630588 -0.0629589 -0.0631617 -0.0635167 -0.0630856 -0.0629844 -0.0629591 -0.0631172
internal_weight=189.466 127.142 103.512 38.1117 27.4239 22.7787 65.4 10.6877 6.95414 7.05189 58.3481 23.6299 6.06359 52.2845 62.3245 7.74516 2.3755 54.5793 16.8465 5.80375 11.0427 3.33583 37.7328 19.1523 18.5805 3.28146 15.299 22.6854 21.6558 5.36966
internal_count=2000 992 605 216 162 138 389 54 36 35 354 387 34 320 1008 119 31 889 266 83 183 44 623 323 300 49 251 378 363 88
is_linear=0
shrinkage=0.08


Tree=66
num_leaves=26
num_cat=0
split_feature=0 3 3 0 6 2 0 1 1 2 0 3 5 6 6 2 2 1 6 2 0 2 0 3 0
split_gain=74.395 21.3309 11.4793 5.00153 5.25628 5.28135 0.0261427 0.00942909 0.0028502 0.00293178 0.000238139 0.000227503 0.000466159 0.00113845 0.000142818 0.000140793 9.80541e-05 9.41037e-05 7.70122e-05 5.11487e-05 2.83667e-05 2.44832e-05 3.68674e-06 8.58988e-07 3.5279e-07
threshold=54.781068669324092 15.585168557084573 2.5332133851342156 108.81191116301299 0.52036786008321523 1.2768040296594274 59.042743918427284 385.496253484043 412.35448837210396 1.2864633874720737 62.693707023028139 7.5676313424853259 0.10452467295480654 0.51467215361942853 0.57945119337339823 1.1208297994279526 1.1310453818201396 340.97206503135709 0.48632166333064913 1.1110528296882973 60.00706085282372 1.2648794475192584 73.887632594842827 80.245916234628424 67.705560883933444
decision_type=2 2 2 2 2 2 2 2 2 2 2 2 2 2 2 2 2 2 2 2 2 2 2 2 2
left_child=8 2 3 4 5 -2 -4 -5 9 11 -8 18 16 -14 17 -12 -13 -3 21 -19 -16 -1 -21 -22 -25
right_child=1 14 6 7 -6 -7 10 -9 -10 -11 15 12 13 -15 20 -17 -18 19 -20 22 23 -23 -24 24 -26
leaf_value=-0.062903142169630027 -0.032232422559014581 -0.064157768295413919 0.077254208528922938 0.075869429017652715 0.11126469962351872 0.059406952497853251 0.07050695597487687 0.070048260939021556 -0.067703912744865605 -0.067343959374174686 0.070415842181992455 -0.062980363683290005 -0.063977386420431881 -0.062957379889618512 -0.06338881784509838 0.069805348980450335 -0.063808498646214823 -0.063780733503523215 -0.063680649190617652 -0.063201243200150178 -0.063021793139872634 -0.063319094189568534 -0.062975412206092055 -0.062983105490161007 -0.062928088451065373
leaf_weight=17.721491638571031 19.490332167595632 1.3342887759208659 3.2143001854419699 3.1651590317487708 2.3775994479656211 5.0724635720252982 3.5119963735342017 4.0718745738267899 0.93357206508517165 1.1050366610288609 2.5191774368286124 22.251361243426803 14.926781356334688 13.192424997687338 1.1147687174379823 60.005232572555542 0.95429069548845191 1.0981470234692099 0.90349717810749908 0.95340091735124566 0.91073729097843159 0.95442845299839874 0.8988189660012722 0.90171840041875828 4.3177293501794338
leaf_count=302 164 17 15 15 8 18 21 25 9 9 15 371 209 222 17 373 14 15 13 15 15 15 15 15 73
internal_value=-0.000118041 0.0399797 0.0514854 0.0135478 -0.00231393 -0.013308 0.0702089 0.0725942 -0.063312 -0.063255 0.069866 -0.0631913 -0.0632798 -0.0634988 -0.0632341 0.0698299 -0.0630144 -0.0636003 -0.0629593 -0.0633481 -0.0630176 -0.0629244 -0.0630917 -0.0629501 -0.0629376
internal_weight=187.901 114.958 103.428 34.1774 26.9404 24.5628 69.2507 7.23703 72.9429 72.0093 66.0364 70.9043 51.3249 28.1192 11.5296 62.5244 23.2057 4.28466 19.5794 2.95037 7.24495 18.6759 1.85222 6.13019 5.21945
internal_count=2000 836 654 230 190 182 424 40 1164 1155 409 1146 816 431 182 388 385 62 330 45 120 317 30 103 88
is_linear=0
shrinkage=0.08


Tree=67
num_leaves=26
num_cat=0
split_feature=3 6 2 0 1 2 2 5 0 5 6 4 2 2 2 6 6 1 4 6 1 0 0 6 4
split_gain=103.496 8.30469 6.61716 3.29377 3.09936 0.909488 0.601499 0.375567 0.000300636 0.000498084 0.0012318 0.000412514 0.000555919 9.79102e-05 7.12045e-05 5.9015e-05 3.83081e-05 3.26031e-05 3.22572e-05 1.59401e-05 6.47549e-06 2.48557e-06 1.557e-06 2.03197e-06 1.92544e-07
threshold=2.5332133851342156 0.50188100970818017 1.3146614766206868 84.696414843307849 373.00248079461431 1.1880704849486357 1.280815452576809 2.5744271535336991 63.746101848213904 0.10452467295480654 0.53393550074746365 1.0000000180025095e-35 1.0892558308695623 1.1310453818201396 1.104128564748138 0.59086320123563218 0.59086320123563218 338.27831677816749 1.0000000180025095e-35 0.43366189911064862 326.63879263033937 20.019422080825109 69.345801954542495 0.38564955540573037 1.0000000180025095e-35
decision_type=2 2 2 2 2 2 2 2 2 2 2 2 2 2 2 2 2 2 2 2 2 2 2 2 2
left_child=1 2 3 6 -5 -6 7 -1 9 13 11 12 -11 18 15 -10 -12 -13 19 -2 -16 -18 23 -22 -24
right_child=8 -3 -4 4 5 -7 -8 -9 14 10 16 17 -14 -15 20 -17 21 -19 -20 -21 22 -23 24 -25 -26
leaf_value=0.070525539443151083 -0.062943097843852991 -0.082104127362596771 -0.062210063949746638 0.074993862300105199 0.007142331332318297 -0.069590182358148248 0.038037654110104596 0.054449815839441265 -0.063623148860046663 -0.063549597245976766 -0.063338458281355564 -0.063614056494684462 -0.064559163913082043 -0.063809608845206076 -0.063158138091617702 -0.06293815573336467 -0.062783440634499255 -0.06312237441547372 -0.063395004978585232 -0.063249053769476093 -0.063093351633570202 -0.062920885389325415 -0.062945480790331784 -0.062938069934602395 -0.062931416824742389
leaf_weight=73.326184868812561 20.023430556058894 2.7318632416427127 2.7860633209347716 2.708627261221408 1.7676707878708837 2.2430526278913021 4.3681446611881247 10.652068749070166 1.9630476124584704 6.0017573274672058 1.4958567284047593 1.175597272813319 8.3436587303876859 0.95431720092892547 0.93279280513525265 1.3644466847181318 0.90284420922398467 3.2472014278173447 1.1488528251647938 1.1525458656251419 0.98913114890456499 12.510264862328766 11.891894027590752 1.1860246472060678 13.085567552596331
leaf_count=433 337 19 16 11 10 22 16 49 28 91 23 17 103 14 15 23 16 53 17 18 16 212 200 20 221
internal_value=-2.42092e-05 0.0554719 0.0593128 0.0628742 0.00887902 -0.0357714 0.066981 0.0684864 -0.063191 -0.0633006 -0.0634973 -0.0639285 -0.0641368 -0.0630161 -0.0629923 -0.0633423 -0.0629545 -0.0632531 -0.0629821 -0.0629598 -0.0629509 -0.0629116 -0.0629438 -0.0630087 -0.0629381
internal_weight=188.953 100.584 97.8518 95.0657 6.71935 4.01072 88.3464 83.9783 88.3692 56.9563 33.6772 18.7682 14.3454 23.2791 31.4129 3.32749 14.909 4.4228 22.3248 21.176 28.0854 13.4131 27.1526 2.17516 24.9775
internal_count=2000 576 557 541 43 32 498 482 1424 901 515 264 194 386 523 51 251 70 372 355 472 228 457 36 421
is_linear=0
shrinkage=0.08


Tree=68
num_leaves=31
num_cat=0
split_feature=5 6 2 2 6 3 1 1 4 0 1 0 6 2 6 5 3 0 2 1 2 6 3 0 2 0 0 3 2 1
split_gain=62.1527 12.2766 8.88705 6.89613 5.1989 5.53729 2.11344 1.86762 0.676484 0.669962 0.595259 0.772944 1.39633 0.258837 0.13633 0.129969 0.0385559 0.00274045 0.00134393 0.00116206 0.000465226 0.000145001 0.00011946 0.000226482 0.00012768 8.64457e-05 0.00024905 9.97619e-05 3.07895e-05 2.46224e-05
threshold=0.51403541100734984 0.44846936668611254 1.1093572902128772 1.1629623604192638 0.44846936668611254 40.426448521239223 340.97206503135709 355.5346778045851 1.0000000180025095e-35 23.918112030646483 338.27831677816749 50.0353101542537 0.39678571165757093 1.1010573164123267 0.29970010546995263 0.1627879603673025 2.1964695655714119 18.865205549377901 1.1320347528545687 332.13602608683306 1.1516694815851138 0.44111613222765272 0.81323856944636919 67.705560883933444 1.265948454950921 56.426088349838089 55.224731316891329 2.2245239750523376 1.115408641508483 346.42887972895704
decision_type=2 2 2 2 2 2 2 2 2 2 2 2 2 2 2 2 2 2 2 2 2 2 2 2 2 2 2 2 2 2
left_child=1 3 4 7 5 13 14 8 9 -1 11 12 -4 16 -7 -5 -2 -3 -13 -6 -14 -20 23 24 -12 26 -24 -27 -19 -21
right_child=2 17 10 15 19 6 -8 -9 -10 -11 22 18 20 -15 -16 -17 -18 28 21 29 -22 -23 25 -25 -26 27 -28 -29 -30 -31
leaf_value=0.067947834149447536 -0.063754935202003843 -0.067183360232720549 0.014719454919003162 -0.0362775481363945 -0.065661143148587661 0.079243791414789322 0.003640527679234395 0.00082480283140666576 0.037591820286589389 0.11049806449919361 -0.06272226836462054 -0.066228871037255235 -0.064829510328908574 -0.026839575059958168 0.058574172769278468 -0.068063843679805974 -0.083041994690208634 -0.063276135846598469 -0.06379083339306546 -0.063264874515570529 -0.062745300969874893 -0.062830217315599818 -0.062830629635587595 -0.063874204160621353 -0.063746129509488117 -0.0630115890512042 -0.064032376614021377 -0.062630822097009944 -0.062820713436763487 -0.062889009064022158
leaf_weight=62.57719237357378 2.2421074248850412 1.296587511897086 3.0681354962289316 1.5440126396715634 1.3137198127806176 4.7200754359364492 4.8001779317855826 2.7988981902599326 4.5321815572679034 2.4613967239856711 5.4004931226372701 1.4305169060826299 1.41720562055707 1.2778594829142091 3.5997385755181313 1.7636325992643831 0.94205981492996205 1.4476690851151941 2.3645771555602551 1.5988667756319044 1.3274383172392843 1.7499007247388361 14.926251638680698 1.8615056201815603 0.9110007770359515 5.2585433833301058 1.1917978227138508 27.092401560395956 2.7640115804970264 3.6891380697488785
leaf_count=413 36 14 22 21 14 25 29 22 29 12 99 16 18 14 19 18 10 23 34 25 24 31 268 26 13 89 17 506 49 64
internal_value=0.000300913 0.0513422 -0.0446509 0.0597351 -0.00299905 0.0197298 0.0459119 0.064898 0.0674757 0.0695582 -0.0594641 -0.0427489 -0.0223655 -0.057255 0.0703007 -0.053226 -0.0694612 -0.0639673 -0.0641167 -0.0635317 -0.0638215 -0.0633823 -0.0628158 -0.0630988 -0.0628701 -0.0627681 -0.0629195 -0.0626927 -0.0629773 -0.0630027
internal_weight=173.369 81.1856 92.1835 75.6773 24.1837 17.582 13.12 72.3697 69.5708 65.0386 67.9998 11.3578 5.81278 4.46203 8.31981 3.30765 3.18417 5.50827 5.54499 6.60172 2.74464 4.11448 56.642 8.173 6.31149 48.469 16.118 32.3509 4.21168 5.288
internal_count=2000 601 1399 515 236 133 73 476 454 425 1163 145 64 60 44 39 46 86 81 103 42 65 1018 138 112 880 285 595 72 89
is_linear=0
shrinkage=0.08


Tree=69
num_leaves=31
num_cat=0
split_feature=3 0 6 4 1 2 2 6 0 2 6 2 4 1 6 0 3 2 3 1 0 2 6 5 3 0 1 1 4 3
split_gain=50.9371 34.7946 8.99653 5.62503 4.55304 4.88722 0.0449451 0.026286 0.0193411 0.0134346 0.00206893 0.00152297 0.00084103 0.000444837 8.50053e-05 0.000244592 7.66278e-05 6.02772e-05 0.000237375 0.000115138 9.25761e-05 9.09263e-05 5.71707e-05 5.59704e-05 7.01169e-05 8.54376e-05 6.81949e-05 4.86681e-05 2.55543e-05 2.10406e-05
threshold=15.585168557084573 18.016187737038674 0.44846936668611254 1.0000000180025095e-35 357.89772287073265 1.1555872050402443 1.1198308422349739 0.51467215361942853 36.949313774280924 1.1208297994279526 0.59086320123563218 1.1458622578706501 1.0000000180025095e-35 326.63879263033937 0.49231634421405485 73.887632594842827 2.7297844377920284 1.2503265511028416 2.3409113790645071 373.92183240764609 62.378676433208462 1.280815452576809 0.43699389826257834 2.0627810017295025 0.81323856944636919 73.887632594842827 409.59854941339842 347.37027742329326 1.0000000180025095e-35 3.8130769916734724
decision_type=2 2 2 2 2 2 2 2 2 2 2 2 2 2 2 2 2 2 2 2 2 2 2 2 2 2 2 2 2 2
left_child=14 11 3 4 5 -3 -5 9 -8 -4 12 22 -9 -12 17 16 -16 23 19 21 -20 -19 28 26 25 -25 -1 -26 -2 -17
right_child=1 2 7 6 -6 -7 8 10 -10 -11 13 -13 -14 -15 15 29 -18 18 20 -21 -22 -23 -24 24 27 -27 -28 -29 -30 -31
leaf_value=-0.062590041048281447 -0.062604729311142943 -0.034504271262421483 0.07765878918972545 0.063188111655968798 0.07459320561886594 0.059883458489258724 0.078738027517977621 0.071396336486726511 0.069831818436565399 0.070352388199537985 0.069552909320510628 -0.066366381490576304 0.06942183365493583 0.068743210821997844 -0.064200232663279733 -0.063038416158384569 -0.063233592690149665 -0.063260078592689367 -0.063431368086619075 -0.062914999984238842 -0.062605849127988583 -0.064135124844374905 -0.063300641564095803 -0.06281465174093738 -0.06318844917728253 -0.063680550794825458 -0.063367217819425309 -0.062701581805584314 -0.063024975560159124 -0.062663830252126004
leaf_weight=16.403021007776264 18.655904859304439 17.376348346471794 3.591019168496131 3.6785550415515882 4.3063203394412986 4.3998055309057227 3.157176211476326 2.9100627899169913 3.0858194530010223 2.9205592125654221 4.8340894579887381 0.73222286999225517 2.6269191354513168 42.696899697184563 1.2449524998664849 1.3236143514513967 0.90739615634083737 1.6239434704184526 0.96315029263496299 2.2465942315757275 8.9329505413770658 1.4285241663455961 0.837176363915204 1.7229729555547266 1.4712322466075409 1.2645047232508657 0.75588937476277251 12.297322381287811 0.97442354634404083 3.4905666820704937
leaf_count=311 351 118 17 19 24 20 15 17 20 18 31 7 17 289 16 23 15 26 15 39 168 18 13 31 25 18 12 226 16 65
internal_value=-0.000152314 0.0299403 0.0505053 0.0189328 -0.000569748 -0.0154335 0.0702027 0.0695847 0.0743358 0.0743817 0.068996 -0.0627815 0.0704596 0.0688256 -0.0628223 -0.0630838 -0.0637927 -0.0627852 -0.0629176 -0.0633497 -0.0626862 -0.0636696 -0.0626532 -0.0627258 -0.0628298 -0.0631812 -0.0626243 -0.0627536 -0.0626256 -0.0627668
internal_weight=172.86 116.783 95.5836 36.004 26.0825 21.7762 9.92155 59.5795 6.243 6.51158 53.068 21.1997 5.53698 47.531 56.0766 6.96653 2.15235 49.1101 15.1952 5.29906 9.8961 3.05247 20.4675 33.9149 16.756 2.98748 17.1589 13.7686 19.6303 4.81418
internal_count=2000 992 605 216 162 138 54 389 35 35 354 387 34 320 1008 119 31 889 266 83 183 44 380 623 300 49 323 251 367 88
is_linear=0
shrinkage=0.08


Tree=70
num_leaves=29
num_cat=0
split_feature=0 3 3 2 0 1 5 6 1 0 2 1 3 0 6 5 0 1 6 1 2 6 2 2 0 0 3 0
split_gain=65.7312 18.6507 10.3136 4.48313 2.89874 2.77175 1.17976 1.07479 0.680441 0.0182267 0.00251982 0.00213737 0.000196976 0.00041371 0.00136114 0.000168214 0.000163324 0.00020942 0.000127928 8.20238e-05 7.47103e-05 5.64056e-05 4.50898e-05 2.15526e-05 2.00852e-05 3.52162e-06 6.1412e-07 2.53912e-07
threshold=54.781068669324092 15.585168557084573 2.5332133851342156 1.1832552798843781 100.14531745827989 369.81329351335984 3.5153130186709602 0.39678571165757093 401.21482319194348 59.042743918427284 1.2864633874720737 412.35448837210396 7.5676313424853259 35.551035626978248 0.28225137988555921 0.10452467295480654 66.592874555955703 396.13619377328604 0.57945119337339823 340.97206503135709 1.1280059144029526 0.48632166333064913 1.1110528296882973 1.2648794475192584 60.00706085282372 73.887632594842827 80.245916234628424 67.705560883933444
decision_type=2 2 2 2 2 2 2 2 2 2 2 2 2 2 2 2 2 2 2 2 2 2 2 2 2 2 2 2
left_child=10 2 3 4 8 7 -7 -5 -2 -4 11 12 21 15 -15 -14 17 -11 19 -3 -18 23 -21 -1 -20 -24 -26 -28
right_child=1 18 9 5 -6 6 -8 -9 -10 16 -12 -13 13 14 -16 -17 20 -19 24 22 -22 -23 25 -25 26 -27 27 -29
leaf_value=-0.062572385435846548 -0.066057516512190884 -0.063796744410806266 0.075070274099562226 0.013158200120161792 0.073840822982710816 0.030809977827970216 0.074571431200827612 -0.05014772665472176 -0.0021859917230535814 0.069565562614149909 -0.06688108722855432 -0.066892451099339598 -0.062676545658991972 -0.065874225600062591 -0.06301323818531436 -0.063013823685398512 0.06904612758444699 0.068570997193052832 -0.063004260376682414 -0.063430204758747763 0.068577772503637849 -0.063275974683196776 -0.062862920275218365 -0.062983384588424646 -0.062678462756464104 -0.062629999032472863 -0.062644041603906256 -0.062594729305564464
leaf_weight=15.869223352521661 6.1361338682472688 1.2243269681930526 2.95962269604206 5.2083527855575111 1.3168007284402845 8.7236127406358701 7.1940239816904059 2.5600183047354221 1.2922830805182455 2.6535658687353125 1.0372405052185047 0.84966344013810058 20.807416029274464 1.261401604861019 6.8099061511456966 17.359290115535259 2.2747388929128638 2.7687802612781525 0.99990280345082272 0.99992762878537211 52.209249824285507 0.81278381869196792 0.86045685037970521 0.86087812855839807 0.81609890609979618 0.80325407534837723 0.80788372457027424 3.8669877238571644
leaf_count=302 83 17 15 34 7 43 40 15 8 17 9 9 385 14 117 300 15 19 17 15 358 13 15 15 15 15 15 73
internal_value=-0.000112292 0.0389475 0.0500388 0.0133966 -0.0355542 0.0314699 0.0505881 -0.00770387 -0.0549461 0.0689418 -0.0629693 -0.0629065 -0.0628534 -0.06294 -0.0634604 -0.0628299 0.068639 0.0690577 -0.0628919 -0.0632548 0.0685973 -0.0626252 -0.0630056 -0.0625935 -0.0626745 -0.0627505 -0.0626144 -0.0626033
internal_weight=171.344 105.676 95.2972 32.4312 8.74522 23.686 15.9176 7.76837 7.42842 62.866 65.6678 64.6306 63.7809 46.238 8.07131 38.1667 59.9063 5.42235 10.3788 3.88797 54.484 17.5429 2.66364 16.7301 6.49087 1.66371 5.49097 4.67487
internal_count=2000 836 654 230 98 132 83 49 91 424 1164 1155 1146 816 131 685 409 36 182 62 373 330 45 317 120 30 103 88
is_linear=0
shrinkage=0.08


Tree=71
num_leaves=27
num_cat=0
split_feature=3 6 2 0 1 2 5 2 2 0 5 6 4 0 2 2 6 1 6 4 6 1 0 0 6 4
split_gain=90.8916 7.17207 5.825 3.0797 2.72855 0.838442 0.676926 1.73964 0.0433557 0.00026136 0.000433219 0.00105125 0.000352742 0.000461476 6.99704e-05 5.55332e-05 4.56609e-05 3.03281e-05 2.75936e-05 2.45414e-05 2.39573e-05 4.51965e-06 1.63651e-06 1.46884e-06 1.91115e-06 1.44775e-07
threshold=2.5332133851342156 0.50188100970818017 1.3146614766206868 84.696414843307849 373.00248079461431 1.1880704849486357 2.1318528699116901 1.2218549893343686 1.2841533712357114 63.746101848213904 0.10452467295480654 0.53393550074746365 1.0000000180025095e-35 40.237867600035564 1.1310453818201396 1.104128564748138 0.59086320123563218 338.27831677816749 0.59086320123563218 1.0000000180025095e-35 0.43637415851164313 326.63879263033937 20.019422080825109 69.345801954542495 0.38564955540573037 1.0000000180025095e-35
decision_type=2 2 2 2 2 2 2 2 2 2 2 2 2 2 2 2 2 2 2 2 2 2 2 2 2 2
left_child=1 2 3 6 -5 -6 8 -8 -1 10 14 12 13 -12 19 16 -11 -14 -13 20 -2 -17 -20 24 -23 -25
right_child=9 -3 -4 4 5 -7 7 -9 -10 15 11 18 17 -15 -16 21 -18 -19 22 -21 -22 23 -24 25 -26 -27
leaf_value=0.069408568686231853 -0.062608359301021196 -0.079747885789849232 -0.059923062924765153 0.069896207868832966 0.0056315062438968356 -0.069376008164535874 0.070464268217098711 0.026114481113483502 0.080276700395773393 -0.06324064265029658 -0.063446690872837802 -0.062963456916773644 -0.063271000995943433 -0.064470504981436361 -0.063386713015996396 -0.062799536336818645 -0.06260503434916162 -0.062773807860852349 -0.06247113446710377 -0.063026831845652026 -0.063061072922445421 -0.062763158805699645 -0.062588907819522546 -0.062611264715982787 -0.062604345017581026 -0.062598380644107193
leaf_weight=54.646241679787636 18.202312625944625 2.5093252249062052 2.631211455911397 2.6857323572039595 1.7524290159344675 2.0927712358534336 15.164460331201555 9.0319274216890317 2.4547040313482276 1.7712395675480395 9.0008487924933487 1.3419617451727379 1.075009256601333 4.1016329117119303 0.85487499460577865 0.8357075378298785 1.2226565591990946 2.9124481715261936 0.80965524911880393 1.0359218344092358 0.78018515929579635 0.89213442057371395 11.206232648342846 10.655173975974321 1.0625234283506868 11.722606118768454
leaf_count=362 342 19 16 11 10 22 93 33 10 28 140 23 17 54 14 15 23 53 16 17 13 16 212 200 20 221
internal_value=-3.82689e-05 0.0536633 0.0573641 0.0608778 0.00802385 -0.0351917 0.0651238 0.0539096 0.0698758 -0.0628512 -0.0629586 -0.0631511 -0.0635667 -0.0637672 -0.0626779 -0.0626554 -0.0629811 -0.0629078 -0.0626194 -0.0626477 -0.062627 -0.0626166 -0.062581 -0.0626103 -0.0626768 -0.0626045
internal_weight=172.452 92.9688 90.4595 87.8283 6.53093 3.8452 81.2973 24.1964 57.1009 79.4831 51.3211 30.4478 17.0899 13.1025 20.8733 28.162 2.9939 3.98746 13.3578 20.0184 18.9825 25.1681 12.0159 24.3324 1.95466 22.3778
internal_count=2000 576 557 541 43 32 498 126 372 1424 901 515 264 194 386 523 51 70 251 372 355 472 228 457 36 421
is_linear=0
shrinkage=0.08


Tree=72
num_leaves=31
num_cat=0
split_feature=5 6 2 2 0 6 6 1 1 1 4 5 1 2 6 2 1 3 0 1 6 6 1 3 3 5 2 0 0 3
split_gain=54.4023 10.7109 8.12278 6.94525 4.72515 3.89273 1.74539 2.81721 1.72974 1.39387 0.662628 0.699401 0.619452 0.793577 1.80699 0.0619652 0.0390951 0.00641832 0.00201926 0.00124361 0.000608071 0.000311734 0.000300529 0.00013024 0.000110413 0.000216044 0.000256277 0.000128685 0.000160695 8.81881e-05
threshold=0.51403541100734984 0.44846936668611254 1.1093572902128772 1.1642306672550393 39.249053016537339 0.46975384316758861 0.29369375044963064 327.40178908539065 355.5346778045851 340.97206503135709 1.0000000180025095e-35 0.45743029540704455 338.27831677816749 1.1555872050402443 0.39945569125365193 1.0738853702820175 334.25058636158025 78.687125668449951 18.865205549377901 320.64178551794527 0.41161973011781811 0.57945119337339823 343.3151894549498 2.0040905744430404 2.2245239750523376 2.652664168401587 1.280815452576809 58.318784863955841 54.781068669324092 1.5586745042494792
decision_type=2 2 2 2 2 2 2 2 2 2 2 2 2 2 2 2 2 2 2 2 2 2 2 2 2 2 2 2 2 2
left_child=1 3 4 8 5 9 7 -6 10 15 11 -1 13 14 -4 -2 -8 29 -3 -15 -18 -16 -7 -21 25 26 -14 28 -26 -5
right_child=2 18 12 17 6 22 16 -9 -10 -11 -12 -13 24 19 21 -17 20 -19 -20 23 -22 -23 -24 -25 27 -27 -28 -29 -30 -31
leaf_value=0.066734821470975036 0.069541949117623347 -0.066439353259990258 0.029058293926483705 -0.06240256295896731 0.094442540140527262 -0.0645134487282156 -0.077402989871963784 -0.050272846490729342 0.00083631482105623375 0.013594515409930768 0.035763625952380904 0.11579183384204816 -0.062410457271810299 -0.065653597728066018 -0.064543779565679277 0.085972773619123366 -0.064515010394216019 -0.070893679813048657 -0.06263920525924524 -0.063564501914803936 -0.06265505649773824 -0.0628288286201793 -0.062668312052806693 -0.062568470898655151 -0.062541554066030611 -0.063122092688196893 -0.063781246392100185 -0.06233195318054098 -0.063487856836180592 -0.063561608112228052
leaf_weight=57.64531397074461 3.8650278002023715 1.1732308380305756 2.5539555661380273 0.83728308230638437 1.3385690599679931 1.1314236372709268 1.6815995238721368 2.4127640016376972 2.7066764235496512 3.6605383045971394 4.2898419909179202 1.9219750314950932 12.571565043181181 1.6133665107190607 1.1031642779707911 2.3695317059755325 1.7160207033157346 1.0776330679655073 3.7721231691539288 1.4041073843836787 3.2659259289503098 1.7616240233182905 1.12837353721261 2.0920152142643929 7.0807768628001195 4.9795179404318324 0.93799542635679323 23.951715163886547 1.3708136342465875 0.8432806096971035
leaf_count=416 25 14 16 17 5 15 15 29 22 28 29 10 258 20 15 11 25 7 72 21 62 32 21 41 141 84 13 500 22 14
internal_value=0.00032589 0.0502065 -0.0437804 0.0583211 -0.00273909 0.0311442 -0.0422833 0.00136521 0.0634757 0.0527797 0.0661307 0.0683177 -0.0588615 -0.0411977 -0.0198698 0.0757867 -0.0668558 -0.0660744 -0.0635407 -0.0638163 -0.0632957 -0.0634892 -0.0635921 -0.0629685 -0.0625157 -0.0626717 -0.0625056 -0.0624267 -0.062695 -0.0629842
internal_weight=158.258 74.2674 83.9904 69.322 22.5698 12.1549 10.4149 3.75133 66.5638 9.8951 63.8571 59.5673 61.4206 10.5282 5.41874 6.23456 6.66355 2.7582 4.94535 5.10949 4.98195 2.86479 2.2598 3.49612 50.8924 18.4891 13.5096 32.4033 8.45159 1.68056
internal_count=2000 601 1399 515 236 100 136 34 477 64 455 426 1163 145 63 36 102 38 86 82 87 47 36 62 1018 355 271 663 163 31
is_linear=0
shrinkage=0.08


Tree=73
num_leaves=31
num_cat=0
split_feature=3 0 6 1 2 2 4 1 6 6 2 6 2 4 1 3 5 2 6 0 5 1 1 2 0 6 1 4 6 1
split_gain=45.0182 30.4118 8.22943 5.03909 3.03541 1.76944 1.476 0.765199 0.419974 0.0185118 0.00937448 0.00143472 0.00125963 0.000582402 0.000302607 7.91671e-05 0.000308406 0.000328041 0.000249493 0.000181286 0.000232552 0.000107273 9.48478e-05 0.000156182 5.4402e-05 4.27265e-05 2.88657e-05 2.67449e-05 2.18959e-05 3.12338e-06
threshold=15.585168557084573 18.016187737038674 0.44846936668611254 326.63879263033937 1.0708783770050736 1.1425714719683042 1.0000000180025095e-35 347.37027742329326 0.36849046224728021 0.51467215361942853 1.1208297994279526 0.59086320123563218 1.1458622578706501 1.0000000180025095e-35 326.63879263033937 2.3897939099155585 2.652664168401587 1.280815452576809 0.49231634421405485 58.318784863955841 1.982565893259647 413.53910191071412 374.19760665094378 1.1950456738811328 114.0683049646795 0.43699389826257834 396.99533052395395 1.0000000180025095e-35 0.57945119337339823 348.24161259244931
decision_type=2 2 2 2 2 2 2 2 2 2 2 2 2 2 2 2 2 2 2 2 2 2 2 2 2 2 2 2 2 2
left_child=15 12 3 5 7 8 -6 -5 -3 10 -4 13 25 -11 -13 16 17 18 21 20 -17 -1 23 -18 26 27 -24 29 -21 -2
right_child=1 2 9 4 6 -7 -8 -9 -10 11 -12 14 -14 -15 -16 19 22 -19 -20 28 -22 -23 24 -25 -26 -27 -28 -29 -30 -31
leaf_value=-0.06229125147555821 -0.06230596387976952 -0.072105996815045592 0.075455011929122004 -0.067650327563668552 0.03090668294762236 0.026430009027079801 0.073626839075615472 0.0052084719149390378 -0.028345870044252045 0.069981422128780127 0.069070095276163826 0.068367197033909866 -0.065873411622732414 0.068257051614658254 0.067665585996776287 -0.062460629940433811 -0.062566647172593873 -0.063774452627874498 -0.063732265017165834 -0.062324527172457317 -0.064149455914451869 -0.063270997531747614 -0.062810834508673044 -0.063817103779078829 -0.06240721772038494 -0.062950900187266998 -0.063407443862826235 -0.06276209134386429 -0.06278588391473644 -0.062467372126450864
leaf_weight=18.245896082371488 15.916570074856292 4.1092002019286138 3.3073581606149665 1.849564991891387 13.656411550939083 2.1893469989299774 8.3353437483310699 1.8406590893864629 2.1317688003182411 2.648114636540412 2.6515782177448273 4.3803541064262381 0.67787639051675697 2.3803459852933884 38.634277515113354 1.3768375813961058 0.92677095159888212 1.1586588211357582 0.8478827215731134 20.075274839997295 0.84031765535473812 0.74440683797001739 1.2300812415778644 2.060545489192009 1.3095997907221315 0.75564311817288299 0.89785774797201146 0.89720045402645965 0.68069193139672179 0.80614033713936883
leaf_count=387 335 39 17 20 74 9 49 10 15 17 18 31 7 17 289 28 18 16 12 420 11 12 22 28 27 13 14 16 13 16
internal_value=-0.000164022 0.0291597 0.0489768 0.0182158 0.0358322 -0.0354507 0.0470985 -0.0313088 -0.0571586 0.0684082 0.0726139 0.0678865 -0.0624868 0.0691651 0.067737 -0.0625227 -0.0626144 -0.062466 -0.0623896 -0.0624131 -0.0631007 -0.0623297 -0.0630994 -0.0634292 -0.0628129 -0.0623618 -0.0630626 -0.0623366 -0.0623397 -0.0623137
internal_weight=157.563 107.168 88.1143 34.1123 25.682 8.43032 21.9918 3.69022 6.24097 54.002 5.95894 48.0431 19.0534 5.02846 43.0146 50.3948 27.4217 20.9968 19.8382 22.9731 2.21716 18.9903 6.42486 2.98732 3.43754 18.3756 2.12794 17.6199 20.756 16.7227
internal_count=2000 992 605 216 153 63 123 30 54 389 35 354 387 34 320 1008 536 427 411 472 39 399 109 46 63 380 36 367 433 351
is_linear=0
shrinkage=0.08


Tree=74
num_leaves=27
num_cat=0
split_feature=0 3 3 1 0 2 0 6 0 2 1 3 0 6 2 0 6 1 2 6 2 2 0 0 3 0
split_gain=58.0356 16.2838 9.38821 3.89872 3.93633 2.45809 1.41046 0.0605003 0.0127179 0.00201388 0.00154228 0.00018302 0.000398013 0.00117004 0.00013788 0.000112378 0.000112196 7.12435e-05 6.30661e-05 4.14116e-05 4.09166e-05 1.51035e-05 1.41888e-05 2.69563e-06 4.37485e-07 1.80709e-07
threshold=54.781068669324092 15.585168557084573 2.5332133851342156 390.2869832025545 108.81191116301299 1.1977461751111516 69.894273475100178 0.46048195343148529 59.042743918427284 1.2864633874720737 412.35448837210396 7.5676313424853259 35.551035626978248 0.28225137988555921 1.1031543632699357 62.693707023028139 0.57945119337339823 340.97206503135709 1.1208297994279526 0.48632166333064913 1.1110528296882973 1.2648794475192584 60.00706085282372 73.887632594842827 80.245916234628424 67.705560883933444
decision_type=2 2 2 2 2 2 2 2 2 2 2 2 2 2 2 2 2 2 2 2 2 2 2 2 2 2
left_child=9 2 3 4 5 -2 -5 -8 -4 10 11 19 14 -14 -13 -10 17 -3 -17 21 -19 -1 -18 -22 -24 -26
right_child=1 16 8 6 -6 -7 7 -9 15 -11 -12 12 13 -15 -16 18 22 20 -20 -21 23 -23 24 -25 25 -27
leaf_value=-0.06227844662687404 -0.066122571075616865 -0.06347001625401931 0.073188565054009502 0.014320607248690569 0.072387081597013986 -0.0012921960827210908 0.066673760112384933 0.082238489313862378 0.0680616083733981 -0.066319107223602763 -0.066159954773359189 -0.062414573322568362 -0.065508546995245887 -0.062742720628592166 -0.062750767790821116 0.06798129572648802 -0.06266375645392383 -0.063120162501940774 0.067530619780119081 -0.062914260093684421 -0.062542990396263473 -0.062642174444902041 -0.062374697375980184 -0.062327608006384157 -0.062343975037625662 -0.062300001982875143
leaf_weight=14.189218360930676 5.886510197073231 1.1204437874257549 2.7133765295147887 4.391430873423813 3.1863968372344962 10.279030431061981 4.6641156002879143 2.4315067380666733 2.8890527486801139 0.95041244104504485 0.77135298773646255 22.321772180497646 1.163381740450858 6.1725995689630508 12.006804388016461 2.0708009153604499 0.89590565115213383 0.90950833261013064 49.23903988301754 0.72996860742569047 0.77165354043245293 0.7703069671988495 0.73059165105223645 0.71786593273282051 0.72310797125101078 3.4602479413151741
leaf_count=302 85 17 15 24 18 62 27 14 21 9 9 457 14 117 228 15 17 15 373 13 15 15 15 15 15 73
internal_value=-0.000146323 0.0378985 0.0485817 0.0130343 -0.00888075 -0.0248995 0.0499541 0.0720074 0.0678437 -0.0626663 -0.0626066 -0.0625588 -0.0626465 -0.0631813 -0.0625322 0.0675761 -0.0625869 -0.0629433 0.0675488 -0.0623259 -0.0626974 -0.0622972 -0.062371 -0.0624392 -0.0623176 -0.0623076
internal_weight=156.156 97.0806 87.7513 30.839 19.3519 16.1655 11.4871 7.09562 56.9123 59.0758 58.1254 57.3541 41.6646 7.33598 34.3286 54.1989 9.32932 3.51947 51.3098 15.6895 2.39903 14.9595 5.80985 1.48952 4.91395 4.18336
internal_count=2000 836 654 230 165 147 65 41 424 1164 1155 1146 816 131 685 409 182 62 388 330 45 317 120 30 103 88
is_linear=0
shrinkage=0.08


Tree=75
num_leaves=31
num_cat=0
split_feature=3 6 2 0 1 2 6 2 5 0 0 6 1 3 6 2 6 2 4 1 6 2 6 4 6 1 0 6 6 4
split_gain=80.0017 6.45031 5.24476 2.87492 1.95908 1.08079 0.262017 0.241578 0.126472 0.000239124 0.000367008 0.000817874 0.000612595 0.000226336 0.000157142 0.000136461 0.000265664 0.000229428 9.77979e-05 5.25015e-05 5.20067e-05 4.32065e-05 3.52275e-05 2.71415e-05 1.00952e-05 3.31695e-06 1.13002e-06 1.46662e-06 3.01996e-07 9.86214e-08
threshold=2.5332133851342156 0.50188100970818017 1.3146614766206868 69.345801954542495 385.496253484043 1.2105893437480453 0.31587856324277125 1.280815452576809 2.5744271535336991 63.746101848213904 35.551035626978248 0.36992925030924528 352.87330825217344 204.1805660251658 0.53887858779744846 1.1031543632699357 0.51467215361942853 1.148769487542596 1.0000000180025095e-35 348.37563082174728 0.58476110277634985 1.104128564748138 0.59086320123563218 1.0000000180025095e-35 0.61150667615532395 326.63879263033937 69.345801954542495 0.38564955540573037 0.61150667615532395 1.0000000180025095e-35
decision_type=2 2 2 2 2 2 2 2 2 2 2 2 2 2 2 2 2 2 2 2 2 2 2 2 2 2 2 2 2 2
left_child=1 2 3 7 5 -5 -6 8 -1 10 15 12 13 -12 18 19 17 -17 -13 23 -21 22 -11 -2 -18 -23 27 -27 -16 -28
right_child=9 -3 -4 4 6 -7 -8 -9 -10 21 11 14 -14 -15 28 16 24 -19 -20 20 -22 25 -24 -25 -26 26 29 -29 -30 -31
leaf_value=0.067990662811497127 -0.062339912281692132 -0.078720839421149394 -0.058258911262591619 0.068018490610551249 -0.00047179409450794226 0.01684937541715192 -0.04312532031212532 0.044880005114563949 0.049150020070833737 -0.062898996586299036 -0.065548169511484233 -0.063356444064365899 -0.062707910492663083 -0.06398389429819705 -0.062352548249719801 -0.062757904897898065 -0.062587523699300068 -0.063761753337213373 -0.062428550405043221 -0.06300696438761634 -0.062279212756855447 -0.062485466586476343 -0.06230961168156661 -0.062687528433594722 -0.062284618724705601 -0.062455649445942063 -0.062314723445730982 -0.062308680802677728 -0.062296520715395189 -0.06230348248785527
leaf_weight=61.101819753646851 18.089442182332284 2.3492357991635791 2.5074837654829016 5.6710190027952176 1.7169113010168069 4.9458660483360291 1.9901069216430185 3.2362895458936682 2.3686442375183097 1.5950507000088721 1.2397766560316084 2.0507426336407644 1.4362859353423116 1.1329533196985719 0.72250977158546437 4.4340549483895284 0.83250121772289265 2.1702949330210686 1.1261834092438223 1.7306802831590169 0.98677758872508992 0.74881766736507671 1.0943026840686796 1.5616187117993821 4.5683248266577721 0.80033565312624222 9.5352276973426342 0.95083585381507874 4.1654998585581779 10.490771129727364
leaf_count=433 378 19 16 31 14 21 16 13 13 28 15 32 27 15 15 83 16 32 23 30 21 15 23 29 97 16 200 20 88 221
internal_value=-1.83131e-05 0.052015 0.0556915 0.0592177 0.0266991 0.0441814 -0.0233703 0.0662004 0.0672876 -0.0625543 -0.0626623 -0.0630458 -0.0640119 -0.0648012 -0.0625895 -0.0625299 -0.0627475 -0.0630878 -0.0630275 -0.0624131 -0.0627427 -0.0623561 -0.0626592 -0.0623675 -0.0623313 -0.0623199 -0.0623142 -0.0623758 -0.0623048 -0.0623088
internal_weight=157.35 85.8874 83.5381 81.0307 14.3239 10.6169 3.70702 66.7068 63.4705 71.463 46.2476 11.874 3.80902 2.37273 8.06494 34.3737 12.0052 6.60435 3.17693 22.3685 2.71746 25.2153 2.68935 19.6511 5.40083 22.526 21.7772 1.75117 4.88801 20.026
internal_count=2000 576 557 541 82 52 30 459 446 1424 901 215 57 30 158 686 228 115 55 458 51 523 51 407 113 472 457 36 103 421
is_linear=0
shrinkage=0.08


Tree=76
num_leaves=31
num_cat=0
split_feature=5 6 2 2 0 6 3 1 1 4 5 1 2 6 3 1 0 1 1 6 6 3 3 5 2 0 6 0 2 1
split_gain=47.629 9.35659 7.39503 6.11914 4.23323 3.60113 2.05981 1.72062 1.56271 0.658482 0.649897 0.649199 0.793766 1.6683 0.00458588 0.00277463 0.00148812 0.00101476 0.000425368 0.000249205 0.000232055 0.000106878 0.000103239 0.000193482 0.00023752 0.00010117 0.000126541 8.41211e-05 7.74666e-05 2.68519e-05
threshold=0.51403541100734984 0.44846936668611254 1.1093572902128772 1.1642306672550393 51.953923313740901 0.46975384316758861 46.013147317770041 356.50869877464555 340.97206503135709 1.0000000180025095e-35 0.45743029540704455 338.27831677816749 1.1555872050402443 0.39945569125365193 78.687125668449951 341.46372117370066 18.865205549377901 320.64178551794527 337.65564043140495 0.32304269869109509 0.57945119337339823 2.0040905744430404 2.2245239750523376 2.652664168401587 1.280815452576809 58.318784863955841 0.53393550074746365 116.68743554596153 1.2142810118747489 356.0497990851195
decision_type=2 2 2 2 2 2 2 2 2 2 2 2 2 2 2 2 2 2 2 2 2 2 2 2 2 2 2 2 2 2
left_child=1 3 4 7 5 6 -2 9 -8 10 -1 12 13 -4 28 -6 -3 -14 -7 -17 -15 -19 23 24 -13 26 -24 -25 -5 -21
right_child=2 16 11 14 15 18 8 -9 -10 -11 -12 22 17 20 -16 19 -18 21 -20 29 -22 -23 25 27 -26 -27 -28 -29 -30 -31
leaf_value=0.065532282500310915 -0.033155037126934114 -0.065773848414652031 0.028338655141046856 -0.062160694938473537 -0.066949086081702774 -0.064343359372374634 0.074209140784392738 -0.0032865338308143573 0.0096508332300858958 0.033709519292130397 0.1145450487892279 -0.062143976503281233 -0.065215237710761931 -0.064065785830739644 -0.06969366771180073 -0.063746201137371866 -0.062339753446597285 -0.063238644607019862 -0.062333506843963493 -0.062733966707702427 -0.062506669099129358 -0.062290139641518055 -0.06270511841944558 -0.063076885557898102 -0.063510389637401465 -0.062070889309964503 -0.06204841141550662 -0.06232186592433276 -0.06330774718540623 -0.062197841299180809
leaf_weight=52.559798762202263 2.2277404926717308 1.0616487003862847 2.5331594310700876 0.80270206183195048 1.396202616393565 1.1118951216340058 6.8277379646897298 2.474034570157527 3.7001560665667057 4.0501861721277228 1.7904155254364003 11.261178910732269 1.4772342853248117 0.99759075418114695 0.9941030666232108 1.2268442846834662 3.3748385794460773 1.2783996015787127 1.7109736092388628 0.88740272447466884 1.5764128416776655 1.8760677054524419 4.1888839378953007 3.2081589326262465 0.87762512266635972 21.4368991330266 3.4038184955716133 1.3384404778480528 0.71021265164017677 1.8326471261680124
leaf_count=417 27 14 16 18 18 15 41 21 20 29 10 258 20 15 7 21 72 21 36 17 32 41 83 55 13 500 80 29 13 41
internal_value=0.000360495 0.0491535 -0.0429655 0.0570152 -0.00243781 0.0186369 0.0367312 0.0620596 0.0515193 0.0648279 0.0671469 -0.0582557 -0.039502 -0.0177518 -0.0654727 -0.063884 -0.0631615 -0.0634849 -0.0631252 -0.0627997 -0.0631109 -0.0626745 -0.0622509 -0.0624095 -0.0622428 -0.0621598 -0.0624107 -0.0628546 -0.0626992 -0.0623727
internal_weight=144.193 67.8179 76.3755 63.3815 20.9216 15.5785 12.7556 60.8744 10.5279 58.4004 54.3502 55.4539 9.73886 5.10716 2.50702 5.3431 4.43649 4.6317 2.82287 3.94689 2.574 3.15447 45.715 16.6854 12.1388 29.0296 7.5927 4.5466 1.51291 2.72005
internal_count=2000 601 1399 515 236 139 88 477 61 456 427 1163 145 63 38 97 86 82 51 79 47 62 1018 355 271 663 163 84 31 58
is_linear=0
shrinkage=0.08


Tree=77
num_leaves=31
num_cat=0
split_feature=3 0 6 4 1 2 3 6 6 2 6 2 4 1 3 5 2 6 0 0 0 2 1 1 4 0 1 6 6 1
split_gain=39.7734 26.573 7.57454 4.52711 3.70028 3.77763 0.0440244 0.012993 0.00899479 0.00652454 0.000997542 0.000943114 0.000403388 0.000205276 8.03581e-05 0.000279767 0.0002979 0.000209352 0.000131843 0.000166812 8.68563e-05 8.803e-05 8.17198e-05 7.57378e-05 3.42498e-05 2.66036e-05 2.54813e-05 2.00097e-05 1.54705e-05 4.82102e-06
threshold=15.585168557084573 18.016187737038674 0.44846936668611254 1.0000000180025095e-35 357.89772287073265 1.1555872050402443 117.38713883865792 0.51467215361942853 0.38564955540573037 1.1208297994279526 0.59086320123563218 1.1458622578706501 1.0000000180025095e-35 326.63879263033937 2.3897939099155585 2.652664168401587 1.280815452576809 0.49231634421405485 58.318784863955841 54.781068669324092 114.0683049646795 1.1934537697169467 413.53910191071412 375.03523663338262 1.0000000180025095e-35 75.938374482611877 390.2869832025545 0.43637415851164313 0.57945119337339823 348.24161259244931
decision_type=2 2 2 2 2 2 2 2 2 2 2 2 2 2 2 2 2 2 2 2 2 2 2 2 2 2 2 2 2 2
left_child=14 11 3 4 5 -3 -5 9 -8 -4 12 24 -9 -12 15 16 17 22 19 -16 21 25 -1 -23 27 -17 -22 29 -20 -2
right_child=1 2 7 6 -6 -7 8 10 -10 -11 13 -13 -14 -15 18 20 -18 -19 28 -21 26 23 -24 -25 -26 -27 -28 -29 -30 -31
leaf_value=-0.062031482990241735 -0.06204602959061975 -0.031776478425782802 0.073540777985702702 0.059593536306998776 0.071903109775798377 0.055554477920468574 0.068569247944133258 0.068755688923812563 0.07506567265473893 0.06795776124836056 0.067337642045555354 -0.065284876096422514 0.067247565315605509 0.06672968477662379 -0.062185436038517457 -0.062212910773610394 -0.063493405474180739 -0.063409902767961643 -0.062060750476571266 -0.063694626041797084 -0.062635504138568471 -0.063661955470432616 -0.062931248017122091 -0.062802598199307766 -0.062571892401886486 -0.062855381258246745 -0.061980000968527155 -0.062510406618428688 -0.062470724360865933 -0.062255669233455227
leaf_weight=16.310919374227538 14.15595418959856 15.935553811490541 3.0312594920396796 3.07144947350025 3.7839861810207358 3.9572277069091788 2.9696909785270691 2.4024809896945944 2.5227732956409454 2.4005788713693619 3.9578396007418624 0.61885853484272857 2.1516806930303574 34.873896270990372 1.2320039272308374 0.76282645016908535 1.0815532617270935 0.77709811553358932 17.947992175817493 0.75657158344984043 0.7782572805881498 1.5618263594806197 0.67266718670725723 1.132160499691963 0.94304718449711877 0.89816433191299438 0.74080612510442734 0.64841382578015405 0.60906721279024978 0.73869139328599054
leaf_count=387 333 118 17 18 24 20 22 17 14 18 31 7 17 289 28 17 16 12 420 11 15 22 12 21 18 16 18 13 13 16
internal_value=-0.000216007 0.0283905 0.0475109 0.0174186 -0.000610459 -0.0144039 0.0672638 0.0673848 0.0715532 0.0710734 0.066923 -0.0622189 0.0680432 0.0667916 -0.0622575 -0.0623546 -0.0622044 -0.0621259 -0.0621405 -0.0627596 -0.0628367 -0.0630184 -0.0620671 -0.0633008 -0.0621038 -0.0625603 -0.0623158 -0.0620754 -0.0620742 -0.0620564
internal_weight=143.425 98.1634 81.0584 32.2407 23.6768 19.8928 8.56391 48.8177 5.49246 5.43184 43.3859 17.105 4.55416 38.8317 45.2619 24.7163 18.8422 17.7607 20.5456 1.98858 5.87404 4.35498 16.9836 2.69399 16.4861 1.66099 1.51906 15.5431 18.5571 14.8946
internal_count=2000 992 605 216 162 138 54 389 36 35 354 387 34 320 1008 536 427 411 472 39 109 76 399 43 380 33 33 362 433 349
is_linear=0
shrinkage=0.08


Tree=78
num_leaves=26
num_cat=0
split_feature=0 3 3 2 0 1 6 1 6 0 2 1 3 0 6 2 6 0 2 2 2 6 2 6 0
split_gain=51.3198 14.2734 8.50717 3.41504 2.3301 2.26343 2.01194 0.73934 0.594121 0.00886117 0.00179145 0.00110747 0.00014896 0.000358468 0.000977808 0.000108822 0.000107281 7.72748e-05 5.36192e-05 4.48388e-05 3.27119e-05 3.20069e-05 1.16544e-05 8.07292e-06 9.21129e-07
threshold=54.781068669324092 15.585168557084573 2.5332133851342156 1.1832552798843781 100.14531745827989 393.43819303546229 0.18581663240329679 407.37359871269518 0.45457053760701782 59.042743918427284 1.2887241217169547 412.35448837210396 7.5676313424853259 35.551035626978248 0.28225137988555921 1.1479305986524475 0.46975384316758861 62.693707023028139 1.1110528296882973 1.1208297994279526 1.2680615046967247 0.48632166333064913 1.2040887752001397 0.57945119337339823 61.110568094063893
decision_type=2 2 2 2 2 2 2 2 2 2 2 2 2 2 2 2 2 2 2 2 2 2 2 2 2
left_child=10 2 3 4 7 6 -5 -2 -7 -4 11 12 20 15 -15 -14 18 -11 -3 -19 21 -1 23 -18 -25
right_child=1 16 9 5 -6 8 -8 -9 -10 17 -12 -13 13 14 -16 -17 22 19 -20 -21 -22 -23 -24 24 -26
leaf_value=-0.062018830642303818 -0.065148648729783598 -0.063256404629131305 0.071558279449587897 -0.060002526254311989 0.071398150125203119 0.046227153856677326 0.022884130662426221 0.0093632457940653353 0.092103477626112443 0.067078127742075666 -0.06613584421639962 -0.065502158523539772 -0.062197139482701114 -0.065125299645107659 -0.062486990583342679 -0.062599614254470012 -0.062330749210542234 0.06701422849302141 -0.062468678207067509 0.066614613244205242 -0.062612341129986052 -0.062592291650793885 -0.062435815562828498 -0.062138329562325123 -0.06204341793733021
leaf_weight=12.761973999440665 5.2665424048900631 0.92641745135187958 2.4779316931962958 2.2197309881448772 1.1362799704074857 4.6604086384177199 12.041948750615118 1.0168079212307928 2.9504362568259239 2.6104842424392691 0.80754009634256263 0.69886098057031532 25.681241445243362 1.0716880373656739 5.5809162147343159 5.1640664264559737 0.83778576180338848 1.8727266192436207 1.3721366524696348 44.445121958851814 0.68819643929600793 0.65486003085970956 0.769634399563074 0.79532783851027478 3.6939900815486908
leaf_count=304 85 15 15 14 7 27 76 6 15 21 8 9 579 14 117 106 18 15 28 373 14 13 16 18 87
internal_value=-0.000149928 0.0369557 0.0472837 0.0128739 -0.0340258 0.0287833 0.0099834 -0.0530907 0.0640117 0.066891 -0.0623966 -0.0623389 -0.062296 -0.0623794 -0.062912 -0.0622645 -0.0623204 0.0666546 -0.0627862 0.0666308 -0.0620744 -0.0620468 -0.0621448 -0.0621028 -0.0620602
internal_weight=142.203 89.0937 80.6984 29.2922 7.41963 21.8725 14.2617 6.28335 7.61084 51.4063 53.1093 52.3018 51.6029 37.4979 6.6526 30.8453 8.39529 48.9283 2.29855 46.3178 14.105 13.4168 6.09674 5.3271 4.48932
internal_count=2000 836 654 230 98 132 90 91 42 424 1164 1156 1147 816 131 685 182 409 43 388 331 317 139 123 105
is_linear=0
shrinkage=0.08


Tree=79
num_leaves=31
num_cat=0
split_feature=3 0 1 2 0 2 3 2 0 2 1 1 1 1 0 0 6 1 3 6 2 6 4 0 6 2 6 4 6 1
split_gain=70.4062 5.85541 3.13233 1.37606 1.10842 2.55782 1.03465 0.522595 0.37561 0.0348043 0.0128294 0.00339259 0.00184953 0.000526244 0.000205748 0.000319857 0.00071685 0.000528661 0.000213978 0.000126854 0.000107597 0.000379541 7.88379e-05 6.90849e-05 8.53375e-05 3.49661e-05 2.83541e-05 2.64964e-05 2.06616e-05 2.75846e-06
threshold=2.5332133851342156 69.345801954542495 393.43819303546229 1.2105893437480453 56.63486483070966 1.2233147230744053 1.5796539502082585 1.1832552798843781 91.770533876906697 1.2841533712357114 412.35448837210396 388.98740026030288 332.13602608683306 374.57593190940133 63.746101848213904 35.551035626978248 0.36992925030924528 352.87330825217344 204.1805660251658 0.53887858779744846 1.1479305986524475 0.43699389826257834 1.0000000180025095e-35 16.858645766898263 0.57945119337339823 1.104128564748138 0.59086320123563218 1.0000000180025095e-35 0.60130445607685779 326.63879263033937
decision_type=2 2 2 2 2 2 2 2 2 2 2 2 2 2 2 2 2 2 2 2 2 2 2 2 2 2 2 2 2 2
left_child=1 4 3 8 9 11 -5 -4 -3 10 12 13 -1 -6 15 20 17 18 -17 22 23 -22 -18 27 -25 26 -16 -2 -23 -27
right_child=14 2 7 6 5 -7 -8 -9 -10 -11 -12 -13 -14 -15 25 16 19 -19 -20 -21 21 28 -24 24 -26 29 -28 -29 -30 -31
leaf_value=0.069117642499110815 -0.062072766460969736 0.06987735344473063 -0.0070435863001598962 0.028018673147308118 0.067227990522388814 0.0023322562801302632 -0.036634039353468852 -0.073369852033101049 0.029654601808796893 0.077106849052444484 0.073988956748699958 0.071235391895644679 0.066859481768802326 0.068667753672525325 -0.062605827967910366 -0.065215137184827521 -0.063035236348882237 -0.062430333239894227 -0.063633206526781755 -0.062043696985484655 -0.063628110611704078 -0.062475792862259114 -0.062157208698951236 -0.062537052072912921 -0.0620171598234594 -0.062217791000357875 -0.062047880881418389 -0.062524459503661783 -0.062030049884818091 -0.062052958427225975
leaf_weight=2.4634986072778693 15.578148327767856 3.7880550697445887 1.0456013418734067 3.8766852952539921 5.3033046796917898 6.039343833923339 2.6788496784865856 2.7861613892018795 2.4448103830218315 2.4250317364931098 1.7446159943938244 2.1979183256626129 40.214289531111717 2.342362180352211 1.4419145323336153 1.1572031378746022 1.8692299500107765 1.2977913208305834 1.0381878986954687 4.3706819899380207 1.5805166661739338 0.88323441892862353 1.0071069300174713 6.2876790724694711 2.9775518327951431 0.67219445854425686 0.97849655151367176 0.8779938071966179 2.7002527453005314 19.478577576577663
leaf_count=17 363 25 7 19 42 24 16 29 14 11 10 14 331 17 28 15 32 27 15 103 24 18 23 129 71 15 23 17 64 457
internal_value=2.2308e-06 0.0503963 0.00817661 0.0271873 0.0615822 0.0433188 0.00159903 -0.0552709 0.0541002 0.0677742 0.0672647 0.0684654 0.0669898 0.0676691 -0.0622875 -0.0623929 -0.062769 -0.0637104 -0.0644671 -0.0623152 -0.0622621 -0.0625954 -0.0627278 -0.0621952 -0.06237 -0.062093 -0.0623803 -0.0620969 -0.0621399 -0.0620585
internal_weight=143.547 79.3505 16.6202 12.7884 62.7304 15.8829 6.55553 3.83176 6.23287 46.8474 44.4224 9.84359 42.6778 7.64567 64.1968 41.6256 10.7402 3.49318 2.19539 7.24702 30.8854 5.164 2.87634 25.7214 9.26523 22.5712 2.42041 16.4561 3.58349 20.1508
internal_count=2000 576 110 74 466 97 35 36 39 369 358 73 348 59 1424 901 215 57 30 158 686 106 55 580 200 523 51 380 82 472
is_linear=0
shrinkage=0.08


Tree=80
num_leaves=30
num_cat=0
split_feature=5 6 2 2 0 6 1 1 0 6 3 4 5 1 2 3 2 1 3 0 6 1 1 6 3 6 2 1 1
split_gain=41.754 8.17486 6.78369 5.36147 4.87531 3.70625 1.57985 1.46209 1.37912 1.32853 1.5982 0.643101 0.596717 0.403773 0.199937 0.501067 0.0941381 0.0401745 0.00325916 0.00108629 0.000403372 0.000386617 0.00029294 0.000268005 0.00011596 5.66033e-05 1.09347e-05 4.78309e-06 2.94646e-07
threshold=0.51403541100734984 0.44846936668611254 1.1198308422349739 1.1642306672550393 39.249053016537339 0.46975384316758861 356.50869877464555 340.97206503135709 32.059727729824608 0.29170449775743384 125.53461759507159 1.0000000180025095e-35 0.45743029540704455 319.55487930598815 1.1280059144029526 123.64760995970703 1.0780943684671136 327.40178908539065 78.687125668449951 18.865205549377901 0.41161973011781811 337.65564043140495 340.22008364700923 0.54407547518684252 2.2245239750523376 0.29369375044963064 1.115408641508483 342.54928075396862 360.74040748812439
decision_type=2 2 2 2 2 2 2 2 2 2 2 2 2 2 2 2 2 2 2 2 2 2 2 2 2 2 2 2 2
left_child=1 3 4 6 5 7 11 16 -9 10 -6 12 -1 -4 15 -15 -2 -11 25 -3 -19 -7 23 -16 -24 -5 -21 -28 -29
right_child=2 19 13 18 9 21 -8 8 -10 17 -12 -13 -14 14 22 -17 -18 20 -20 26 -22 -23 24 -25 -26 -27 27 28 -30
leaf_value=0.064368467198134938 0.067738128177905588 -0.065167563047341726 -0.022403115256504721 -0.061924391683920305 -0.064786401023535709 -0.064194321972470339 -0.0028382307641320421 -0.042641589771274954 0.056860453148578669 -0.077227419782214188 0.040691426093576837 0.032015181609887068 0.11283648650233347 0.0038981341894286175 -0.063037439599028189 -0.072772625975174365 0.08844335556938733 -0.063568320896216543 -0.068602236576925199 -0.062284394478775935 -0.06209424141728289 -0.062086447486976518 -0.062188647984333177 -0.061861654772242355 -0.06189682493216779 -0.062960736791240327 -0.062125676436304518 -0.061826003037711089 -0.061904184343632783
leaf_weight=47.709921307861805 3.6508313566446322 0.95721189677715246 1.815075073391198 0.72061135247349672 1.6654011011123642 1.0421412996947759 2.3959652446210375 1.6529810540378096 1.9351762868463991 1.5398274175822733 2.0523441322147846 3.8358353041112414 1.6830395832657803 1.0145284868776792 3.5748889446258536 1.1800659447908399 2.2849061787128448 1.7665074691176412 0.90874569118022908 1.0397838391363623 3.6283382587134838 1.1960041187703607 13.704698093235491 1.9001794941723344 23.933999881148338 0.63410331681370735 0.73492469638586033 0.57186803594231583 0.66993149369955063
leaf_count=417 28 14 26 18 28 15 21 14 17 14 10 29 10 18 68 19 10 33 7 23 86 28 321 49 615 13 17 15 17
internal_value=0.000366043 0.0481784 -0.0421686 0.0557979 -0.00593871 0.0295679 0.0607091 0.0513377 0.0110222 -0.045144 -0.00655842 0.0635695 0.06602 -0.0594014 -0.0608836 -0.0373289 0.0757084 -0.06583 -0.0648958 -0.0628195 -0.0625769 -0.0630679 -0.0620826 -0.0626294 -0.0620031 -0.0624095 -0.0620744 -0.0619639 -0.0618682
internal_weight=131.4 61.8619 69.5379 57.8882 22.4145 11.762 55.6248 9.52389 3.58816 10.6524 3.71775 53.2288 49.393 47.1234 45.3084 2.19459 5.93574 6.93467 2.26346 3.97372 5.39485 2.23815 43.1138 5.47507 37.6387 1.35471 3.01651 1.97672 1.2418
internal_count=2000 601 1399 515 283 112 477 69 31 171 38 456 427 1116 1090 37 38 133 38 86 119 43 1053 117 936 31 72 49 32
is_linear=0
shrinkage=0.08


Tree=81
num_leaves=31
num_cat=0
split_feature=3 0 6 4 1 2 2 0 6 2 2 6 4 1 3 5 2 6 0 0 1 2 1 0 4 1 6 6 1 0
split_gain=35.1929 23.2478 6.96425 4.03448 3.24189 3.21601 0.049635 0.0104498 0.0091557 0.00456665 0.0007021 0.00069272 0.00027907 0.000140543 7.99158e-05 0.000277956 0.000220575 0.00016374 9.5324e-05 0.000119234 7.5182e-05 0.000125168 5.93361e-05 4.57726e-05 3.31565e-05 2.32865e-05 1.42434e-05 1.087e-05 6.02888e-06 1.36941e-06
threshold=15.585168557084573 18.016187737038674 0.44846936668611254 1.0000000180025095e-35 357.89772287073265 1.1201643751438064 1.1148229349191017 36.949313774280924 0.51467215361942853 1.1208297994279526 1.1458622578706501 0.59086320123563218 1.0000000180025095e-35 326.63879263033937 2.3897939099155585 2.652664168401587 1.280815452576809 0.49231634421405485 58.318784863955841 54.781068669324092 374.19760665094378 1.1950456738811328 413.53910191071412 114.0683049646795 1.0000000180025095e-35 396.99533052395395 0.43637415851164313 0.57945119337339823 348.24161259244931 60.51869916191081
decision_type=2 2 2 2 2 2 2 2 2 2 2 2 2 2 2 2 2 2 2 2 2 2 2 2 2 2 2 2 2 2
left_child=14 10 3 4 5 -3 -5 -8 9 -4 24 12 -10 -13 15 16 17 22 19 -16 21 -17 -1 25 26 -22 28 29 -2 -20
right_child=1 2 8 6 -6 -7 7 -9 11 -11 -12 13 -14 -15 18 20 -18 -19 27 -21 23 -23 -24 -25 -26 -27 -28 -29 -30 -31
leaf_value=-0.061805529051177421 -0.061815786828986148 -0.039283485354417481 0.071893317933838533 0.057232184941384698 0.070156727876701561 0.028521433804060504 0.073977841157196758 0.066749353383095636 0.067689410569705996 0.066991048103554079 -0.064751201958735086 0.066445213420902732 0.066369574179159438 0.065915446976618705 -0.061941275040723526 -0.062073525116617477 -0.063129319644640469 -0.063085257637567602 -0.061946449706356904 -0.063288420875615828 -0.062339330389124904 -0.063301215571280961 -0.062614380600244005 -0.061924790922913038 -0.062354395474027755 -0.062921454702447477 -0.062232767204467833 -0.062191238127080273 -0.062061116363275944 -0.061823157771400558
leaf_weight=14.587197449058294 12.656683161854735 11.807975128293046 2.7697716280817977 2.8323661163449279 3.5046179518103591 7.210775986313819 2.6077506244182587 2.5137533769011497 2.1737579777836791 2.1680990904569626 0.56392123177647668 3.5690439417958251 1.9406617507338522 31.415192350745201 1.1015700884163404 0.75396087765693609 0.98056391626596529 0.70455174520611841 0.59892655909062043 0.68008499220013607 1.0313557945191862 1.8012225590646265 0.60449886694550592 1.0600476562976835 0.86926851049065668 0.76676665619015683 0.58126480877399522 0.54444891214370628 0.67529207840561944 15.437275525182484
leaf_count=387 333 102 17 17 24 36 15 22 17 18 7 31 17 289 28 18 16 12 15 11 22 28 12 27 18 14 13 13 16 405
internal_value=-0.000259609 0.027682 0.0461484 0.0167497 -0.000547175 -0.0135759 0.0657302 0.0704299 0.0664949 0.0697409 -0.0619807 0.066085 0.0670669 0.0659695 -0.062023 -0.0621248 -0.0619648 -0.061893 -0.0618994 -0.0624555 -0.0626236 -0.062939 -0.0618377 -0.0623418 -0.0618751 -0.0625876 -0.0618451 -0.0618397 -0.0618282 -0.0618278
internal_weight=130.513 89.8602 74.5138 30.4772 22.5234 19.0188 7.95387 5.1215 44.0365 4.93787 15.3464 39.0987 4.11442 34.9842 40.6525 22.2902 16.8768 15.8962 18.3623 1.78166 5.41335 2.55518 15.1917 2.85817 14.7825 1.79812 13.9132 16.5807 13.332 16.0362
internal_count=2000 992 605 216 162 138 54 37 389 35 387 354 34 320 1008 536 427 411 472 39 109 46 399 63 380 36 362 433 349 420
is_linear=0
shrinkage=0.08


Tree=82
num_leaves=25
num_cat=0
split_feature=0 3 3 0 1 2 5 0 1 2 1 5 4 3 6 0 1 0 2 4 5 6 0 3
split_gain=45.2859 12.457 7.85215 3.16495 3.42773 2.19896 1.43267 0.00618319 0.00561098 0.00125002 0.000766922 0.000122111 0.000311261 0.00028928 0.000106837 6.1194e-05 5.76777e-05 2.23154e-05 2.11886e-05 2.41434e-05 1.77361e-05 1.23428e-05 7.07359e-06 2.20755e-07
threshold=54.781068669324092 15.585168557084573 2.5332133851342156 108.81191116301299 393.43819303546229 1.1977461751111516 2.5744271535336991 59.042743918427284 385.09569505633755 1.2951212792551601 412.35448837210396 0.10452467295480654 1.0000000180025095e-35 7.5676313424853259 0.40749762379854321 69.345801954542495 341.46372117370066 68.246074016076761 1.1458622578706501 1.0000000180025095e-35 0.21106803656825798 0.57945119337339823 60.00706085282372 80.245916234628424
decision_type=2 2 2 2 2 2 2 2 2 2 2 2 2 2 2 2 2 2 2 2 2 2 2 2
left_child=9 2 3 4 5 -2 -6 -4 -5 10 11 18 13 -13 15 -3 -9 -18 19 -1 -14 -16 -23 -24
right_child=1 14 7 8 6 -7 -8 16 -10 -11 -12 12 20 -15 21 -17 17 -19 -20 -21 -22 22 23 -25
leaf_value=-0.061840130831700243 -0.065172479745751563 -0.063083827603549178 0.070146254727489102 0.071476431164024037 0.0044910306108052987 -0.00086079198939095921 0.076384623119873818 0.066309248125135875 0.066207359380675512 -0.065851231609054206 -0.064881473952677585 -0.061906107431420471 -0.062214053424015328 -0.062595320466360044 -0.06215061401320144 -0.062116948255692923 0.065997570547348949 0.065812986791559766 -0.062225290948003192 -0.062270822664163838 -0.061828506950103591 -0.062094601350661069 -0.061866727183846559 -0.061813405595902593
leaf_weight=14.155160620808601 5.0089513361454072 0.92299320921301731 2.2555808126926413 2.3376698344945899 3.1353754550218573 10.610501728951929 4.0855127796530724 1.6964135020971287 2.8956261351704597 0.57722065597772498 0.62850505858659644 5.721670430153611 0.81769205629825847 12.225277572870253 1.2082182355225084 0.76711359992623329 4.7166912481188765 37.664768993854523 1.1258312352001656 0.88508719950914461 11.55046373978257 0.71704261749982823 0.58376270905137095 3.3401966877281666
leaf_count=369 87 16 15 14 19 64 20 15 26 6 9 148 19 263 28 18 43 351 27 19 304 17 15 88
internal_value=-0.000167109 0.035903 0.0458317 0.0124449 -0.000412769 -0.0214847 0.0451678 0.0660609 0.068561 -0.062151 -0.0621056 -0.0620681 -0.0621628 -0.0623756 -0.0620847 -0.062645 0.0658518 0.0658335 -0.0618905 -0.0618655 -0.061854 -0.0619229 -0.0618636 -0.0618213
internal_weight=129.633 81.9464 74.4071 28.0736 22.8403 15.6195 7.22089 46.3335 5.2333 47.6869 47.1097 46.4812 30.3151 17.9469 7.53933 1.69011 44.0779 42.3815 16.1661 15.0402 12.3682 5.84922 4.641 3.92396
internal_count=2000 836 654 230 190 151 39 424 40 1164 1158 1149 734 411 182 34 409 394 415 388 323 148 120 103
is_linear=0
shrinkage=0.08


Tree=83
num_leaves=30
num_cat=0
split_feature=3 0 1 3 3 2 6 2 2 1 0 2 0 5 6 4 0 2 4 2 1 6 6 6 1 0 4 3 3
split_gain=62.0175 5.45355 2.70454 1.31753 1.16698 1.16458 0.702278 0.694297 0.473085 0.151791 0.6033 0.0341872 0.000184812 0.000247333 0.000643197 0.000289847 0.000291958 4.6517e-05 2.62388e-05 1.58174e-05 1.43606e-05 1.32383e-05 1.04706e-05 8.97125e-06 2.15442e-06 4.92802e-07 1.00364e-07 3.73186e-07 4.36983e-08
threshold=2.5332133851342156 69.345801954542495 393.43819303546229 1.7008071522611827 0.53604335182501794 1.280815452576809 0.49392809823246425 1.2372683596163445 1.1832552798843781 394.62545832707082 57.790844189581307 1.2718816477736341 68.246074016076761 0.10452467295480654 0.53393550074746365 1.0000000180025095e-35 38.95772349200849 1.1320347528545687 1.0000000180025095e-35 1.1010573164123267 338.27831677816749 0.59086320123563218 0.59086320123563218 0.43637415851164313 326.63879263033937 20.019422080825109 1.0000000180025095e-35 28.488715096179011 74.48206733651385
decision_type=2 2 2 2 2 2 2 2 2 2 2 2 2 2 2 2 2 2 2 2 2 2 2 2 2 2 2 2 2
left_child=1 5 3 4 -3 6 9 -6 -4 11 -11 -1 13 17 15 16 -15 18 23 21 -17 -14 -16 -2 -21 -24 27 -26 -28
right_child=12 2 8 -5 7 -7 -8 -9 -10 10 -12 -13 19 14 22 20 -18 -19 -20 24 -22 -23 25 -25 26 -27 28 -29 -30
leaf_value=0.066469264832725014 -0.061830512663332116 0.0032133154899570155 -0.0076539184835305966 -0.011782669700743565 0.036029328551773293 0.018284243132752988 0.013945948137039364 0.093939658991293126 -0.072172219330220361 0.069348640578812459 0.019763966226680856 0.078064738944878614 -0.062256854987551041 -0.062558666905400712 -0.062067308451408718 -0.062327779682738935 -0.063444865820594012 -0.062591827860160487 -0.062312627266205095 -0.061970779065419201 -0.061946646014467442 -0.061817810684055979 -0.061728603138619088 -0.062156392019345051 -0.061814819336186738 -0.061804815891166903 -0.061813189412430192 -0.061860013509821704 -0.061797870606711242
leaf_weight=42.500847071409225 13.11928038671612 2.9429680705070478 1.0162394121289247 4.1192006245255461 2.5581517033278942 3.9258227199316016 1.7748217880725849 2.7486535087227821 2.5588275399059057 5.2864413335919371 2.2341100350022316 1.6920852735638607 1.0407238230109239 6.5028638038784283 1.0456755757331837 0.83148782700300161 3.7520106993615627 0.59504978358745653 0.80971205234527666 0.60140861198306339 2.6464385949075222 0.76088543608784664 0.58021263033151527 0.56389228627085763 6.3069948144257078 8.4654090143740159 7.1367320455610752 1.4354827627539632 1.4306909292936323
leaf_count=376 343 15 7 27 19 17 9 13 29 41 12 11 23 136 25 18 65 13 17 15 67 20 16 13 166 224 188 37 38
internal_value=5.68564e-05 0.0488457 0.00745376 0.0251676 0.0436173 0.0603403 0.0634271 0.0660239 -0.0538324 0.0651253 0.0546187 0.0669132 -0.0620527 -0.062152 -0.0623125 -0.0626689 -0.0628829 -0.0618986 -0.0618701 -0.0618461 -0.0620378 -0.0620714 -0.0618276 -0.0618439 -0.0618221 -0.0617999 -0.0618166 -0.0618232 -0.0618106
internal_weight=130.983 73.3582 15.944 12.369 8.24977 57.4141 53.4883 5.30681 3.57507 51.7135 7.52055 44.1929 57.625 38.912 23.8241 13.7328 10.2549 15.0879 14.4929 18.7129 3.47793 1.80161 10.0913 13.6832 16.9113 9.04562 16.3099 7.74248 8.56742
internal_count=2000 576 110 74 47 466 449 32 36 440 53 387 1424 937 551 286 201 386 373 487 85 43 265 356 444 240 429 203 226
is_linear=0
shrinkage=0.08


Tree=84
num_leaves=31
num_cat=0
split_feature=5 1 2 6 0 6 2 1 6 6 1 3 1 0 2 3 6 2 6 3 2 3 0 1 3 6 1 1 6 3
split_gain=36.6492 7.19877 6.14743 4.51563 4.37093 3.21414 1.93501 1.3567 1.28267 1.23053 1.40785 1.16036 0.426897 0.26437 0.218212 0.445768 0.209965 0.129924 0.500674 0.123704 0.0693254 0.0481919 0.0400056 0.0381369 0.000817375 0.0003986 0.000273878 0.000231776 0.000215804 0.00010556
threshold=0.51403541100734984 359.61677906077745 1.1198308422349739 0.44445615603327876 39.249053016537339 0.46975384316758861 1.1458622578706501 340.97206503135709 0.32435073007857979 0.29170449775743384 327.40178908539065 204.1805660251658 319.55487930598815 18.865205549377901 1.1280059144029526 125.53461759507159 0.25589935902013994 1.1110528296882973 0.33641476663228059 228.05588065901759 1.0780943684671136 133.17751745526417 19.690761660131709 327.40178908539065 2.4671378854976367 0.41161973011781811 337.65564043140495 340.22008364700923 0.54407547518684252 2.2245239750523376
decision_type=2 2 2 2 2 2 2 2 2 2 2 2 2 2 2 2 2 2 2 2 2 2 2 2 2 2 2 2 2 2
left_child=1 3 4 6 5 7 17 20 -9 10 -6 -8 -4 -5 15 -14 -12 22 -19 21 -2 24 -1 -11 -3 -25 -7 28 -16 -29
right_child=2 19 12 13 9 26 11 8 -10 23 16 -13 14 -15 27 -17 -18 18 -20 -21 -22 -23 -24 25 -26 -27 -28 29 -30 -31
leaf_value=0.06512087449255316 0.066905216527245875 -0.062019149563950916 -0.019865258483855668 -0.0038354624916999269 0.053639286508050485 -0.063723581094327533 -0.041699638558034449 -0.0442036567836952 0.053497753278671824 -0.077227642115606551 -0.026497967769168535 0.046505256768711589 0.0012949944828039889 -0.062184880770313054 -0.062764215034341972 -0.073045350781221305 -0.077958111500458033 0.035704936201369629 0.084348382850539319 -0.09524379498048037 0.085314173164486182 -0.037997781400776399 0.073051346075432802 -0.063394646276921179 -0.065494766873433086 -0.061859145954058344 -0.061848722155433689 -0.06198058844331681 -0.061650353754682322 -0.061687028481935802
leaf_weight=36.015809074044228 3.3305802345275897 1.5192336551845076 1.7231079153716553 0.66427419334649984 1.4532803893089279 0.93554099649190847 1.7921028696000569 1.5408003032207491 1.9463093243539331 1.4311387427151201 1.1497635636478665 2.042325247079134 1.0520482100546353 1.973010219633579 3.2397172190248957 1.0135724209249017 0.90832127258181561 3.7476243972778311 2.1204334571957588 0.68210316076874722 2.1572024971246719 0.64194703102111805 4.5898196399211875 1.6238461155444381 0.60570096597075451 3.2423949353396893 1.0678124986588953 12.371455190703271 1.6959692724049089 21.400022301822901
leaf_count=363 28 38 26 9 7 15 20 17 14 14 21 12 20 49 68 17 10 35 15 10 10 10 30 33 10 86 28 321 49 615
internal_value=0.000361542 0.0472582 -0.0414303 0.0545533 -0.00577931 0.0288961 0.0599026 0.0493474 0.0103278 -0.0445891 -0.00664257 0.00528079 -0.0588691 -0.0474879 -0.0605174 -0.0351828 -0.0492095 0.0644093 0.0532823 -0.0647293 0.0741416 -0.0572068 0.0660173 -0.0657477 -0.0630099 -0.0623715 -0.0627243 -0.0618694 -0.0623815 -0.0617946
internal_weight=119.677 56.3944 63.2829 52.9454 20.787 10.9782 50.3081 8.97489 3.48711 9.80875 3.51137 3.83443 42.4959 2.63728 40.7728 2.06562 2.05808 46.4737 5.86806 3.44898 5.48778 2.76688 40.6056 6.29738 2.12493 4.86624 2.00335 38.7072 4.93569 33.7715
internal_count=2000 601 1399 533 283 112 475 69 31 171 38 32 1116 58 1090 37 31 443 50 68 38 58 393 133 48 119 43 1053 117 936
is_linear=0
shrinkage=0.08


Tree=85
num_leaves=31
num_cat=0
split_feature=3 0 6 1 6 6 6 1 6 2 2 6 4 1 3 5 2 6 0 0 0 2 3 1 4 1 6 6 1 0
split_gain=31.1519 20.3575 6.4133 3.70875 2.81729 2.26118 1.50776 0.403352 0.00646731 0.00313423 0.000519808 0.000480861 0.000193452 0.000103255 7.77495e-05 0.000238453 0.00020412 0.000170044 7.14947e-05 6.84161e-05 8.50552e-05 6.20728e-05 6.69174e-05 4.61098e-05 3.13615e-05 1.65133e-05 1.0091e-05 7.58532e-06 7.01198e-06 1.00188e-06
threshold=15.585168557084573 18.016187737038674 0.44846936668611254 326.63879263033937 0.25891514424036299 0.38946620589548853 0.36849046224728021 315.60434127791819 0.51467215361942853 1.1208297994279526 1.1458622578706501 0.59086320123563218 1.0000000180025095e-35 326.63879263033937 2.3897939099155585 2.652664168401587 1.280815452576809 0.49392809823246425 114.0683049646795 58.318784863955841 54.781068669324092 1.1759680419485112 0.84055174800962462 413.53910191071412 1.0000000180025095e-35 390.2869832025545 0.43637415851164313 0.57945119337339823 348.24161259244931 60.51869916191081
decision_type=2 2 2 2 2 2 2 2 2 2 2 2 2 2 2 2 2 2 2 2 2 2 2 2 2 2 2 2 2 2
left_child=14 10 3 6 -5 -6 7 -3 9 -4 24 12 -10 -13 15 16 17 23 21 20 -16 -17 -23 -1 26 -20 28 29 -2 -21
right_child=1 2 8 4 5 -7 -8 -9 11 -11 -12 13 -14 -15 19 18 -18 -19 25 27 -22 22 -24 -25 -26 -27 -28 -29 -30 -31
leaf_value=-0.061603671874485365 -0.061612078199324155 -0.030051526146710195 0.070448160213634745 -0.043045507206486575 0.063088147344002407 0.0047418769483956492 0.011226200173432432 -0.082414620942612718 0.066761812063556802 0.066182158660032256 -0.064268108287860531 0.065682799561426558 0.065604391536451229 0.065204707554236949 -0.061723714637014704 -0.062043940792140193 -0.062917792889020982 -0.063086606720440905 -0.062156812527161383 -0.061729241855512457 -0.062925834127354335 -0.063318862767283685 -0.06248513756624758 -0.062352564523892762 -0.062157694157047527 -0.061572564956755754 -0.061986189791388611 -0.061943230021072666 -0.061888918984245221 -0.061617754792486282
leaf_weight=13.137773366644975 11.311184119433156 1.4199312105774904 2.5206489488482466 2.7671728953719166 12.569876421242954 6.423227932304143 2.7683696784079075 2.7941489927470684 1.9623312056064597 1.9587318822741506 0.51298271119594652 3.2207897454500225 1.7470021843910217 28.24546866863966 0.98369240388274437 1.013856187462806 0.92026301100850183 0.53569960966706354 0.645067438483238 0.5359300356358262 0.61045751720666885 0.94964155554771457 1.7543757930397985 0.54813268408179361 0.80164272338152009 0.59537532366812229 0.5207073315978058 0.48620483279228288 0.61751159280538637 13.787550885230301
leaf_count=390 333 16 17 28 84 41 20 27 17 18 7 31 17 289 28 25 16 9 15 15 11 15 36 12 18 18 13 13 16 405
internal_value=-0.000321114 0.0270004 0.0448641 0.0160904 0.0323688 0.0433562 -0.0346399 -0.0647709 0.0657198 0.0685827 -0.0617694 0.0653552 0.0662167 0.0652536 -0.0618153 -0.0619208 -0.0617631 -0.0616884 -0.0624023 -0.0616861 -0.062184 -0.0625778 -0.0627779 -0.0616337 -0.0616727 -0.0618764 -0.0616415 -0.0616325 -0.0616264 -0.0616219
internal_weight=118.666 82.1617 68.3977 28.7427 21.7603 18.9931 6.98245 4.21408 39.655 4.47938 13.764 35.1756 3.70933 31.4663 36.504 20.1002 15.1419 14.2216 4.95832 16.4038 1.59415 3.71787 2.70402 13.6859 13.251 1.24044 12.4494 14.8097 11.9287 14.3235
internal_count=2000 992 605 216 153 125 63 43 389 35 387 354 34 320 1008 536 427 411 109 472 39 76 51 402 380 33 362 433 349 420
is_linear=0
shrinkage=0.08


Tree=86
num_leaves=23
num_cat=0
split_feature=0 3 3 6 2 0 0 2 1 3 0 6 6 0 1 2 6 2 6 3 0 3
split_gain=40.1217 10.9282 7.12661 2.83546 2.99297 3.17367 0.00431808 0.00105589 0.000539337 0.000115951 0.00031341 0.000704958 0.00011094 6.86297e-05 4.05948e-05 2.37953e-05 2.13068e-05 1.65221e-05 1.31081e-05 8.15786e-06 4.97826e-06 1.56945e-07
threshold=54.781068669324092 15.585168557084573 2.5332133851342156 0.50188100970818017 1.3146614766206868 108.81191116301299 59.042743918427284 1.2887241217169547 412.35448837210396 7.5676313424853259 35.551035626978248 0.28225137988555921 0.37924572849484478 16.858645766898263 341.46372117370066 1.2709140912742176 0.48632166333064913 1.1238743592439817 0.57945119337339823 247.23338513655798 60.00706085282372 80.245916234628424
decision_type=2 2 2 2 2 2 2 2 2 2 2 2 2 2 2 2 2 2 2 2 2 2
left_child=7 2 3 4 5 -2 -4 8 9 15 13 -12 -3 -11 -8 16 -1 -16 19 -14 -20 -22
right_child=1 12 6 -5 -6 -7 14 -9 -10 10 11 -13 18 -15 17 -17 -18 -19 20 -21 21 -23
leaf_value=-0.061584797304890637 -0.020424331992056101 -0.062544419256162262 0.068919160661793794 0.083293414048429701 0.079934687858786366 0.068739228418267267 0.065555625352793787 -0.065059885618306126 -0.064341553412029087 -0.061692095259573754 -0.064511941916688284 -0.062077581646296467 -0.061724574117229487 -0.061958747853614472 0.065394150038802598 -0.062181729223575309 -0.062103763098387062 0.065124353377432817 -0.061857263845904495 -0.062122300815045932 -0.061655195591229769 -0.061607611070298003
leaf_weight=10.226958474144334 17.795823022723209 1.3002743050456036 2.0471239611506453 3.1870348528027526 2.8400577157735816 2.9831380620598784 1.5277734175324429 0.68257394060492416 0.5657072588801374 13.368723239749675 0.91389398649334808 4.5605810340493917 0.60702142491936661 11.483565926551817 1.5127315968275059 0.48785759881138879 0.53268753737211305 36.59786631911993 0.64050594344735134 0.7233753390610218 0.52116157859563861 2.9809341989457607
leaf_count=306 173 28 15 19 15 23 15 8 9 382 14 117 17 303 15 12 13 379 17 17 15 88
internal_value=-0.000117323 0.0350564 0.0446427 0.0124624 0.00290486 -0.00762354 0.0653363 -0.0619386 -0.061888 -0.0618546 -0.061936 -0.062484 -0.0618802 -0.0618153 0.0651513 -0.0616353 -0.0616105 0.0651351 -0.0617224 -0.0619408 -0.0616522 -0.0616147
internal_weight=118.087 75.2648 68.4915 26.8061 23.619 20.779 41.6855 42.8225 42.14 41.5743 30.3268 5.47448 6.77327 24.8523 39.6384 11.2475 10.7596 38.1106 5.473 1.3304 4.1426 3.5021
internal_count=2000 836 654 230 211 196 424 1164 1156 1147 816 131 182 685 409 331 319 394 154 34 120 103
is_linear=0
shrinkage=0.08


Tree=87
num_leaves=31
num_cat=0
split_feature=3 6 2 0 1 2 2 6 1 0 0 6 1 3 6 2 6 4 0 6 4 6 2 6 4 1 6 3 4 3
split_gain=54.5186 5.13178 4.18844 2.5141 1.14142 1.04374 0.337269 0.212 0.169784 0.000163969 0.000224495 0.000518743 0.000500371 0.000226064 8.09001e-05 6.70037e-05 0.000242496 6.20099e-05 4.39799e-05 5.38157e-05 2.40014e-05 1.24204e-05 1.15582e-05 9.65791e-06 8.97469e-06 1.50991e-06 2.31642e-07 8.40367e-08 3.39754e-07 2.83393e-08
threshold=2.5332133851342156 0.50188100970818017 1.3146614766206868 69.345801954542495 385.496253484043 1.2105893437480453 1.280815452576809 0.31587856324277125 394.62545832707082 68.246074016076761 35.551035626978248 0.36992925030924528 352.87330825217344 162.58187712888875 0.53393550074746365 1.1479305986524475 0.43699389826257834 1.0000000180025095e-35 16.134654976476487 0.57945119337339823 1.0000000180025095e-35 0.60130445607685779 1.1010573164123267 0.59086320123563218 1.0000000180025095e-35 326.63879263033937 0.61150667615532395 28.488715096179011 1.0000000180025095e-35 3.1333324971897314
decision_type=2 2 2 2 2 2 2 2 2 2 2 2 2 2 2 2 2 2 2 2 2 2 2 2 2 2 2 2 2 2
left_child=1 2 3 6 5 -5 8 -6 -1 10 15 12 13 -12 17 18 -17 -13 20 -20 -2 -18 23 -11 -14 -24 -16 29 -29 -27
right_child=9 -3 -4 4 7 -7 -8 -9 -10 22 11 14 24 -15 26 16 21 -19 19 -21 -22 -23 25 -25 -26 27 -28 28 -30 -31
leaf_value=0.066328107916336213 -0.061637494185613859 -0.076305399934586307 -0.057614878536089598 0.063304530018164037 0.0035446902363609114 0.010424121524722638 0.035933250872676584 -0.037552047346154548 0.052860062301307242 -0.062008371926516384 -0.064698619878322192 -0.06249514832938953 -0.062115214831116677 -0.063016892611872197 -0.061655093691648871 -0.06300203151808563 -0.061981219112946295 -0.061683892836562525 -0.062044141065596581 -0.061587184502308309 -0.062118357535163073 -0.061595789319941918 -0.061747549614404276 -0.061611738773088016 -0.061726163720335188 -0.061623915803181786 -0.061600693290155738 -0.061653247405357423 -0.061595350234122458 -0.06160714746822054
leaf_weight=41.06944078207016 12.226649284362797 2.0882031414657822 2.1934263780713072 4.7985347583889943 1.5266910791397088 4.7569541893899441 2.8275357633829108 1.6955354884266851 7.013592615723609 0.93220378831029183 1.0170369986444701 1.5823231264948847 0.85775355994701363 1.0292898453772066 0.588284416124225 1.3202557004988182 0.71208536066114936 0.97431675530970085 5.3951083589345208 2.375808872282505 0.70248326659202653 2.1527107805013657 0.53687960654497047 0.6791481152176857 0.68056618422269821 0.68416718766093154 3.3743259161710739 1.2835543751716605 1.3114585839211941 11.279872883111237
leaf_count=393 356 19 16 31 14 21 13 16 53 23 15 33 21 18 17 24 18 28 137 71 16 64 15 20 19 20 100 37 39 333
internal_value=7.2628e-05 0.0471647 0.0510783 0.0548216 0.0230947 0.0369794 0.0627846 -0.0180804 0.0643636 -0.0618437 -0.0619422 -0.0622602 -0.0630332 -0.0638527 -0.0618351 -0.061813 -0.062105 -0.062186 -0.061754 -0.0619044 -0.0616636 -0.0616916 -0.0616375 -0.0618412 -0.0619431 -0.0616158 -0.0616088 -0.0616109 -0.061624 -0.0616081
internal_weight=119.666 67.9699 65.8817 63.6883 12.7777 9.55549 50.9106 3.22223 48.083 51.6963 34.989 10.1039 3.58465 2.04633 6.51925 24.8851 4.18505 2.55664 20.7 7.77092 12.9291 2.8648 16.7073 1.61135 1.53832 15.0959 3.96261 14.5591 2.59501 11.964
internal_count=2000 576 557 541 82 52 459 30 446 1424 937 251 73 33 178 686 106 61 580 208 372 82 487 43 40 444 117 429 76 353
is_linear=0
shrinkage=0.08


Tree=88
num_leaves=30
num_cat=0
split_feature=5 1 2 2 0 6 6 1 6 3 4 0 1 0 2 3 5 3 2 3 1 6 3 6 1 6 1 3 3
split_gain=32.0234 6.35548 5.71046 4.12879 3.95203 2.38393 2.13366 1.39729 1.1441 1.28809 0.640845 0.462754 0.433205 0.310189 0.236854 0.42417 0.18772 0.106187 0.0563617 0.0494516 0.0319532 0.00122436 0.000592459 0.000309448 0.000191908 0.000180512 0.000155539 9.54716e-05 8.58991e-06
threshold=0.51403541100734984 359.61677906077745 1.1198308422349739 1.1642306672550393 39.249053016537339 0.44445615603327876 0.43637415851164313 340.97206503135709 0.29170449775743384 125.53461759507159 1.0000000180025095e-35 24.2103605511222 319.55487930598815 34.311583346145376 1.1280059144029526 125.53461759507159 0.21106803656825798 228.05588065901759 1.0780943684671136 133.17751745526417 327.40178908539065 0.44580179297533645 2.4671378854976367 0.41161973011781811 340.22008364700923 0.54407547518684252 348.06889669905962 2.2245239750523376 1.4120188723471887
decision_type=2 2 2 2 2 2 2 2 2 2 2 2 2 2 2 2 2 2 2 2 2 2 2 2 2 2 2 2 2
left_child=1 3 4 5 6 10 7 18 9 -6 11 -1 -4 26 15 -14 -7 19 -2 22 -10 -5 28 -22 25 -16 -8 -26 -3
right_child=2 17 12 21 8 16 13 -9 20 -11 -12 -13 14 -15 24 -17 -18 -19 -20 -21 23 -23 -24 -25 27 -27 -28 -29 -30
leaf_value=0.062564173777588661 0.066234162254705853 -0.061597804684570483 -0.018378068094497345 -0.066154359168003524 -0.064223582869537651 -0.0057088984286672185 -0.063275876390677874 0.0049001025161886794 -0.076312873533735434 0.03667238241969549 0.027955998916961971 0.10483847773744467 0.0027209997814323832 0.0049874178434700343 -0.062538389068829872 -0.072171148811555993 -0.061677712833418004 -0.09299064630472452 0.083406498022967762 -0.03634253147929814 -0.063081849483337823 -0.061915163243094984 -0.06491841606657231 -0.061656584355856164 -0.061796992618176651 -0.061463102221850106 -0.061636933648925307 -0.061502619303475267 -0.061999901909013728
leaf_weight=39.721929863095284 3.0507502779364604 0.66203371807932831 1.6596283949911583 1.1040608920156945 1.4107010439038261 0.65643387846648582 0.81572918966412478 3.0858738385140896 1.3263709209859369 1.9011337570846079 3.3509099520742884 1.729356113821267 1.0158118568360794 0.61447724327445019 2.9434632640331975 0.92449492029845703 0.9225226603448391 0.63685960136353958 2.0419609546661377 0.5983604323118924 1.4686890412122009 0.72065132111310948 0.54859138466417778 2.9000049401074648 11.165853193029763 1.5126321595162151 0.67910664342343807 19.134000286459923 0.69905932433903217
leaf_count=421 28 20 26 15 28 10 15 29 14 10 29 11 20 10 68 17 27 10 10 10 33 20 10 86 321 49 20 615 18
internal_value=0.000425344 0.0463702 -0.0404987 0.0535588 -0.00499948 0.0582026 0.0288775 0.0473796 -0.0436945 -0.00630502 0.0616075 0.0643279 -0.0583565 -0.042862 -0.0601646 -0.0329627 -0.0384093 -0.0638185 0.0731195 -0.0564109 -0.0654376 -0.0644801 -0.0626989 -0.0621357 -0.0616832 -0.0621734 -0.0625313 -0.0616111 -0.0618043
internal_weight=109.001 51.3508 57.6507 48.2059 19.2948 46.3812 10.2879 8.17859 9.0069 3.31183 44.8022 41.4513 38.3559 2.10931 36.6963 1.94031 1.57896 3.1449 5.09271 2.50804 5.69506 1.82471 1.90968 4.36869 34.7559 4.4561 1.49484 30.2999 1.36109
internal_count=2000 601 1399 533 283 498 112 67 171 38 461 432 1116 45 1090 37 37 68 38 58 133 35 48 119 1053 117 35 936 38
is_linear=0
shrinkage=0.08


Tree=89
num_leaves=31
num_cat=0
split_feature=3 0 6 4 1 2 2 0 6 2 2 6 4 1 3 5 2 6 0 2 3 0 0 1 4 1 6 1 6 3
split_gain=27.5211 17.7612 6.00311 3.39752 2.60532 2.62919 0.0505541 0.00754699 0.00456502 0.00214321 0.00044428 0.000334541 0.000135411 8.08796e-05 7.26768e-05 0.000211478 0.000181127 0.000127218 7.02692e-05 4.99588e-05 5.47368e-05 4.93994e-05 6.02137e-05 3.77075e-05 2.16997e-05 1.15573e-05 9.14554e-06 5.6951e-06 5.30585e-06 9.21607e-07
threshold=15.585168557084573 18.016187737038674 0.44846936668611254 1.0000000180025095e-35 357.89772287073265 1.1555872050402443 1.1198308422349739 34.578576204400555 0.51467215361942853 1.1208297994279526 1.1458622578706501 0.59086320123563218 1.0000000180025095e-35 326.63879263033937 2.3897939099155585 2.652664168401587 1.280815452576809 0.49392809823246425 114.0683049646795 1.1759680419485112 0.77618875951624655 58.318784863955841 54.781068669324092 413.53910191071412 1.0000000180025095e-35 390.2869832025545 0.43637415851164313 348.24161259244931 0.57945119337339823 2.4831794721981351
decision_type=2 2 2 2 2 2 2 2 2 2 2 2 2 2 2 2 2 2 2 2 2 2 2 2 2 2 2 2 2 2
left_child=14 10 3 4 5 -3 -5 -8 9 -4 24 12 -10 -13 15 16 17 23 19 -17 -21 22 -16 -1 26 -20 27 -2 29 -23
right_child=1 2 8 6 -6 -7 7 -9 11 -11 -12 13 -14 -15 21 18 -18 -19 25 20 -22 28 -24 -25 -26 -27 -28 -29 -30 -31
leaf_value=-0.061422878728492017 -0.061431536107768019 -0.028450042622258476 0.069188736487475644 0.05506583840130426 0.067301901578577794 0.050122595532871211 0.072369650918055015 0.06561893402307388 0.065957993944021145 0.065479787452975488 -0.063971028886531084 0.065030819416204574 0.064937241264776985 0.064585257506412391 -0.061533963750332703 -0.061885594228451919 -0.062705282516536634 -0.062774217333183766 -0.061901270848037204 -0.063102876933533947 -0.062309287865151837 -0.061547248228072012 -0.062602494937455455 -0.062132543620450842 -0.061914601700946231 -0.061381923915557746 -0.061805721068906541 -0.061694578758390461 -0.061723302212471326 -0.061434570808923034
leaf_weight=11.72240647114813 10.102373395115128 13.990068411454567 2.2871152833104125 2.6439899727702132 3.0252605229616156 3.385078288614749 2.2259490787982941 2.0232154056429863 1.7682322338223484 1.7678191512823103 0.47985346987843591 2.9061791524291065 1.5704813152551651 25.359134636819363 0.88068140484392532 0.92637203447520677 0.85486946627497751 0.48408194631338197 0.57266229391098 0.83330492675304446 1.6730228234082458 0.48281018994748315 0.54725781828165054 0.49960562586784441 0.71682495251298028 0.52623121254146099 0.47033623047173101 0.55575971491634923 0.43385641835630018 12.297527298331259
leaf_count=390 333 118 17 19 24 20 14 21 17 18 7 31 17 289 28 25 16 9 15 14 37 15 11 12 18 18 13 16 13 405
internal_value=-0.000391755 0.0262374 0.0434316 0.0151942 -0.00121288 -0.0131423 0.0637511 0.0691553 0.0650448 0.0675718 -0.0615846 0.0647205 0.0654778 0.0646311 -0.061629 -0.0617362 -0.0615781 -0.0615023 -0.0622094 -0.0623876 -0.0625731 -0.0614965 -0.0619435 -0.0614519 -0.061488 -0.0616526 -0.0614605 -0.0614453 -0.0614482 -0.0614388
internal_weight=108.012 75.2777 62.9525 27.2936 20.4004 17.3751 6.89315 4.24916 35.659 4.05493 12.3251 31.604 3.33871 28.2653 32.7347 18.0926 13.561 12.7061 4.53159 3.4327 2.50633 14.6421 1.42794 12.222 11.8453 1.09889 11.1285 10.6581 13.2142 12.7803
internal_count=2000 992 605 216 162 138 54 35 389 35 387 354 34 320 1008 536 427 411 109 76 51 472 39 402 380 33 362 349 433 420
is_linear=0
shrinkage=0.08


Tree=90
num_leaves=25
num_cat=0
split_feature=0 3 3 0 2 1 1 1 0 2 1 5 4 3 6 0 1 2 2 4 5 6 0 3
split_gain=35.561 9.59802 6.48794 2.48902 2.83663 1.81191 0.977371 0.0038361 0.00301599 0.000965047 0.000460478 9.61868e-05 0.000242664 0.000224851 9.5663e-05 4.98985e-05 2.84978e-05 1.38364e-05 1.34233e-05 1.60315e-05 1.17555e-05 6.64129e-06 3.50015e-06 1.11315e-07
threshold=54.781068669324092 15.585168557084573 2.5332133851342156 108.81191116301299 1.1934537697169467 393.43819303546229 410.76907675009301 385.09569505633755 59.042743918427284 1.2951212792551601 413.53910191071412 0.10452467295480654 1.0000000180025095e-35 28.488715096179011 0.41537136948312969 68.246074016076761 341.46372117370066 1.1280059144029526 1.1458622578706501 1.0000000180025095e-35 0.21106803656825798 0.57945119337339823 60.00706085282372 80.245916234628424
decision_type=2 2 2 2 2 2 2 2 2 2 2 2 2 2 2 2 2 2 2 2 2 2 2 2
left_child=9 2 3 4 6 -6 -2 -5 -4 10 11 18 13 -13 15 -3 -10 -18 19 -1 -14 -16 -23 -24
right_child=1 14 8 7 5 -7 -8 -9 16 -11 -12 12 20 -15 21 -17 17 -19 -20 -21 -22 22 23 -25
leaf_value=-0.06145649347794966 -0.060247437188138249 -0.062688167559366445 0.067849412896091824 0.069664802662322972 0.00032560077567332575 0.059597620901416556 0.024884450493000476 0.06492687702399165 0.064896465413133569 -0.065218039931237273 -0.064221645471482805 -0.061538108939798719 -0.061791217086344705 -0.062201887386862276 -0.061703574937549972 -0.061749074374467118 0.064766347596498769 0.064514121607094299 -0.061798764734865189 -0.061843899603480947 -0.06144252336925856 -0.061646852463329758 -0.061467661357983767 -0.061425231564046945
leaf_weight=11.322555596008891 4.9724949263036313 0.78717486932873615 1.8532589897513378 2.0319292768836013 10.204962708055971 4.8788413777947417 1.0443595275282858 2.3685737997293472 1.3736170008778561 0.50844616070389648 0.46129236556589504 4.9210948012769231 0.66318500600755292 9.7115956451743823 0.93451508693397034 0.6706162616610527 1.4537026956677426 32.764960587024689 0.90856040641665536 0.72756054438650686 9.2409040592610818 0.57168239541351829 0.4649304244667295 2.6584569830447435
leaf_count=369 94 16 15 14 66 24 6 26 15 6 7 158 19 254 27 19 16 378 27 19 305 17 15 88
internal_value=-0.000114524 0.0342315 0.0435078 0.0123852 0.000971454 0.0194971 -0.0454709 0.0671146 0.064703 -0.0617558 -0.0617095 -0.0616786 -0.0617717 -0.0619787 -0.061691 -0.0622562 0.0645392 0.0645248 -0.0615022 -0.0614799 -0.0614659 -0.061513 -0.0614649 -0.0614315
internal_weight=107.499 69.0341 62.9467 25.5012 21.1007 15.0838 6.01685 4.4005 37.4455 38.4652 37.9567 37.4955 24.5368 14.6327 6.08738 1.45779 35.5923 34.2187 12.9587 12.0501 9.90409 4.62958 3.69507 3.12339
internal_count=2000 836 654 230 190 90 100 40 424 1164 1158 1151 736 412 182 35 409 394 415 388 324 147 120 103
is_linear=0
shrinkage=0.08


Tree=91
num_leaves=31
num_cat=0
split_feature=3 0 2 1 0 3 3 1 0 2 1 2 1 0 0 6 1 3 6 2 6 4 0 6 4 6 2 6 4 1
split_gain=48.0226 4.85076 3.14992 2.56659 2.19627 1.81985 1.83948 0.321939 0.0411928 0.0186416 0.00575939 0.00089846 0.000891579 0.000145322 0.000204452 0.000468909 0.000459168 0.00022371 6.80848e-05 6.32678e-05 0.000210579 4.87609e-05 3.59057e-05 4.33669e-05 1.67817e-05 1.15268e-05 9.1838e-06 7.67728e-06 6.59033e-06 1.49404e-06
threshold=2.5332133851342156 56.63486483070966 1.2105893437480453 393.43819303546229 96.117585973511112 1.7008071522611827 0.72663191903020663 399.36789473572895 83.789483507949825 1.2887241217169547 412.35448837210396 1.2680615046967247 332.70211976670834 68.246074016076761 35.551035626978248 0.36992925030924528 352.87330825217344 162.58187712888875 0.53393550074746365 1.1479305986524475 0.43699389826257834 1.0000000180025095e-35 16.134654976476487 0.57945119337339823 1.0000000180025095e-35 0.60130445607685779 1.1010573164123267 0.59086320123563218 1.0000000180025095e-35 326.63879263033937
decision_type=2 2 2 2 2 2 2 2 2 2 2 2 2 2 2 2 2 2 2 2 2 2 2 2 2 2 2 2 2 2
left_child=1 9 4 5 7 6 -4 8 -3 10 11 12 -1 14 19 16 17 -16 21 22 -21 -17 24 -24 -2 -22 27 -15 -18 -28
right_child=13 2 3 -5 -6 -7 -8 -9 -10 -11 -12 -13 -14 26 15 18 28 -19 -20 20 25 -23 23 -25 -26 -27 29 -29 -30 -31
leaf_value=0.066540641123170291 -0.061456697914815138 0.066008198885702682 -0.015594074405350327 -0.064902073856622805 -0.028349813102222302 -0.03839013511431931 0.064204515225208439 0.033192407095353128 0.080032037663547217 0.074127906045545894 0.070258618423892333 0.066798138591186315 0.064740052336397375 -0.06180271710732603 -0.064508148761925385 -0.062270471089221159 -0.061884799055753968 -0.062773431047955963 -0.061426557690713812 -0.062788169256135992 -0.061804945318590328 -0.061515110688039838 -0.061841526990701841 -0.061407784527643623 -0.061881747692490434 -0.061414794288496832 -0.061572174002235552 -0.061429063535422206 -0.061532224918838391 -0.061428824923994728
leaf_weight=1.8758517280221045 10.931247416883714 7.8129373043775576 2.9605542942881566 3.4881541971117249 2.0156661309301844 3.0670869462192059 4.9230830781161785 2.0158299878239623 1.618131101131439 1.5546260625123967 1.362956941127776 1.5968214944005001 28.49552109837532 0.83984414860606083 0.95882031694054448 1.4425143171101811 0.76811257191002347 0.9444133136421442 3.5345815047621727 1.2245797812938684 0.64830745384097133 0.88097532279789437 4.8530424609780303 2.119624987244606 0.62866621091961938 1.9198086950927971 0.48260926827788253 0.60575813800096512 0.60777934826910496 12.989237466827033
leaf_count=17 356 76 14 29 21 19 28 12 8 8 10 15 319 23 15 33 21 18 117 24 18 28 137 71 16 64 15 20 19 429
internal_value=7.56864e-05 0.045679 0.020815 -0.0051401 0.0486524 0.013896 0.0342376 0.0622117 0.0684143 0.065565 0.0651656 0.0649485 0.0648513 -0.0616602 -0.0617577 -0.0620765 -0.0628425 -0.0636474 -0.0616477 -0.0616272 -0.0619249 -0.0619841 -0.0615663 -0.0617097 -0.0614798 -0.0615133 -0.0614545 -0.0616461 -0.0617291 -0.061434
internal_weight=109.167 62.7872 27.9014 14.4389 13.4626 10.9507 7.88364 11.4469 9.43107 34.8858 33.3312 31.9682 30.3714 46.3799 31.4625 9.1372 3.27913 1.90323 5.85807 22.3253 3.7927 2.32349 18.5326 6.97267 11.5599 2.56812 14.9174 1.4456 1.37589 13.4718
internal_count=2000 576 207 90 117 61 42 96 84 369 361 351 336 1424 937 251 73 33 178 686 106 61 580 208 372 82 487 43 40 444
is_linear=0
shrinkage=0.08


Tree=92
num_leaves=31
num_cat=0
split_feature=5 1 2 2 0 4 6 5 6 1 6 4 5 1 1 2 3 1 3 3 1 5 6 3 6 1 6 3 5 3
split_gain=28.0766 5.59571 5.21605 3.62714 3.55018 1.91216 1.39977 1.09748 1.06901 1.1547 0.867028 0.610844 0.454311 0.453891 0.265768 0.244193 0.418574 0.238945 0.0930876 0.0507831 0.0300403 0.0218226 0.000870842 0.000425823 0.000297407 0.000164209 0.000152545 8.25625e-05 1.65804e-05 6.61677e-06
threshold=0.51403541100734984 359.61677906077745 1.1198308422349739 1.1642306672550393 39.249053016537339 1.0000000180025095e-35 0.44251632769839316 0.62459291234574044 0.29170449775743384 327.40178908539065 0.56105598891917652 1.0000000180025095e-35 0.46795989777906655 319.55487930598815 344.59115921307733 1.1280059144029526 125.53461759507159 351.51156742879886 237.06089302078004 144.53897922427106 327.40178908539065 0.69745559691510761 0.44580179297533645 15.585168557084573 0.41161973011781811 340.22008364700923 0.54407547518684252 2.2245239750523376 0.30752878141773415 1.4120188723471887
decision_type=2 2 2 2 2 2 2 2 2 2 2 2 2 2 2 2 2 2 2 2 2 2 2 2 2 2 2 2 2 2
left_child=1 3 4 6 5 7 11 -2 9 -6 -8 12 -1 -4 -9 16 -15 -11 19 23 -10 -7 -5 29 -22 26 -17 -27 -12 -3
right_child=2 18 13 22 8 21 10 14 20 17 28 -13 -14 15 -16 25 -18 -19 -20 -21 24 -23 -24 -25 -26 27 -28 -29 -30 -31
leaf_value=0.061593993406914502 -0.020593553476534587 -0.061416250946316753 -0.015926287230318682 -0.065479864565939294 0.05058491558267221 -0.043074768523675609 0.044939149250880342 0.067448610392268668 -0.076277942127685017 -0.015458212176867913 -0.062066390383624617 0.026681362599431224 0.1105270368478832 0.0041581184604150435 0.03200394899814904 -0.062340794978334765 -0.072227040582595173 -0.074110281985308266 -0.091775116847441704 -0.034593298478873012 -0.062934574426869741 -0.062001360238097769 -0.061706867229216471 -0.064411823718325573 -0.061468771585428572 -0.061624996232902449 -0.061297144903375428 -0.06133613917003454 -0.061409628268522289 -0.061784306928085515
leaf_weight=35.849356878548861 1.3932835496962068 0.59021013788878895 1.5783878862857808 0.99872690252959617 1.3244333714246734 0.76356688328087396 0.96369762532412895 4.8017604202032089 1.2338811159133909 0.80482782423496224 0.51731633022427559 3.173176370561122 1.2568811215460289 0.98200918361544498 1.8855166174471376 2.6740614138543632 0.86227680556476116 0.99303486570715904 0.57005402632057656 0.55540337227284897 1.3474741242825987 0.79669737629592419 0.64394942671060562 0.48050010763108719 2.5861189346760511 10.065106401219966 1.3482603002339599 17.078133517876267 0.46909293718636036 0.66462933644652367
leaf_count=419 17 20 26 15 7 14 11 37 14 9 14 29 9 20 23 68 17 22 9 10 33 21 20 10 86 321 49 615 16 19
internal_value=0.000453574 0.04556 -0.0396837 0.052629 -0.00466736 0.0283416 0.0571657 0.0439974 -0.0430561 -0.00609774 -0.00902875 0.0603705 0.0632515 -0.0578362 0.0574548 -0.0598401 -0.031555 -0.0478542 -0.0628468 -0.055648 -0.0653871 -0.052739 -0.0640008 -0.0623867 -0.0619709 -0.0615139 -0.061991 -0.0614433 -0.0617541 -0.0616112
internal_weight=99.2518 46.733 52.5188 43.8722 17.9306 9.64082 42.2295 8.08056 8.28977 3.1223 1.95011 40.2794 37.1062 34.5882 6.68728 33.0098 1.84429 1.79786 2.8608 2.29074 5.16747 1.56026 1.64268 1.73534 3.93359 31.1656 4.02232 27.1432 0.986409 1.25484
internal_count=2000 601 1399 533 283 112 498 77 171 38 41 457 428 1116 60 1090 37 31 68 59 133 35 35 49 119 1053 117 936 30 39
is_linear=0
shrinkage=0.08


Tree=93
num_leaves=31
num_cat=0
split_feature=3 0 6 4 1 2 3 6 6 2 2 6 4 3 5 2 6 0 1 2 3 0 0 1 4 6 1 1 6 3
split_gain=24.362 15.5634 5.55503 3.02185 2.29982 2.24867 0.0567961 0.00395126 0.00321299 0.001463 0.000326401 0.000230211 9.50223e-05 6.56915e-05 0.00018768 0.000135802 9.70964e-05 6.51526e-05 6.46956e-05 4.43431e-05 5.00124e-05 3.53516e-05 4.27061e-05 2.87853e-05 2.04253e-05 8.61724e-06 8.06857e-06 5.39152e-06 3.70465e-06 9.25509e-07
threshold=15.585168557084573 18.016187737038674 0.44846936668611254 1.0000000180025095e-35 358.84373406318986 1.1599606059053873 117.38713883865792 0.38564955540573037 0.51467215361942853 1.1208297994279526 1.1458622578706501 0.59086320123563218 1.0000000180025095e-35 2.3897939099155585 2.652664168401587 1.280815452576809 0.49392809823246425 114.0683049646795 326.63879263033937 1.1759680419485112 0.77618875951624655 58.318784863955841 54.781068669324092 413.53910191071412 1.0000000180025095e-35 0.43637415851164313 390.2869832025545 348.66863608600835 0.57945119337339823 2.4831794721981351
decision_type=2 2 2 2 2 2 2 2 2 2 2 2 2 2 2 2 2 2 2 2 2 2 2 2 2 2 2 2 2 2
left_child=13 10 3 4 5 -3 -5 -8 9 -4 24 12 -10 14 15 16 23 19 -13 -16 -21 22 -15 -1 25 27 -19 -2 29 -23
right_child=1 2 8 6 -6 -7 7 -9 11 -11 -12 18 -14 21 17 -17 -18 26 -20 20 -22 28 -24 -25 -26 -27 -28 -29 -30 -31
leaf_value=-0.061266674445042323 -0.061271768178754904 -0.021336474329208027 0.068089371784482614 0.052546373655153654 0.076038133591274773 0.069659509678586903 0.065761108327624565 0.070789777221241398 0.065255581836866278 0.064864528453162665 -0.063564123037354772 0.064466982746021348 0.064353518071505272 -0.06136265061700872 -0.061711503893551525 -0.062434095840288181 -0.06250725372468563 -0.061683956124510705 0.064047344733695083 -0.062908726731389836 -0.062124776891039936 -0.061391106766334122 -0.06231426211855097 -0.061918975510297083 -0.061759749479133479 -0.061652624820859536 -0.06122417024294162 -0.061556705714390383 -0.061528291036579578 -0.061272030178866906
leaf_weight=10.475360330194235 9.0758908223360688 15.246034855023035 2.0697638094425197 2.3623532056808463 2.1923159062862387 1.9616778790950764 2.0729616284370422 1.9320829659700391 1.590568587183955 1.5935216844081876 0.43550693988800127 2.6222319453954723 1.4097750559449196 0.78581021726131328 0.83695835992693846 0.77636409923434335 0.43885395303368646 0.51029548607766617 22.755781427025795 0.788048226386309 1.535814896225929 0.43429175391792973 0.49004091322422028 0.45163349993527013 0.66212032735347826 0.42661480233073312 0.46855385787785053 0.44588265940547067 0.3868836238980301 10.961891382932661
leaf_count=390 335 129 17 18 19 14 22 14 17 18 7 31 17 28 25 16 9 15 289 14 37 15 11 12 18 13 18 14 13 405
internal_value=-0.000419333 0.0255923 0.042218 0.014564 -0.00113131 -0.0109629 0.0623842 0.068187 0.0644569 0.0666866 -0.0614176 0.0641691 0.0648317 -0.0614618 -0.061569 -0.0614104 -0.0613405 -0.0620342 0.0640907 -0.0622108 -0.0623906 -0.0613281 -0.0617282 -0.0612936 -0.0613295 -0.0613009 -0.0614639 -0.0612851 -0.0612848 -0.0612766
internal_weight=98.1959 68.8551 57.8091 25.7674 19.4 17.2077 6.3674 4.00504 32.0416 3.66329 11.046 28.3784 3.00034 29.3408 16.2819 12.1422 11.3658 4.13967 25.378 3.16082 2.32386 13.0589 1.27585 10.927 10.6105 9.94839 0.978849 9.52177 11.7831 11.3962
internal_count=2000 992 605 216 162 143 54 36 389 35 387 354 34 1008 536 427 411 109 320 76 51 472 39 402 380 362 33 349 433 420
is_linear=0
shrinkage=0.08


Tree=94
num_leaves=24
num_cat=0
split_feature=0 3 3 2 0 1 0 3 3 1 2 1 6 0 1 0 0 2 6 6 3 0 3
split_gain=31.4923 8.03956 4.69644 2.2041 2.33881 1.52869 1.00962 1.11767 0.97474 0.608615 0.000668466 0.000315397 9.85777e-05 9.45604e-05 0.000360922 4.47233e-05 3.65857e-05 1.30132e-05 9.62735e-06 4.9211e-06 3.53141e-06 1.78725e-06 9.43117e-08
threshold=56.63486483070966 15.585168557084573 2.5332133851342156 1.1926608832659651 99.174299002909109 339.87900387585006 54.781068669324092 3.8130769916734724 0.53604335182501794 409.59854941339842 1.2951212792551601 413.53910191071412 0.37924572849484478 40.237867600035564 338.27831677816749 61.110568094063893 16.134654976476487 1.1280059144029526 0.57945119337339823 0.574978740179655 290.75949750076285 63.746101848213904 80.245916234628424
decision_type=2 2 2 2 2 2 2 2 2 2 2 2 2 2 2 2 2 2 2 2 2 2 2
left_child=6 2 3 4 9 -5 10 -8 -7 -2 11 13 -3 16 -15 -4 -1 -17 20 -19 -14 -20 -23
right_child=1 12 15 5 -6 8 7 -9 -10 -11 -12 -13 18 14 -16 17 -18 19 21 -21 -22 22 -24
leaf_value=-0.061337485703677114 -0.064691848029567303 -0.06224180248397481 0.064476433278088316 -0.034208670815994713 0.067225491311028965 0.078113140205203754 -0.066219681574731487 0.031341340265935873 0.029358356697143977 0.0075837572013242533 -0.064622535547765592 -0.063738552475308477 -0.061415298405588681 -0.062866823974955549 -0.061472183534487607 0.064229582932680954 -0.061527190371982073 0.063972803910831696 -0.061440031110509143 0.064138386209650969 -0.06172297126138853 -0.061301392565911376 -0.061259712549521277
leaf_weight=11.215750586241485 3.8562068138271597 1.0274366345256556 1.2620735988020886 1.9840098731219793 1.3886354267597196 3.4077757224440566 1.3879924491047853 1.638884240761399 11.416949719190596 0.92440434545278538 0.45711346715688606 0.41357853449880977 0.43845068477094207 1.5232611149549473 5.3893570303916931 1.3936326727271104 15.495096839964388 28.559315420687202 0.44567680731415782 1.196860797703265 0.52420205995440483 0.41449269652366671 2.1480314675718546
leaf_count=402 78 26 15 11 13 19 23 25 80 6 6 7 15 40 188 17 521 368 15 15 15 15 80
internal_value=-0.000136468 0.0356272 0.0443957 0.0167291 -0.0241688 0.0317397 -0.0576962 -0.0133959 0.0405657 -0.0507163 -0.0615836 -0.0615428 -0.0615434 -0.0615158 -0.0617795 0.0640096 -0.0614475 0.0639907 -0.0613626 0.0639795 -0.0615828 -0.0612922 -0.0612665
internal_weight=97.9092 60.3882 55.3899 22.978 6.16925 16.8087 37.521 3.02688 14.8247 4.78061 34.4942 34.037 4.99829 33.6235 6.91262 32.4119 26.7108 31.1498 3.97085 29.7562 0.962653 3.0082 2.56252
internal_count=2000 788 622 207 97 110 1212 48 99 84 1164 1158 166 1151 228 415 923 400 140 383 30 110 95
is_linear=0
shrinkage=0.08


Tree=95
num_leaves=31
num_cat=0
split_feature=3 0 2 1 3 3 0 5 2 1 1 1 2 1 0 0 6 1 3 6 2 6 4 0 6 4 6 2 1 6
split_gain=42.311 4.63004 2.81721 2.35429 1.53644 2.19921 0.918879 0.411151 0.0134969 0.00586996 0.00469689 0.000972134 0.000752337 0.000593021 0.000131249 0.000196644 0.000435649 0.000419611 0.000241566 5.85677e-05 4.96654e-05 0.00016844 4.26536e-05 2.86272e-05 3.53051e-05 1.60726e-05 8.66697e-06 6.72147e-06 5.7433e-06 5.6001e-06
threshold=2.5332133851342156 56.63486483070966 1.1926608832659651 393.43819303546229 0.53604335182501794 1.7008071522611827 87.680024790486399 2.5744271535336991 1.2887241217169547 395.39666799617652 412.35448837210396 374.57593190940133 1.2680615046967247 333.72853599387201 68.246074016076761 35.551035626978248 0.36992925030924528 352.87330825217344 152.0847972811527 0.53393550074746365 1.1479305986524475 0.43699389826257834 1.0000000180025095e-35 16.134654976476487 0.57945119337339823 1.0000000180025095e-35 0.60130445607685779 1.1010573164123267 384.76991534515616 0.59086320123563218
decision_type=2 2 2 2 2 2 2 2 2 2 2 2 2 2 2 2 2 2 2 2 2 2 2 2 2 2 2 2 2 2
left_child=1 8 6 4 -4 -6 9 -5 10 11 12 -3 13 -1 15 20 17 18 -17 22 23 -22 -18 25 -25 -2 -23 29 -19 -16
right_child=14 2 3 7 5 -7 -8 -9 -10 -11 -12 -13 -14 -15 27 16 19 28 -20 -21 21 26 -24 24 -26 -27 -28 -29 -30 -31
leaf_value=0.065647574777593518 -0.061296278798534019 0.064612311090536403 -0.039561904201038084 -0.026164123715748677 0.05759829832945635 -0.019446145821903193 0.0068283486993173503 -0.078662925632424816 0.072561804875183725 0.070920146628332903 0.069412435768249292 0.066731245249492019 0.066178274871318249 0.064204934659633173 -0.061604882478737362 -0.06442216111605592 -0.062088765102544463 -0.061698252926690518 -0.062559230325924184 -0.061264899791155694 -0.06254344305701498 -0.061612147533494178 -0.061343740193282738 -0.061662346026855608 -0.061248436375350927 -0.061729505533766139 -0.061254382008625513 -0.061271551448143668 -0.061346936443163268 -0.061267119014965579
leaf_weight=1.9646514430642259 9.7684083841741156 4.1507130414247531 2.5458566807210472 1.7283893376588815 6.5837844610214216 3.7058609686791897 2.11088527739048 2.1329277511686087 1.4314148724079121 1.4828058704733846 1.2496114671230305 2.0801659151911736 1.4502220079302777 25.404016748070717 0.75126564688980468 0.87567189149558389 1.3154908772557976 0.73041977174580075 0.90676765143871307 3.1505187265574932 1.1161661203950637 0.58034572750330005 0.78545511513948429 4.3672689981758586 1.8895004820078609 0.58064810186624605 1.7110632937401531 12.008743153885005 0.502833541482687 0.53995404206216335
leaf_count=20 356 48 14 8 38 26 19 24 8 10 10 20 15 316 23 14 33 22 19 117 24 18 28 137 71 16 64 444 18 20
internal_value=9.55822e-05 0.0442358 0.0196068 -0.000393668 0.0160828 0.0298504 0.0535977 -0.0551636 0.0649721 0.0663963 0.0646108 0.0653197 0.0644026 0.0643085 -0.0614975 -0.0615949 -0.0619232 -0.0626895 -0.0634744 -0.0614831 -0.0614593 -0.0617376 -0.0618102 -0.0614023 -0.0615373 -0.0613206 -0.061345 -0.0612902 -0.061555 -0.0614636
internal_weight=99.6018 58.0213 26.5214 16.6968 12.8355 10.2896 9.82457 3.86132 31.4999 7.71368 30.0685 6.23088 28.8189 27.3687 41.5805 28.2806 8.26716 3.01569 1.78244 5.25146 20.0134 3.40758 2.10095 16.6058 6.25677 10.3491 2.29141 13.3 1.23325 1.29122
internal_count=2000 576 207 110 78 64 97 32 369 78 361 68 351 336 1424 937 251 73 33 178 686 106 61 580 208 372 82 487 40 43
is_linear=0
shrinkage=0.08


Tree=96
num_leaves=31
num_cat=0
split_feature=5 1 2 6 0 2 4 1 5 6 3 1 2 3 0 3 2 1 3 1 2 0 3 6 1 6 3 5 3 6
split_gain=24.5531 4.90986 4.80686 3.19683 3.18138 1.98871 1.63559 1.12939 1.0202 1.00343 1.0395 0.474667 0.252496 0.454226 0.249677 0.0802952 0.0586249 0.147126 0.047965 0.0279894 0.0263658 0.023754 0.000309295 0.000280645 0.000143165 0.000131703 6.85788e-05 2.54669e-05 4.64162e-06 2.24894e-06
threshold=0.51403541100734984 359.61677906077745 1.1198308422349739 0.46231034219505857 39.249053016537339 1.1338134593406353 1.0000000180025095e-35 331.01584857760935 0.62459291234574044 0.29170449775743384 125.53461759507159 319.55487930598815 1.1280059144029526 123.64760995970703 35.551035626978248 273.53466871518668 1.1110528296882973 338.91412182252196 144.53897922427106 327.40178908539065 1.08452583755586 19.690761660131709 15.585168557084573 0.41161973011781811 340.22008364700923 0.54407547518684252 2.2245239750523376 0.21106803656825798 1.4120188723471887 0.73145743074971548
decision_type=2 2 2 2 2 2 2 2 2 2 2 2 2 2 2 2 2 2 2 2 2 2 2 2 2 2 2 2 2 2
left_child=1 3 4 5 6 16 8 -7 -2 10 -6 -4 13 -13 -10 18 21 -18 22 -11 -8 -1 28 -21 25 -14 -26 -5 -3 -29
right_child=2 15 11 27 9 7 20 -9 14 19 -12 12 24 -15 -16 -17 17 -19 -20 23 -22 -23 -24 -25 26 -27 -28 29 -30 -31
leaf_value=0.063441966441626516 -0.020807682459778088 -0.061255372682107984 -0.013475918206478288 -0.061991293201450616 -0.063842437706631852 0.047666487296323445 -0.040020202596256722 -0.028500336224933049 0.044016901042551265 -0.076206807581549227 0.032870460204733248 0.009962286070164552 -0.062173940155273257 -0.071468234364590058 0.077255736905815678 -0.090585997734664372 0.065444296295753213 0.029481226044069778 -0.034649017790283204 -0.062796583285685353 -0.061733945588955175 0.070286509136611136 -0.063948639750463845 -0.061301270864787018 -0.061471187145279063 -0.061150063637299842 -0.061193581260114226 -0.061425791894573645 -0.061581881433397573 -0.061189125131194969
leaf_weight=26.53095314651728 1.3540682848542944 0.52585916593670823 1.5053598359227205 0.47229576110839744 1.1862789671868079 2.4556470457464448 0.71553998813033082 2.5291205570101738 4.1223767772316933 1.1463475376367567 1.7763195447623727 0.89159251190722233 2.432333478704098 0.86251891776919365 2.2280251085758209 0.5003581978380679 2.0873488709330554 1.1179829984903333 0.55086303502321232 1.23327929712832 0.71602798998355865 3.6973381638526908 0.43200797960162152 2.3039892464876175 9.084369573742153 1.201083907857537 15.265797713771461 0.43339991010725476 0.59274246729910374 0.63124855048954487
leaf_count=365 17 20 26 13 28 17 14 29 44 14 10 18 68 19 16 8 24 15 11 33 21 30 10 86 321 49 615 15 19 25
internal_value=0.000454486 0.0447 -0.0387533 0.0516341 -0.00422002 0.0561602 0.0276452 0.00902174 0.0422361 -0.042294 -0.00585516 -0.0573029 -0.0595214 -0.0300781 0.0556787 -0.0617844 0.0631883 0.0529008 -0.0549268 -0.0653432 -0.0508808 0.0642791 -0.0621305 -0.0618226 -0.061367 -0.0618355 -0.0612971 -0.0615024 -0.0614284 -0.0612855
internal_weight=90.5825 42.5572 48.0253 39.9553 16.7823 38.4184 9.13604 4.98477 7.70447 7.64621 2.9626 31.2431 29.7377 1.75411 6.3504 2.60183 33.4336 3.20533 2.10147 4.68362 1.43157 30.2283 1.55061 3.53727 27.9836 3.63342 24.3502 1.53694 1.1186 1.06465
internal_count=2000 601 1399 533 283 480 112 46 77 171 38 1116 1090 37 60 68 434 39 60 133 35 395 49 119 1053 117 936 53 39 40
is_linear=0
shrinkage=0.08


Tree=97
num_leaves=31
num_cat=0
split_feature=3 0 6 1 0 2 6 1 6 6 2 2 6 4 3 5 2 6 0 1 2 3 0 0 1 4 6 1 1 6
split_gain=21.5881 13.6237 5.19196 2.79857 1.9399 2.43427 1.22027 0.343715 0.224856 0.00241688 0.00107637 0.000239163 0.000162584 7.00101e-05 5.65822e-05 0.000167031 0.000101515 7.22245e-05 5.47021e-05 5.02474e-05 3.76404e-05 3.96825e-05 2.94056e-05 3.56179e-05 2.04343e-05 1.89737e-05 6.76974e-06 6.22148e-06 4.66864e-06 2.54884e-06
threshold=15.585168557084573 18.016187737038674 0.44846936668611254 326.63879263033937 39.249053016537339 1.1198308422349739 0.36849046224728021 316.34397764695183 0.29862813745425693 0.51467215361942853 1.1208297994279526 1.1458622578706501 0.59086320123563218 1.0000000180025095e-35 2.3897939099155585 2.652664168401587 1.280815452576809 0.49392809823246425 114.0683049646795 326.63879263033937 1.1759680419485112 0.77618875951624655 58.318784863955841 54.781068669324092 413.53910191071412 1.0000000180025095e-35 0.43637415851164313 390.2869832025545 348.66863608600835 0.57945119337339823
decision_type=2 2 2 2 2 2 2 2 2 2 2 2 2 2 2 2 2 2 2 2 2 2 2 2 2 2 2 2 2 2
left_child=14 11 3 6 5 -5 7 -3 -6 10 -4 25 13 -11 15 16 17 24 20 -14 -17 -22 23 -16 -1 26 28 -20 -2 -24
right_child=1 2 9 4 8 -7 -8 -9 -10 12 -12 -13 19 -15 22 18 -18 -19 27 -21 21 -23 29 -25 -26 -27 -28 -29 -30 -31
leaf_value=-0.061128421445687094 -0.06113026114572908 -0.032163541173514838 0.067240658762972055 -0.025785256294500659 0.039586931442998394 0.047438090701478794 0.010362721854986864 -0.083612892396098953 0.071728921874283064 0.064659684051181693 0.064335645211416909 -0.063197522090994607 0.063969272922366288 0.063843014093054082 -0.061210559140444064 -0.061558160739584346 -0.062189094569987356 -0.062253808946441586 -0.061528678743383206 0.063579768503542425 -0.062691618586956474 -0.06196733594021514 -0.061134116902708424 -0.062122429784942951 -0.061709212899768523 -0.061618870481545358 -0.061486729173504319 -0.061104863109606333 -0.061409465170757474 -0.061355283696627662
leaf_weight=9.3595687635242903 8.1034103743731887 1.3407327905297308 1.8855366930365591 6.0901464093476552 1.9375466033816326 5.5570043697953224 2.3499395549297333 2.1859887801110744 4.955921471118927 1.4336305409669903 1.4394601881504057 0.39477740600705225 2.3652239590883282 1.2642486542463303 0.70078365318477043 0.7567146774381398 0.70362435281276781 0.39657050371170122 0.46471801586449135 20.417178019881248 0.73411763831973109 1.4217139985412357 10.165949603542682 0.45030434615910053 0.40445641428232271 0.61187139153480608 0.3843208886682995 0.42386627942323685 0.40231948904693204 0.34480105340480882
leaf_count=390 335 19 17 54 15 36 20 24 48 17 18 7 31 17 28 25 16 9 15 289 14 37 420 11 12 18 13 18 14 13
internal_value=-0.000460183 0.0249225 0.0409496 0.0138105 0.0290585 0.00915054 -0.0342963 -0.0640537 0.0626948 0.0639545 0.065983 -0.0612681 0.0636897 0.064277 -0.0613149 -0.0614195 -0.0612598 -0.0611955 -0.061876 0.0636202 -0.0620436 -0.062214 -0.0611834 -0.0615673 -0.0611525 -0.061188 -0.0611583 -0.0613265 -0.0611435 -0.0611414
internal_weight=89.4464 63.1193 53.2226 24.4173 18.5406 11.6472 5.87666 3.52672 6.89347 28.8053 3.325 9.8967 25.4803 2.69788 26.3272 14.6654 10.8642 10.1606 3.80113 22.7824 2.91255 2.15583 11.6618 1.15109 9.76403 9.50192 8.89005 0.888584 8.50573 10.5108
internal_count=2000 992 605 216 153 90 63 43 63 389 35 387 354 34 1008 536 427 411 109 320 76 51 472 39 402 380 362 33 349 433
is_linear=0
shrinkage=0.08


Tree=98
num_leaves=24
num_cat=0
split_feature=0 3 3 6 2 0 0 2 1 0 2 5 6 0 6 1 2 2 1 6 0 3 3
split_gain=27.7566 7.38546 5.58493 2.16548 2.26588 2.32765 0.00173994 0.000460713 0.000183375 9.66075e-05 0.000340797 0.000441202 9.3112e-05 3.08575e-05 5.56351e-05 1.43419e-05 8.62494e-06 7.97162e-06 7.55781e-06 6.16247e-06 3.43345e-06 2.41435e-06 5.57079e-08
threshold=54.781068669324092 15.585168557084573 2.5332133851342156 0.50188100970818017 1.3146614766206868 108.81191116301299 59.042743918427284 1.2951212792551601 412.35448837210396 40.237867600035564 1.1280059144029526 1.4959415262618851 0.37924572849484478 16.134654976476487 0.57945119337339823 341.46372117370066 1.1280059144029526 1.1458622578706501 337.18044834957419 0.57945119337339823 60.00706085282372 247.23338513655798 80.245916234628424
decision_type=2 2 2 2 2 2 2 2 2 2 2 2 2 2 2 2 2 2 2 2 2 2 2
left_child=7 2 3 4 5 -2 -4 8 9 13 11 -11 -3 17 -15 -8 -17 -1 -12 21 -21 -14 -22
right_child=1 12 6 -5 -6 -7 15 -9 -10 10 18 -13 19 14 -16 16 -18 -19 -20 20 22 -23 -24
leaf_value=-0.061173922659611128 -0.017645066698427522 -0.062083237186979341 0.066292688544934045 0.079261452359053144 0.076425190396077036 0.06692303724763865 0.063814535068402262 -0.064095070703628784 -0.063072310782272795 -0.063840436725061289 -0.061503596543761932 -0.061501867390346139 -0.061258797840071377 -0.061474551114700127 -0.061112573611647888 0.063732727124160629 0.06351125519419315 -0.061453041218484383 -0.061185237783410409 -0.061359438756656837 -0.061153973380453461 -0.06151189117111696 -0.061120293613129893
leaf_weight=9.3316921889782058 15.993618128821263 1.0056937802582968 1.5399459339678312 2.6811571158468714 2.3735381811857215 2.3948778286576262 1.1061683222651506 0.41030162014067073 0.4122005607932796 0.88535660319030229 0.55142507515847672 1.2386893667280672 0.44685268215835128 10.155121726915239 3.7103552278131238 1.1756941527128244 26.296123586595058 0.70428502000868398 3.547722939401865 0.47815864533185992 0.36930907145142589 0.52420120313763618 2.1105475015938282
leaf_count=376 173 28 15 19 15 23 15 6 9 20 20 44 17 363 156 16 378 26 144 17 15 17 88
internal_value=-0.000161507 0.0322536 0.0408819 0.0116014 0.00286398 -0.0066311 0.0636733 -0.0614322 -0.0613964 -0.0613735 -0.0616542 -0.0624766 -0.0613964 -0.0613004 -0.0613777 0.0635321 0.0635207 -0.0611935 -0.0612281 -0.0612206 -0.0611632 -0.0613954 -0.0611253
internal_weight=89.443 58.4959 53.5611 23.4432 20.762 18.3885 30.1179 30.9472 30.5368 30.1246 6.22319 2.12405 4.93476 23.9015 13.8655 28.578 27.4718 10.036 4.09915 3.92907 2.95802 0.971054 2.47986
internal_count=2000 836 654 230 211 196 424 1164 1158 1149 228 64 182 921 519 409 394 402 164 154 120 34 103
is_linear=0
shrinkage=0.08


Tree=99
num_leaves=31
num_cat=0
split_feature=3 0 6 2 0 1 2 2 1 2 1 0 0 6 1 3 6 2 6 4 0 6 4 6 4 2 6 1 6 3
split_gain=37.3404 4.38857 2.61754 2.78546 1.60512 1.05901 0.77874 0.00937093 0.00324718 0.000506742 0.000479393 0.000120935 0.000192349 0.00041332 0.000385317 0.000220957 5.03983e-05 4.01958e-05 0.00013933 3.66074e-05 2.37409e-05 2.93641e-05 1.51526e-05 6.1469e-06 5.50285e-06 4.7822e-06 3.97434e-06 7.82408e-07 8.28537e-08 3.91176e-08
threshold=2.5332133851342156 56.63486483070966 0.50188100970818017 1.2768040296594274 84.696414843307849 373.00248079461431 1.2218549893343686 1.2887241217169547 412.35448837210396 1.2680615046967247 333.72853599387201 68.246074016076761 35.551035626978248 0.36992925030924528 352.87330825217344 152.0847972811527 0.53393550074746365 1.1479305986524475 0.43699389826257834 1.0000000180025095e-35 16.134654976476487 0.57945119337339823 1.0000000180025095e-35 0.60130445607685779 1.0000000180025095e-35 1.1010573164123267 0.59086320123563218 326.63879263033937 0.61150667615532395 28.488715096179011
decision_type=2 2 2 2 2 2 2 2 2 2 2 2 2 2 2 2 2 2 2 2 2 2 2 2 2 2 2 2 2 2
left_child=1 7 3 4 6 -6 -3 8 9 10 -1 12 17 14 15 -14 19 20 -19 -15 22 -22 -2 -20 -16 26 -13 -27 -18 -29
right_child=11 2 -4 -5 5 -7 -8 -9 -10 -11 -12 25 13 16 24 -17 28 18 23 -21 21 -23 -24 -25 -26 27 -28 29 -30 -31
leaf_value=0.065098488772272561 -0.061152989513487056 0.065672325853675426 -0.074278487216672046 -0.036343479678463103 0.040638413251196062 -0.036163714459581907 0.028629861477864567 0.07103235210752129 0.068295348513443613 0.06545410989820305 0.063737535397457926 -0.061424936033835559 -0.064263710716424075 -0.061923605389331345 -0.061567455696324151 -0.062425719025225729 -0.061154392510729551 -0.062336211989732111 -0.061431330061176403 -0.061195952884527359 -0.061505979450981019 -0.061106888235239312 -0.061591002942565129 -0.061112217249894504 -0.061208320589794349 -0.061239530192426728 -0.061123545846827582 -0.06112091683396588 -0.061115740840333908 -0.061133785050300732
leaf_weight=1.7858864888548982 8.7256953585892951 8.943467505276212 1.8021841049194325 3.866768140345811 2.022404119372367 2.6607741974294186 6.1162127554416648 1.3084126710891713 1.1316145583987225 1.3044643700122822 22.859772898256779 0.67010981030762085 0.82636899501085215 1.1988563146442173 0.6259993854910133 0.84832524694502354 0.4168611075729135 1.0250099916011088 0.51747784018516574 0.70134822651743878 3.9468923863023511 1.68306921236217 0.53654636442661363 1.5242174379527567 0.48430794291198254 0.38388140872120757 0.4810238741338253 8.47289398498833 2.3895084913820028 1.8402380272746075
leaf_count=20 356 97 19 25 9 30 27 8 10 15 316 23 14 33 21 19 17 24 18 28 137 71 16 64 19 15 20 353 100 76
internal_value=0.000158495 0.0428033 0.0186533 0.025747 0.0379078 -0.00299715 0.0506282 0.0644199 0.0641004 0.0639175 0.0638362 -0.0613552 -0.0614535 -0.061794 -0.0625665 -0.0633327 -0.0613369 -0.0613114 -0.0615752 -0.061655 -0.0612571 -0.0613867 -0.0611784 -0.0611931 -0.0614108 -0.0611441 -0.061299 -0.0611274 -0.0611215 -0.0611232
internal_weight=91.1006 53.802 25.4118 23.6096 19.7429 4.68318 15.0597 28.3902 27.0817 25.9501 24.6457 37.2986 25.4505 7.49158 2.785 1.67469 4.70657 17.9589 3.06671 1.9002 14.8922 5.62996 9.26224 2.0417 1.11031 11.8481 1.15113 10.697 2.80637 10.3131
internal_count=2000 576 207 188 163 39 124 369 361 351 336 1424 937 251 73 33 178 686 106 61 580 208 372 82 40 487 43 444 117 429
is_linear=0
shrinkage=0.08


Tree=100
num_leaves=31
num_cat=0
split_feature=5 2 1 2 0 6 4 2 1 6 1 0 2 1 0 1 0 3 1 6 0 1 6 1 6 3 3 0 0 4
split_gain=21.4488 4.4513 4.39502 2.92655 2.88105 2.00176 1.17037 1.48568 1.11657 1.63214 0.558881 0.297794 0.723241 0.256518 0.225989 0.373218 0.0806053 0.0412912 0.00220077 0.000565363 0.0003326 0.000144271 0.000117441 0.000114982 0.000120429 8.56678e-05 6.14767e-05 9.12562e-05 2.02802e-05 2.84339e-06
threshold=0.51403541100734984 1.1280059144029526 359.61677906077745 1.1642306672550393 45.654853419059101 0.46975384316758861 1.0000000180025095e-35 1.1046715702565866 340.97206503135709 0.38407321304028025 319.55487930598815 24.477566278938472 1.1338134593406353 326.84336193042981 51.953923313740901 336.37511468745532 16.858645766898263 273.53466871518668 332.96889487307124 0.44580179297533645 20.019422080825109 336.57689643636428 0.36174724434321875 336.57689643636428 0.44111613222765272 6.5004226825522613 2.2245239750523376 61.110568094063893 56.426088349838089 1.0000000180025095e-35
decision_type=2 2 2 2 2 2 2 2 2 2 2 2 2 2 2 2 2 2 2 2 2 2 2 2 2 2 2 2 2 2
left_child=2 4 3 6 5 8 11 -8 13 -10 -3 12 -1 -2 15 -6 -4 20 -16 -5 -18 -7 -20 24 25 -12 27 -25 -28 -23
right_child=1 10 16 19 14 21 7 -9 9 -11 23 -13 -14 -15 18 -17 17 -19 22 -21 -22 29 -24 26 -26 -27 28 -29 -30 -31
leaf_value=0.062234558271195652 0.067981049186245604 -0.0085103742870050944 -0.035771826567970712 -0.064713565328524708 0.019071727681078891 -0.062721838055451659 0.058581700853788832 -0.049635259315965914 -0.037005658164380187 0.072511538762639174 -0.061758879778731228 0.098633923304060581 0.017237853990270204 0.034745209533566336 -0.066055284474947865 -0.062382022493126195 -0.06379201583590495 -0.090037940369611408 -0.0620634872562182 -0.061363236676230136 -0.061246293237721287 -0.061400061591848139 -0.061115744143857391 -0.061128347276361648 -0.061094577723368744 -0.063040105823914644 -0.061238721269427442 -0.061665847359888865 -0.061015832535604275 -0.061138443762228344
leaf_weight=27.860235774889595 3.1080694720149058 1.3566247485578085 0.59318957291543428 0.86436672881245502 0.65132340602576622 0.70052866451442142 1.805095583200454 1.4756726175546644 2.7586694937199354 1.2726987767964599 0.93910065107047846 1.2339401934295882 2.4904965758323661 2.8481803312897682 0.87154346331953991 0.80493973940610886 0.64737822487950303 0.47425360418856133 1.5326350554823878 0.51406846940517426 0.66674046032130718 0.46281971037387826 1.8430774081498382 5.0468360986560601 1.0623174849897621 0.51835873536765575 3.4616464059799901 3.3723950032144785 10.652099948376415 0.62481878511607647
leaf_count=415 28 23 19 15 7 15 21 26 33 11 30 13 23 20 16 25 15 8 47 20 26 16 79 221 47 11 144 109 491 26
internal_value=0.000469275 -0.0377945 0.0439471 0.0508645 -0.00647796 0.0161257 0.0553846 0.00990627 0.0300822 -0.00243119 -0.0585217 0.0601085 0.0585423 0.0520882 -0.0531468 -0.0259513 -0.0613267 -0.069803 -0.0624713 -0.0634641 -0.0625004 -0.0618265 -0.061546 -0.0612299 -0.0617424 -0.0622146 -0.0611726 -0.0613436 -0.0610705 -0.0612498
internal_weight=82.5141 43.8887 38.6254 36.2439 17.4793 11.7758 34.8654 3.28077 9.98762 4.03137 26.4094 31.5847 30.3507 5.95625 5.70352 1.45626 2.38156 1.78837 4.24726 1.37844 1.31412 1.78817 3.37571 25.0528 2.51978 1.45746 22.533 8.41923 14.1137 1.08764
internal_count=2000 1399 601 533 323 149 498 47 92 44 1076 451 438 48 174 32 68 49 142 35 41 57 126 1053 88 41 965 330 635 42
is_linear=0
shrinkage=0.08


Tree=101
num_leaves=31
num_cat=0
split_feature=3 0 6 6 1 0 6 1 6 2 2 6 4 3 5 2 6 0 3 1 2 3 0 0 1 4 6 1 1 6
split_gain=19.094 11.8982 4.85206 2.55281 2.36676 1.88631 0.979399 0.00735002 0.0018059 0.000789233 0.000184119 0.000117208 5.26568e-05 4.98264e-05 0.000147207 7.69394e-05 5.47381e-05 4.99604e-05 4.7635e-05 3.85736e-05 3.14159e-05 3.22383e-05 2.09488e-05 2.515e-05 1.51398e-05 1.32236e-05 4.80995e-06 4.41943e-06 4.19627e-06 1.77139e-06
threshold=15.585168557084573 18.016187737038674 0.44846936668611254 0.25348535746080797 326.63879263033937 39.249053016537339 0.36849046224728021 337.65564043140495 0.51467215361942853 1.1208297994279526 1.1458622578706501 0.59086320123563218 1.0000000180025095e-35 2.3897939099155585 2.652664168401587 1.280815452576809 0.49392809823246425 114.0683049646795 264.06333428585418 326.63879263033937 1.1759680419485112 0.77618875951624655 58.318784863955841 54.781068669324092 413.53910191071412 1.0000000180025095e-35 0.43637415851164313 390.2869832025545 348.66863608600835 0.57945119337339823
decision_type=2 2 2 2 2 2 2 2 2 2 2 2 2 2 2 2 2 2 2 2 2 2 2 2 2 2 2 2 2 2
left_child=13 10 3 7 6 -6 -5 18 9 -4 25 12 -10 14 15 16 24 20 -3 -13 -16 -22 23 -15 -1 26 28 -19 -2 -24
right_child=1 2 8 4 5 -7 -8 -9 11 -11 -12 19 -14 22 17 -17 -18 27 -20 -21 21 -23 29 -25 -26 -27 -28 -29 -30 -31
leaf_value=-0.061003315735206856 -0.061004163822917949 -0.062981544951936558 0.066478417268456852 -0.062933710466071505 0.015830665328722963 0.072854507850865474 0.0099665354770571823 -0.071669866654956962 0.064140718780499928 0.063861179646812677 -0.062898516856579254 0.063525489206252964 0.063393297903865775 -0.061076002761850011 -0.061429282907773115 -0.061974766570982144 -0.062034365040336638 -0.061352074550775897 -0.062044094990012823 0.063165632766023133 -0.062500905659605061 -0.061824253019289781 -0.061006575946554273 -0.061886673107496855 -0.061530780654623786 -0.061437593383447384 -0.061323480013290549 -0.060972528687299389 -0.061282789809524597 -0.061201937048195508
leaf_weight=8.3431038986891473 7.2274430058896506 0.72112106531858733 1.7119659110903769 2.4467286951839951 10.170979067683222 5.8468095026910296 2.2771816961467266 0.94695091620087612 1.2914763651788261 1.2953286059200761 0.36231136322021562 2.1282695233821896 1.1320482343435287 0.6255239713937033 0.68636207282543171 0.63703861273825246 0.35823819413781244 0.41268791072070588 0.66848915442824364 18.285867962986231 0.6863013096153735 1.3122933898121116 9.0563126690685714 0.40253590233623981 0.3634381517767914 0.54652719385921944 0.34368949569761742 0.37453664839267731 0.36333017610013474 0.30711590684950429
leaf_count=390 335 18 17 20 70 60 20 10 17 18 7 31 17 28 25 16 9 15 18 289 14 37 420 11 12 18 13 18 14 13
internal_value=-0.000492865 0.0242647 0.039701 0.0130397 0.0219699 0.0366455 -0.0277918 -0.0662345 0.0635083 0.0653511 -0.0611324 0.0632656 0.0637916 -0.0611816 -0.0612849 -0.0611249 -0.0610652 -0.0617319 -0.0625306 0.0632031 -0.0618962 -0.0620566 -0.0610506 -0.0613934 -0.0610253 -0.061057 -0.0610308 -0.0611715 -0.0610175 -0.061013
internal_weight=81.332 57.7665 48.9232 23.0783 20.7417 16.0178 4.72391 2.33656 25.845 3.00729 8.8433 22.8377 2.42352 23.5655 13.174 9.70182 9.06478 3.47218 1.38961 20.4141 2.68496 1.99859 10.3915 1.02806 8.70654 8.48099 7.93446 0.787225 7.59077 9.36343
internal_count=2000 992 605 216 170 130 40 46 389 35 387 354 34 1008 536 427 411 109 36 320 76 51 472 39 402 380 362 33 349 433
is_linear=0
shrinkage=0.08


Tree=102
num_leaves=26
num_cat=0
split_feature=0 3 3 1 2 3 0 3 2 3 0 3 0 1 2 1 0 1 6 5 0 6 3 0 3
split_gain=24.5811 6.11999 4.17129 2.12726 1.44815 1.38739 0.825329 0.887297 0.744111 2.67922 1.90765 0.764744 0.591286 0.105553 0.000318479 0.000125079 8.22218e-05 0.00030042 7.87132e-05 3.11301e-05 2.65533e-05 5.58985e-06 2.36672e-06 8.80933e-07 4.69683e-08
threshold=56.63486483070966 15.585168557084573 1.7008071522611827 339.87900387585006 1.1832552798843781 0.53604335182501794 54.781068669324092 3.8130769916734724 1.2333753200438549 2.5332133851342156 96.117585973511112 1.9294879612613813 87.680024790486399 350.98899636469724 1.2951212792551601 412.35448837210396 40.237867600035564 338.27831677816749 0.37759060652184778 2.6237613725642102 16.134654976476487 0.57945119337339823 293.39429958945726 63.746101848213904 80.245916234628424
decision_type=2 2 2 2 2 2 2 2 2 2 2 2 2 2 2 2 2 2 2 2 2 2 2 2 2
left_child=6 2 3 -2 12 -6 14 -8 9 10 -4 -10 -5 -13 15 16 20 -18 -3 -11 -1 22 -20 -23 -25
right_child=1 18 8 4 5 -7 7 -9 11 19 -12 13 -14 -15 -16 -17 17 -19 21 -21 -22 23 -24 24 -26
leaf_value=-0.061062254200419601 -0.081888333697004601 -0.061954740690961047 -0.064309116626791882 -0.063337980103296512 0.07144968404968223 0.008773515806949574 -0.065144807127302751 0.029412448172910222 0.14297519113516216 0.063540706435071148 0.06719166846303383 0.079959434011543692 0.015197069246917157 0.061697416436805444 -0.063628381784735705 -0.062722930626547144 -0.062592655991634216 -0.061193086003669947 -0.061112419601072228 0.063122021632663131 -0.061242828702981769 -0.061132356911621652 -0.061388804306411436 -0.061023262418548531 -0.060990240152061732
leaf_weight=8.9592977352440517 1.5824003499001253 0.82322978600859542 2.1463946439325805 1.7390452381223434 3.4630921706557256 6.5081851631402969 1.1698869429528707 1.3894485011696813 0.81673511862755077 1.3101057372987259 1.0521033406257627 2.3056436702609089 0.94802147895097721 16.676938511431217 0.36779917031526466 0.36825639382004638 1.2714121807366598 4.3056618850678205 0.37000120803713832 8.5789706967771036 12.459898781031368 0.3538601174950603 0.42726881802082062 0.32887770608067546 1.70347717218101
leaf_count=402 15 25 40 44 20 48 23 25 4 19 12 27 6 250 6 9 40 188 16 137 519 15 15 15 80
internal_value=-0.000169495 0.0336615 0.0417313 0.00556262 0.0164947 0.0305414 -0.0572784 -0.0138102 0.0573931 0.0425921 -0.0210537 0.0671768 -0.0356301 0.0639155 -0.0612899 -0.0612585 -0.0612385 -0.0615121 -0.0612575 0.0631775 -0.0611673 -0.0610771 -0.0612605 -0.0610159 -0.0609956
internal_weight=81.426 51.1344 47.1276 14.2407 12.6583 9.97128 30.2917 2.55934 32.8869 13.0876 3.1985 19.7993 2.68707 18.9826 27.7323 27.3645 26.9963 5.57707 4.00671 9.88908 21.4192 3.18349 0.79727 2.38621 2.03235
internal_count=2000 788 622 133 118 68 1212 48 489 208 52 281 50 277 1164 1158 1149 228 166 156 921 141 31 110 95
is_linear=0
shrinkage=0.08


Tree=103
num_leaves=31
num_cat=0
split_feature=3 0 2 1 0 3 1 1 5 2 1 1 0 0 0 6 1 3 6 0 6 2 4 2 4 3 2 6 6 1
split_gain=32.9107 4.16004 2.34719 1.9269 1.73163 1.36041 2.37914 0.309834 0.0306494 0.00693668 0.000561394 0.000290503 0.000107206 0.000100547 0.000155717 0.000346313 0.000317484 0.000197973 3.74259e-05 3.38002e-05 7.28197e-05 4.18427e-05 2.68824e-05 1.74813e-05 9.4877e-06 4.55073e-06 3.47973e-06 2.90918e-06 2.23683e-06 7.98381e-07
threshold=2.5332133851342156 56.63486483070966 1.2105893437480453 354.71422972199701 96.117585973511112 0.53604335182501794 393.43819303546229 399.36789473572895 3.4647635159963142 1.2680615046967247 409.59854941339842 335.33871293829958 54.781068669324092 68.246074016076761 35.551035626978248 0.36992925030924528 352.87330825217344 152.0847972811527 0.53393550074746365 16.134654976476487 0.51467215361942853 1.1031543632699357 1.0000000180025095e-35 1.1338134593406353 1.0000000180025095e-35 113.29248186879319 1.1010573164123267 0.59086320123563218 0.59625385522322172 326.63879263033937
decision_type=2 2 2 2 2 2 2 2 2 2 2 2 2 2 2 2 2 2 2 2 2 2 2 2 2 2 2 2 2 2
left_child=1 9 4 -4 7 -5 -7 8 -3 10 11 -1 -13 14 19 16 17 -16 22 23 21 -21 -17 24 -2 -18 27 -15 -22 -28
right_child=13 2 3 5 -6 6 -8 -9 -10 -11 -12 12 -14 26 15 18 25 -19 -20 20 28 -23 -24 -25 -26 -27 29 -29 -30 -31
leaf_value=0.064369887002702311 -0.061023835804374871 0.064377884955769002 0.04644917231937469 -0.077139967246703731 -0.026599610495682571 0.022165791633211654 -0.076840195243555509 0.029229809792470196 0.077916358236161568 0.067882549419003665 0.065355038945721394 0.063281642188643961 0.064016892898753508 -0.061269370688208778 -0.064000911594186402 -0.061723673439792466 -0.061131316710690727 -0.062186099804328369 -0.060994476366001846 -0.061293477183141667 -0.061178153884877073 -0.061786097198525916 -0.061063806169598112 -0.061644188249934201 -0.061403215119002381 -0.061486225671900277 -0.061119886876545668 -0.060996251211325056 -0.060983987073942779 -0.060995902696017387
leaf_weight=1.8855503425002194 7.6253930684179103 5.9751691333949584 3.4551748856902114 2.2814475484192354 1.7893992103636254 5.3416137024760246 2.1903476156294346 1.740490138530731 1.3036924526095388 2.5758585669100276 1.0037364624440659 18.755113728344444 1.3613143116235722 0.59821743145584949 0.77138029970228605 1.0747639574110506 0.62879014387726773 0.76742810383439064 2.4988770596683025 2.5289270691573611 0.43946799449622664 1.9578019287437198 0.62484245561063279 0.32393885031342584 0.44659282267093647 0.365695646032691 0.34488179720938106 0.4283068273216486 2.7929224502295256 9.182499345391987
leaf_count=24 349 77 18 13 21 35 24 12 7 24 12 291 18 23 14 33 27 19 117 102 18 59 28 11 15 13 15 20 132 429
internal_value=0.000182582 0.0414819 0.0176148 -0.00492942 0.0452897 -0.0230192 -0.00662585 0.0595522 0.0668027 0.0639456 0.0635048 0.0634204 0.0633314 -0.0612197 -0.061314 -0.0616372 -0.0623759 -0.0630958 -0.0611915 -0.061179 -0.0612999 -0.0615084 -0.0614811 -0.061068 -0.0610448 -0.0612618 -0.0610155 -0.0611554 -0.0610104 -0.0610004
internal_weight=83.0596 49.6589 24.0773 13.2686 10.8088 9.81341 7.53196 9.01935 7.27886 25.5816 23.0057 22.002 20.1164 33.4007 22.8468 6.73178 2.53329 1.53881 4.19848 16.115 7.71912 4.48673 1.69961 8.39592 8.07199 0.994486 10.5539 1.02652 3.23239 9.52738
internal_count=2000 576 207 90 117 72 59 96 84 369 345 333 309 1424 937 251 73 33 178 686 311 161 61 375 364 40 487 43 150 444
is_linear=0
shrinkage=0.08


Tree=104
num_leaves=31
num_cat=0
split_feature=5 3 6 1 2 6 4 3 1 2 0 6 0 3 3 1 1 6 0 6 3 5 0 2 0 0 1 2 2 2
split_gain=18.6488 4.18339 4.33747 3.89744 2.62491 1.54493 1.51613 1.36423 1.44269 0.646632 0.125996 0.0957211 0.0795464 0.0723913 0.0385904 0.00121094 0.000867773 0.000462691 0.000267327 9.96791e-05 6.91222e-05 8.6295e-05 4.53551e-05 4.06263e-05 1.77733e-05 2.29495e-05 1.44658e-05 1.0857e-05 1.00973e-05 3.55607e-06
threshold=0.51403541100734984 28.488715096179011 0.44846936668611254 359.61677906077745 1.1642306672550393 0.44445615603327876 1.0000000180025095e-35 152.0847972811527 338.91412182252196 1.1338134593406353 19.341793380924816 0.28423303796273464 16.858645766898263 33.023932279579107 312.61998469827205 352.64249555809869 327.5931288384366 0.44580179297533645 20.019422080825109 0.51467215361942853 2.2245239750523376 2.652664168401587 108.81191116301299 1.280815452576809 58.318784863955841 54.781068669324092 331.01584857760935 1.1280059144029526 1.1218613698564439 1.118645267310495
decision_type=2 2 2 2 2 2 2 2 2 2 2 2 2 2 2 2 2 2 2 2 2 2 2 2 2 2 2 2 2 2
left_child=3 16 6 4 5 9 7 -3 -9 13 -7 -8 -5 -1 18 -13 -2 -6 -14 -4 21 23 -23 -18 25 -22 28 -26 -21 -28
right_child=1 2 19 12 17 10 11 8 -10 -11 -12 15 14 -15 -16 -17 20 -19 -20 26 24 22 -24 -25 27 -27 29 -29 -30 -31
leaf_value=0.04578140228801001 -0.063287924840249643 0.067764326659129112 -0.061929136430549293 -0.034236726015246653 -0.064411241920057288 -0.0068442473292766714 -0.018226098751746213 0.040947489191369514 -0.033680589499100244 0.026355371253478612 -0.06116272937332453 -0.066555705973227491 -0.063466948512235707 0.063115689359241542 -0.090485778823734112 -0.06146386347843244 -0.061069077435613899 -0.061229100966776077 -0.061093167736399535 -0.061569062707608292 -0.061003944555521716 -0.061827266931128888 -0.06108738428226123 -0.061832694148258933 -0.061262315780326759 -0.061772811577584019 -0.061032207073735738 -0.060903431097137084 -0.061074764190766316 -0.06088818497497913
leaf_weight=1.6421471349895096 1.2526892330497528 3.8687576577067375 0.85015889815986057 0.54944523796439115 0.80246226489543804 0.47625869326293357 0.37493186071515161 3.7720301859080791 2.957892594859004 3.6924700848758212 0.64132224023342133 0.71079164557158925 0.58745563961565472 25.255890298634768 0.41530204750597466 0.51586317457258701 6.8324859254062194 0.46011357381939888 0.62843661569058895 0.42207818105816819 0.72216632962226757 2.1009541079401974 0.70925499312579621 0.47703129798173893 0.57789800688624282 0.37876925431191921 1.7286351304501293 8.1158782783895713 0.70838072337210178 3.003833245486021
leaf_count=27 28 24 28 19 15 10 6 35 42 29 27 14 15 405 6 21 320 20 28 14 35 62 32 13 25 11 80 420 32 157
internal_value=0.000486234 -0.0368146 -0.00947233 0.0430177 0.0498684 0.0543727 0.0189461 0.0299089 0.00814743 0.057748 -0.0380148 -0.0536017 -0.0605636 0.0620574 -0.0694314 -0.0644144 -0.0612456 -0.0632516 -0.0622401 -0.0611196 -0.0611171 -0.0612638 -0.0616405 -0.0611189 -0.0609656 -0.0612685 -0.0610022 -0.0609273 -0.0612593 -0.0609408
internal_weight=75.2318 40.0805 18.9134 35.1513 32.9707 31.7081 12.2003 10.5987 6.72992 30.5905 1.11758 1.60159 2.18064 26.898 1.63119 1.22665 21.1671 1.26258 1.21589 6.71309 19.9144 10.1197 2.81021 7.30952 9.79471 1.10094 5.86293 8.69378 1.13046 4.73247
internal_count=2000 1399 453 601 533 498 142 101 77 461 37 41 68 432 49 35 946 35 43 311 918 427 94 333 491 46 283 445 46 237
is_linear=0
shrinkage=0.08


Tree=105
num_leaves=31
num_cat=0
split_feature=3 0 6 4 1 2 3 0 6 2 2 6 3 5 2 6 0 4 1 2 3 0 0 1 4 1 6 1 6 3
split_gain=16.9169 10.4132 4.52962 2.36046 1.74412 1.73346 0.0544605 0.00241357 0.0012732 0.000546885 0.000158232 8.23391e-05 4.21182e-05 0.000121893 5.79527e-05 4.25816e-05 4.03656e-05 3.85531e-05 3.31521e-05 2.54606e-05 2.74637e-05 1.75231e-05 2.16807e-05 1.47833e-05 9.97044e-06 3.41737e-06 3.7086e-06 3.08381e-06 1.24618e-06 9.41901e-07
threshold=15.585168557084573 18.016187737038674 0.44846936668611254 1.0000000180025095e-35 358.84373406318986 1.1599606059053873 117.38713883865792 38.95772349200849 0.51467215361942853 1.1208297994279526 1.1458622578706501 0.59086320123563218 2.3897939099155585 2.652664168401587 1.280815452576809 0.49392809823246425 114.0683049646795 1.0000000180025095e-35 326.63879263033937 1.1759680419485112 0.77618875951624655 56.63486483070966 49.693328717426574 415.04915411140797 1.0000000180025095e-35 348.66863608600835 0.43637415851164313 390.2869832025545 0.57945119337339823 2.4831794721981351
decision_type=2 2 2 2 2 2 2 2 2 2 2 2 2 2 2 2 2 2 2 2 2 2 2 2 2 2 2 2 2 2
left_child=12 10 3 4 5 -3 -5 -8 9 -4 24 17 13 14 15 23 19 -10 -13 -15 -21 22 -14 -1 25 26 -2 -18 29 -23
right_child=1 2 8 6 -6 -7 7 -9 11 -11 -12 18 21 16 -16 -17 27 -19 -20 20 -22 28 -24 -25 -26 -27 -28 -29 -30 -31
leaf_value=-0.060894094331134144 -0.060892177958929428 -0.02025868654322837 0.065731265244483444 0.049498354937259084 0.073778094692222976 0.068049364912217247 0.068593772773971676 0.064153443311339542 0.0636790342384847 0.063435333288556953 -0.062703487083824408 0.063157845317298025 -0.06095819146397112 -0.061297728265208379 -0.061783070684551022 -0.061850340204906019 -0.06121740482520302 0.0630039612771809 0.062806767861050106 -0.062315408157069443 -0.061665474819237821 -0.06102846783188226 -0.061772672520742936 -0.061491835368473691 -0.061289605423364132 -0.061169674530387151 -0.061176895309621275 -0.06088514381701339 -0.061067367442498015 -0.060888307715315955
leaf_weight=7.5035295020788908 6.4435495510697356 13.43164913821966 1.5445526055991678 1.9252845458686341 1.7364513166248787 1.5911609865725029 1.7179127857089045 1.4402826838195322 1.1609692238271263 1.1646574959158895 0.34090997837483872 1.9234034828841711 0.53827277570962806 0.61867692135274399 0.57609391212463457 0.32463569752871979 0.37533255666494358 1.0145801417529583 16.391751449555159 0.63743101246654976 1.198395201936364 0.31944409012794128 0.34210347943007946 0.27449100092053402 0.49255979247391213 0.32765069976449002 0.30673188902437676 0.34138013422489166 0.27377858757972795 7.7877904567867517
leaf_count=393 335 129 17 18 19 14 15 21 17 18 7 31 27 25 16 9 15 17 289 14 37 15 10 9 18 14 13 18 13 407
internal_value=-0.000510223 0.0236305 0.0384983 0.0123527 -0.00213124 -0.0109054 0.0601036 0.0665688 0.0631144 0.0647443 -0.0610175 0.0628989 -0.061063 -0.0611629 -0.0610078 -0.0609527 -0.0615873 0.0633642 0.0628436 -0.0617416 -0.0618911 -0.0609352 -0.0612747 -0.0609152 -0.0609416 -0.0609174 -0.0609051 -0.0610591 -0.0608995 -0.0608938
internal_weight=74.0654 52.9541 45.0427 21.8427 16.7593 15.0228 5.08348 3.1582 23.1999 2.70921 7.9114 20.4907 21.1114 11.85 8.67875 8.10266 3.17122 2.17555 18.3152 2.4545 1.83583 9.26139 0.880376 7.77802 7.57049 7.07793 6.75028 0.716713 8.38101 8.10723
internal_count=2000 992 605 216 162 143 54 36 389 35 387 354 1008 536 427 411 109 34 320 76 51 472 37 402 380 362 348 33 435 422
is_linear=0
shrinkage=0.08


Tree=106
num_leaves=27
num_cat=0
split_feature=0 3 3 6 2 0 0 2 0 1 6 1 6 3 0 6 3 2 4 1 2 6 6 0 6 6
split_gain=21.7042 5.6556 4.77893 1.77389 1.86109 1.87494 0.00100502 0.000237679 8.51669e-05 0.000165795 0.000247288 9.19191e-05 5.87185e-05 4.21562e-05 2.17869e-05 3.65131e-05 5.69892e-05 6.53006e-06 6.73047e-06 6.01018e-06 4.92394e-06 4.13998e-06 4.11297e-06 2.57388e-06 1.11417e-06 1.06259e-07
threshold=54.781068669324092 15.585168557084573 2.5332133851342156 0.50188100970818017 1.3146614766206868 108.81191116301299 59.042743918427284 1.2988799805913298 36.226485722166636 338.27831677816749 0.35387357953998677 410.76907675009301 0.37759060652184778 141.31759190702181 16.134654976476487 0.57945119337339823 7.5676313424853259 1.1458622578706501 1.0000000180025095e-35 341.46372117370066 1.1280059144029526 0.479893336044034 0.61150667615532395 60.00706085282372 0.57945119337339823 0.66238869058509009
decision_type=2 2 2 2 2 2 2 2 2 2 2 2 2 2 2 2 2 2 2 2 2 2 2 2 2 2
left_child=7 2 3 4 5 -2 -4 8 14 10 -10 13 -3 -11 17 16 -16 18 -1 -8 -21 -14 -12 -23 -25 -17
right_child=1 12 6 -5 -6 -7 19 -9 9 11 22 -13 21 -15 15 25 -18 -19 -20 20 -22 23 -24 24 -26 -27
leaf_value=-0.06090875363247103 -0.015966622088333698 -0.061747417646340043 0.065064020756013793 0.07651321414884979 0.073954736591141018 0.065887424451896409 0.062959708223148433 -0.06338057919821076 -0.063128248076115903 -0.060941664996291584 -0.061247506115677378 -0.062501403060271216 -0.061209796081719774 -0.061432103532901523 -0.060904303402998593 -0.060919863191171396 -0.061392772058877616 -0.061208115573218091 -0.061230922650650534 0.062925172020699652 0.062738481144045066 -0.06112317852337789 -0.060869683984809332 -0.061037325813826156 -0.0608846744752971 -0.060870230524907414
leaf_weight=6.986927244812259 14.823523132130513 0.79171142540872042 1.2733793221414114 2.3446874842047682 2.0901316069066516 2.0370779596269122 0.88019429892301815 0.30682967230677505 0.76494435779750236 3.6447144355624914 0.43665052764117718 0.31408715993165959 0.42464228346943889 1.6203682851046322 2.3230244088917953 0.31286988221108947 4.4700208222493529 0.57328136079013337 0.44121654704213131 0.94481050968170421 21.016323253512383 0.42203284800052676 0.31919947639107704 0.36245091632008586 1.9649858828634021 2.3467902485281229
leaf_count=359 173 27 15 19 15 23 15 5 22 186 18 8 17 67 122 16 176 26 17 16 378 18 17 17 103 125
internal_value=-0.000206897 0.0304871 0.0384884 0.0108714 0.00274983 -0.00607711 0.0628767 -0.0611678 -0.0611401 -0.0613737 -0.0621142 -0.0611719 -0.0611311 -0.0610926 -0.0610451 -0.0611273 -0.0612257 -0.060948 -0.0609279 0.0627547 0.0627465 -0.0609773 -0.0610879 -0.0609414 -0.0609084 -0.0608761
internal_weight=74.2369 49.376 45.4101 21.2954 18.9507 16.8606 24.1147 24.8609 24.5541 7.09996 1.52079 5.57917 3.96582 5.26508 17.4541 9.45271 6.79305 8.00143 7.42814 22.8413 21.9611 3.17411 0.75585 2.74947 2.32744 2.65966
internal_count=2000 836 654 230 211 196 424 1164 1159 318 57 261 182 253 841 439 298 402 376 409 394 155 35 138 120 141
is_linear=0
shrinkage=0.08


Tree=107
num_leaves=31
num_cat=0
split_feature=3 0 2 1 0 3 1 1 5 2 1 1 0 0 6 1 2 2 2 6 1 6 0 6 4 4 2 6 6 1
split_gain=29.0512 3.90617 2.02419 1.60728 1.59843 1.12447 2.1989 0.505918 0.0350721 0.00486826 0.000380726 0.000263832 8.74362e-05 0.000154547 0.00033984 0.000235678 8.21819e-05 3.62294e-05 3.17069e-05 9.21207e-05 4.01848e-05 3.02048e-05 1.79479e-05 1.81756e-05 1.75246e-05 7.34305e-06 6.33797e-06 5.60563e-06 1.14553e-06 8.94702e-07
threshold=2.5332133851342156 56.63486483070966 1.2105893437480453 354.71422972199701 97.778687723111318 0.53604335182501794 393.43819303546229 399.36789473572895 3.5153130186709602 1.2680615046967247 409.59854941339842 335.33871293829958 63.746101848213904 35.551035626978248 0.36992925030924528 352.87330825217344 1.1347126309585029 1.1019984763693798 1.1367808407704694 0.45620999431827686 329.6764113701588 0.53887858779744846 16.134654976476487 0.57945119337339823 1.0000000180025095e-35 1.0000000180025095e-35 1.104128564748138 0.45620999431827686 0.60130445607685779 326.63879263033937
decision_type=2 2 2 2 2 2 2 2 2 2 2 2 2 2 2 2 2 2 2 2 2 2 2 2 2 2 2 2 2 2
left_child=1 9 4 -4 7 -5 -7 8 -3 10 11 -1 13 18 15 17 -13 -15 22 20 -20 24 25 -24 -16 -2 27 -14 -21 -28
right_child=12 2 3 5 -6 6 -8 -9 -10 -11 -12 16 26 14 21 -17 -18 -19 19 28 -22 -23 23 -25 -26 -27 29 -29 -30 -31
leaf_value=0.063995886530589713 -0.060909298166451756 0.063993758270384005 0.043778273401187083 -0.069951766394609427 -0.036807641425531674 0.021911093798031321 -0.075896712199782446 0.018903182861012748 0.079349788214275713 0.066979829052346423 0.064730728340834653 0.063252923923558566 -0.061326495237366531 -0.062579913944492305 -0.061562921957537306 -0.061090440193635367 0.062859886696858325 -0.063410530787677472 -0.062253563590076499 -0.061040072752870086 -0.06136783652531614 -0.060880534184792272 -0.061240347709370549 -0.060870636377263601 -0.060961635432928429 -0.061260711617407308 -0.061023324089386294 -0.060954963002346825 -0.060873543883297077 -0.060885176874542354
leaf_weight=1.7207156457007027 6.8554426897317224 5.6671556532382983 3.3272376582026473 2.2696534590795618 1.3572242092341174 5.2536208406090736 2.043218994513154 1.8017830848693845 1.1440437585115431 2.330485124140977 0.9012698233127584 4.5547295100986984 0.41174176521599182 0.66374190710484871 0.9487630967050793 0.59702351130545128 13.485632654279469 0.68078305944800377 0.64004313386976652 0.32831237092614163 0.67203706130385399 1.9554637540131805 3.0273290909826756 1.183816213160753 0.46092644147574902 0.40292421169579018 0.31072809360921283 0.70477951690554619 1.3573527038097379 8.7198619544506055
leaf_count=24 352 80 18 13 19 35 24 13 5 24 12 72 16 16 32 27 237 14 15 15 25 103 129 63 23 15 15 35 72 457
internal_value=0.000218652 0.0402304 0.016816 -0.00411569 0.0438853 -0.0207733 -0.00547648 0.0566008 0.066573 0.0635137 0.0631227 0.0630494 -0.0611031 -0.061201 -0.0615703 -0.0624131 0.0629591 -0.0630005 -0.0610656 -0.0612972 -0.0617999 -0.061084 -0.061005 -0.0611364 -0.0613663 -0.0609288 -0.0609122 -0.061092 -0.060906 -0.0608899
internal_weight=75.7778 45.8568 22.8639 12.8937 9.97021 9.56649 7.29684 8.61298 6.8112 22.9928 20.6623 19.7611 29.9211 19.774 5.3067 1.94155 18.0404 1.34452 14.4673 2.99775 1.31208 3.36515 11.4695 4.21115 1.40969 7.25837 10.1471 1.11652 1.68567 9.03059
internal_count=2000 576 207 90 117 72 59 98 85 369 345 333 1424 901 215 57 309 30 686 127 40 158 559 192 55 367 523 51 87 472
is_linear=0
shrinkage=0.08


Tree=108
num_leaves=29
num_cat=0
split_feature=5 3 6 1 2 6 1 0 6 2 0 0 3 3 1 6 0 6 3 5 0 2 0 0 1 2 2 2
split_gain=16.2998 3.90783 3.82852 3.42035 2.29901 1.37661 1.68696 2.01691 1.35027 0.675787 0.117636 0.07618 0.075069 0.0248992 0.000613394 0.000326974 0.000181744 7.04956e-05 5.81279e-05 7.45758e-05 3.95605e-05 3.28549e-05 1.24369e-05 1.62498e-05 1.01085e-05 7.96609e-06 7.05063e-06 2.49078e-06
threshold=0.51403541100734984 28.488715096179011 0.44846936668611254 359.61677906077745 1.1642306672550393 0.26700935874270931 319.55487930598815 39.249053016537339 0.44445615603327876 1.1338134593406353 19.341793380924816 16.858645766898263 33.023932279579107 273.53466871518668 327.5931288384366 0.44580179297533645 20.019422080825109 0.51467215361942853 2.2245239750523376 2.652664168401587 108.81191116301299 1.280815452576809 58.318784863955841 54.781068669324092 331.01584857760935 1.1280059144029526 1.1218613698564439 1.118645267310495
decision_type=2 2 2 2 2 2 2 2 2 2 2 2 2 2 2 2 2 2 2 2 2 2 2 2 2 2 2 2
left_child=3 14 5 4 8 -3 -7 -8 9 12 -10 -5 -1 16 -2 -6 -13 -4 19 21 -21 -16 23 -20 26 -24 -19 -26
right_child=1 2 17 11 15 6 7 -9 10 -11 -12 13 -14 -15 18 -17 -18 24 22 20 -22 -23 25 -25 27 -27 -28 -29
leaf_value=0.044277646467214778 -0.062930809408505789 0.065971661729062381 -0.06171423728358489 -0.032710398881453766 -0.063919989628400412 0.067244246402485788 0.017177553760607148 -0.071975599895729131 -0.0063592158692085538 0.024346070548345634 -0.061030983520505878 -0.063083091351389051 0.062682164736718241 -0.085052373574349735 -0.060955791236441889 -0.06108919867488443 -0.060984229807571615 -0.061390573555678465 -0.06088995270584216 -0.061691774762382537 -0.060961006605204114 -0.061676361424293065 -0.061127743498931145 -0.061575137818116445 -0.06091529697129909 -0.060802148300203876 -0.060952885521770299 -0.060787520246026142
leaf_weight=1.5128530785441565 1.1258422359824205 2.8569714054465321 0.75812368094921012 0.50959997996687789 0.72079176269471534 1.9794799163937549 4.2959735263139009 2.6111119892448187 0.45072579756379016 3.5912645366042844 0.57094335928559303 0.5265533961355684 22.712550163269043 0.42032563220709551 6.1110343774780649 0.40950643736869097 0.52962292544543743 0.37604772113263585 0.6423426177352648 1.9342837370932104 0.62805789988487948 0.43371641449630249 0.51520396210253228 0.33812634274363518 1.5385025683790443 7.226078238338232 0.63044007681310177 2.6721991114318371
leaf_count=27 28 29 28 19 15 15 38 60 10 29 27 15 405 8 320 20 26 14 35 62 32 13 25 11 80 420 32 157
internal_value=0.000522238 -0.035871 -0.00886112 0.0422897 0.0490276 0.0176647 0.0021343 -0.0165254 0.0534143 0.0567318 -0.0369117 -0.0593797 0.0615328 -0.0685844 -0.0611198 -0.0628944 -0.0620306 -0.0609934 -0.0610054 -0.0611468 -0.0615127 -0.0610035 -0.0608578 -0.0611262 -0.0608887 -0.0608238 -0.0611164 -0.0608342
internal_weight=68.6283 36.6735 17.7188 31.9547 29.9686 11.7435 8.88657 6.90709 28.8383 27.8167 1.02167 1.9861 24.2254 1.4765 18.9547 1.1303 1.05618 5.97531 17.8288 9.10709 2.56234 6.54475 8.72175 0.980469 5.21719 7.74128 1.00649 4.2107
internal_count=2000 1399 453 601 533 142 113 98 498 461 37 68 432 49 946 35 41 311 918 427 94 333 491 46 283 445 46 237
is_linear=0
shrinkage=0.08


Tree=109
num_leaves=31
num_cat=0
split_feature=3 0 6 6 1 6 6 0 6 2 3 2 6 3 0 2 2 1 4 1 0 0 0 0 4 0 1 6 1 1
split_gain=15.0001 9.10543 4.18612 2.1292 1.92379 1.84617 0.844668 0.00580633 0.000890624 0.000382594 0.000204022 0.000137148 5.67549e-05 3.66531e-05 0.000104294 3.55998e-05 3.07868e-05 3.00909e-05 2.68433e-05 2.43151e-05 1.44838e-05 1.26489e-05 1.50823e-05 1.19282e-05 9.09663e-06 8.97518e-06 3.18719e-06 3.09196e-06 3.34471e-06 2.8737e-06
threshold=15.585168557084573 18.016187737038674 0.44846936668611254 0.25348535746080797 326.63879263033937 0.38946620589548853 0.36849046224728021 36.949313774280924 0.51467215361942853 1.1208297994279526 214.18313530377677 1.1479305986524475 0.59086320123563218 2.3897939099155585 56.63486483070966 1.1934537697169467 1.2841533712357114 375.03523663338262 1.0000000180025095e-35 326.63879263033937 75.938374482611877 56.63486483070966 49.693328717426574 91.770533876906697 1.0000000180025095e-35 73.887632594842827 409.59854941339842 0.43637415851164313 348.66863608600835 389.90914880344957
decision_type=2 2 2 2 2 2 2 2 2 2 2 2 2 2 2 2 2 2 2 2 2 2 2 2 2 2 2 2 2 2
left_child=13 11 3 7 6 -6 -5 10 9 -4 -3 24 18 14 16 20 26 25 -10 -14 29 22 -15 -19 27 -17 -1 28 -2 -16
right_child=1 2 8 4 5 -7 -8 -9 12 -11 -12 -13 19 21 15 17 -18 23 -20 -21 -22 -23 -24 -25 -26 -27 -28 -29 -30 -31
leaf_value=-0.060780968765850131 -0.060794443832275447 -0.063742160883818205 0.065063325206984907 -0.060893432656185464 0.054422277239410642 -0.0063348745031936004 0.010126994713002373 -0.071981759885766897 0.06324981555417282 0.063034575091942116 -0.061799980679362009 -0.062739320113713901 0.062799506640283886 -0.060856846130012791 -0.060814443364189952 -0.061554113370425996 -0.061560306367882428 -0.061394624442921084 0.062654027057916561 0.062481644464569934 -0.061362012295289141 -0.06079855159051159 -0.061575434474534826 -0.060860062003318012 -0.061183088205702056 -0.06195387361335658 -0.061072030440433508 -0.061080937917401323 -0.061070505525596001 -0.061117052995084027
leaf_weight=5.479203952476384 5.7656414583325377 0.7245780350640445 1.388212464749816 2.2221926227211979 9.6869058012962324 4.7803170904517165 2.0702445227652788 0.64900195971131314 1.0386766456067587 1.0410854443907736 0.66281755268573761 0.25375152193009842 1.7212820351123834 0.48165362514555266 0.84475393034517743 0.6528449282050135 0.35616511665284623 0.98673156835138776 0.90627761557698239 14.640778157860039 0.65016133338212956 7.4608999826014042 0.30550039000809193 0.3663329528644681 0.47425773553550232 0.79976723343133926 0.25184561684727658 0.27758287638425816 0.29526836052536953 0.2634876873344183
leaf_count=326 336 17 17 20 89 41 20 7 17 18 22 5 31 27 49 22 11 37 17 289 26 435 10 20 19 21 12 13 14 12
internal_value=-0.00048168 0.0230364 0.0373199 0.0119583 0.0203921 0.0343467 -0.0266402 -0.065736 0.0627546 0.0641939 -0.0628143 -0.0609132 0.0625636 -0.0609573 -0.0610554 -0.0613445 -0.0608386 -0.0615214 0.0629722 0.0625151 -0.0610622 -0.0608307 -0.0611357 -0.0612499 -0.0608451 -0.0617742 -0.0607938 -0.0608199 -0.0608079 -0.0608864
internal_weight=67.4982 48.5989 41.5324 20.7961 18.7597 14.4672 4.29244 2.0364 20.7363 2.4293 1.3874 7.0665 18.307 18.8993 10.6513 4.56408 6.08721 2.80568 1.94495 16.3621 1.7584 8.24805 0.787154 1.35306 6.81275 1.45261 5.73105 6.33849 6.06091 1.10824
internal_count=2000 992 605 216 170 130 40 46 389 35 39 387 354 1008 536 187 349 100 34 320 87 472 37 57 382 43 338 363 350 61
is_linear=0
shrinkage=0.08


Tree=110
num_leaves=28
num_cat=0
split_feature=0 3 3 1 0 3 2 3 0 3 0 3 3 2 0 2 6 1 6 0 6 0 2 6 3 0 3
split_gain=19.195 4.65209 3.8629 1.74845 1.24965 1.20007 0.697168 2.33189 1.57315 0.881226 0.672972 0.706331 0.191224 0.000164081 6.84889e-05 0.00014096 0.000156228 7.68539e-05 5.87024e-05 1.85028e-05 3.06182e-05 1.19406e-05 5.75084e-06 2.90355e-06 1.14123e-06 4.32418e-07 2.31938e-08
threshold=56.63486483070966 15.585168557084573 1.7008071522611827 339.87900387585006 99.174299002909109 0.21658386817666178 1.2503265511028416 2.5332133851342156 88.38051669278471 1.8947335288747718 54.781068669324092 3.8130769916734724 2.4461007690655725 1.2988799805913298 35.551035626978248 1.1280059144029526 0.32734032521914824 412.35448837210396 0.37759060652184778 16.134654976476487 0.51467215361942853 62.693707023028139 1.1458622578706501 0.57945119337339823 293.39429958945726 63.746101848213904 80.245916234628424
decision_type=2 2 2 2 2 2 2 2 2 2 2 2 2 2 2 2 2 2 2 2 2 2 2 2 2 2 2
left_child=10 2 3 -2 5 -5 7 8 -4 -8 13 -12 -11 14 19 16 -16 -17 -3 22 -21 -9 -1 24 -20 -25 -27
right_child=1 18 6 4 -6 -7 9 21 -10 12 11 -13 -14 -15 15 17 -18 -19 23 20 -22 -23 -24 25 -26 26 -28
leaf_value=-0.060825576616061472 -0.079845424935307427 -0.061685726167746681 -0.063873524136372414 -0.080146900204537352 0.067258431330426222 0.011135555702238391 0.17214921262780405 0.06276006160875755 0.051117971418075996 0.086881487161727056 -0.064255594336470545 0.027703110220472352 0.06095325599813653 -0.062999312058103746 -0.062410437584752058 -0.060903910318915337 -0.061067101664878873 -0.062308363370353774 -0.060881266380225577 -0.061126005297916501 -0.060791913560153586 0.0624421353351194 -0.061102793984619597 -0.06089040419557306 -0.061096711194286703 -0.060804601761028323 -0.060778525154736654
leaf_weight=6.6218508109450438 1.424959635362028 0.68039862811565344 1.8530191704630881 1.0331704206764687 2.2741262577474108 8.5466517861932498 0.51209978014230628 0.82495710998773475 1.292497221380472 2.177233111113309 0.9828121811151499 1.1720829755067823 11.10886527597904 0.27498538419604202 1.1577415112406009 4.1943222414702177 1.0626432821154592 0.26512511633336533 0.29361699894070659 5.6322882380336505 2.5506680477410555 9.0521003305912 0.51626707799732674 0.28038342297077168 0.33906833827495575 0.260457457974553 1.3486123364418743
leaf_count=376 15 25 40 9 26 83 3 15 15 13 23 25 222 5 40 233 54 7 16 273 150 181 26 15 15 15 80
internal_value=-0.000229164 0.0317596 0.0391699 0.00388164 0.0139464 0.00129087 0.0566411 0.0433645 -0.0166234 0.0691714 -0.0569276 -0.0142377 0.0652022 -0.0610572 -0.061033 -0.0612467 -0.0617675 -0.0609874 -0.0610263 -0.0609398 -0.0610219 0.0624687 -0.0608456 -0.0608484 -0.0609967 -0.0607987 -0.0607827
internal_weight=67.733 43.3022 40.0997 13.2789 11.8539 9.57982 26.8208 13.0226 3.14552 13.7982 24.4308 2.1549 13.2861 22.2759 22.0009 6.67983 2.22038 4.45945 3.20254 15.3211 8.18296 9.87706 7.13812 2.52214 0.632685 1.88945 1.60907
internal_count=2000 788 622 133 118 92 489 251 55 238 1212 48 235 1164 1159 334 94 240 166 825 423 196 402 141 31 110 95
is_linear=0
shrinkage=0.08


Tree=111
num_leaves=31
num_cat=0
split_feature=3 0 2 6 1 0 0 2 1 1 1 2 1 0 0 5 6 1 3 2 6 1 0 6 6 4 0 2 6 1
split_gain=25.5677 3.71409 1.85379 1.54501 0.98684 0.857367 0.731982 0.0036483 0.00256952 0.000368661 0.000260175 0.000180375 0.000269334 9.1602e-05 7.52808e-05 0.000111465 0.000246798 0.000195012 0.000223516 2.16381e-05 5.52881e-05 1.69728e-05 1.35185e-05 1.16927e-05 5.36451e-06 5.09008e-06 3.36475e-06 1.79939e-06 1.51801e-06 7.04213e-07
threshold=2.5332133851342156 56.63486483070966 1.1926608832659651 0.18062809490595425 395.39666799617652 83.077234892710734 87.680024790486399 1.2680615046967247 395.39666799617652 374.57593190940133 409.59854941339842 1.1201643751438064 354.13886650769234 54.781068669324092 68.246074016076761 0.84435523030874948 0.43699389826257834 355.1504271551882 46.013147317770041 1.1367808407704694 0.45620999431827686 333.96541053103164 16.134654976476487 0.57945119337339823 0.53393550074746365 1.0000000180025095e-35 56.426088349838089 1.1010573164123267 0.59086320123563218 326.63879263033937
decision_type=2 2 2 2 2 2 2 2 2 2 2 2 2 2 2 2 2 2 2 2 2 2 2 2 2 2 2 2 2 2
left_child=1 7 6 -4 5 -5 8 10 9 -3 11 12 -1 -13 15 19 17 18 -17 22 21 -21 25 -24 -18 -2 -19 28 -16 -29
right_child=14 2 3 4 -6 -7 -8 -9 -10 -11 -12 13 -14 -15 27 16 24 26 -20 20 -22 -23 23 -25 -26 -27 -28 29 -30 -31
leaf_value=0.064118591286347476 -0.060808925249344635 0.06289457997796867 0.069849814008042105 0.013634657948918922 -0.059159349343582301 -0.037341513762382997 0.0055633083591345089 0.06628424853713788 0.067752369445118116 0.06447957495298566 0.06418083543577939 0.062531760207338888 0.062674271117148642 0.063339444475243104 -0.061004824908153676 -0.063675613836522954 -0.061041013407588371 -0.061110727980079556 -0.061810707460189712 -0.061850479728327072 -0.060795465977265553 -0.061208612451877233 -0.061116683368699312 -0.060771632052024044 -0.060784403036753247 -0.061118792026170529 -0.060825266063753672 -0.060912556474347249 -0.060783260082682339 -0.060782626564925238
leaf_weight=1.339962113648663 6.109597580507403 2.7413848303258446 1.7593539264053095 7.8384495377540571 2.1781694656237951 2.8901945818215609 1.8224043473601339 2.114985901862382 1.1207110360264776 1.4286242015659807 0.80815476551651855 13.25796445086598 2.1556030102074146 0.96401763707399446 0.47529026959091236 0.53930245712399472 0.66564461961388621 0.46187200583517529 1.7331575276330111 0.62932120077311926 1.2149045765399931 0.45376992784440517 2.3958981921896343 0.85205487627536047 2.4058596231043339 0.35922593064606179 0.61766142211854458 0.27715391665697087 0.33910011872649193 7.2669999916106462
leaf_count=18 352 48 14 45 24 27 19 24 10 20 12 260 40 15 23 11 32 21 56 18 71 19 114 51 142 15 35 15 20 429
internal_value=0.000176175 0.0388205 0.0157758 -0.00047853 -0.0100651 -9.78374e-05 0.0492898 0.0631365 0.0643516 0.0634376 0.0627771 0.0627131 0.0632279 0.0625865 -0.0609987 -0.061089 -0.061358 -0.0618327 -0.0622533 -0.0609452 -0.061166 -0.0615816 -0.060893 -0.0610262 -0.06084 -0.0608261 -0.0609474 -0.0607996 -0.0609126 -0.0607874
internal_weight=69.2168 42.42 21.7793 14.6662 12.9068 10.7286 7.11312 20.6407 5.29072 4.17001 18.5257 17.7175 3.49557 14.222 26.7968 18.4383 6.4235 3.35199 2.27246 12.0148 2.298 1.08309 9.71678 3.24795 3.0715 6.46882 1.07953 8.35854 0.81439 7.54415
internal_count=2000 576 207 110 96 72 97 369 78 68 345 333 58 275 1424 937 297 123 67 640 108 37 532 165 174 367 56 487 43 444
is_linear=0
shrinkage=0.08


Tree=112
num_leaves=24
num_cat=0
split_feature=3 6 0 4 2 3 1 0 3 0 0 2 1 4 6 1 2 3 5 5 0 1 2
split_gain=14.2917 9.51334 2.49191 2.54725 1.12225 1.34574 0.501879 0.287059 0.415673 0.0244627 0.00284333 0.00215152 0.000485134 0.000136946 0.000118703 8.507e-05 5.68959e-05 5.05232e-05 5.65144e-05 1.68478e-05 1.57373e-05 8.13183e-06 3.92572e-06
threshold=15.585168557084573 0.44846936668611254 18.016187737038674 1.0000000180025095e-35 1.1555872050402443 290.75949750076285 326.63879263033937 15.123107387515953 2.2245239750523376 22.869338957365368 28.744960154998651 1.1458622578706501 327.5931288384366 1.0000000180025095e-35 0.5099582015161821 348.66863608600835 1.1238743592439817 2.420532440421816 2.652664168401587 0.27676352729205039 56.63486483070966 323.06013538228206 1.1201643751438064
decision_type=2 2 2 2 2 2 2 2 2 2 2 2 2 2 2 2 2 2 2 2 2 2 2
left_child=7 2 11 4 5 -4 -5 8 -1 -9 -8 13 -11 15 16 -2 -3 18 -14 -16 -19 -21 -23
right_child=1 14 3 6 -6 -7 10 9 -10 12 -12 -13 17 -15 19 -17 -18 20 -20 21 -22 22 -24
leaf_value=-0.061258424982590237 0.062196622741274805 -0.062401743486222329 0.062699017630000423 0.02609469302380665 -0.026791385575107129 0.013260736756424502 -0.067662518240853189 -0.045906363550884705 0.047231594751537986 -0.062759182087948395 -0.061945573416306923 0.066688821017301114 -0.060906527438312895 0.063146429568854995 -0.061247839833260563 0.063056230188238291 -0.0610516361999019 -0.061164232186208957 -0.061352214654022817 -0.061085752382714416 -0.060711347405132114 -0.060856317462138314 -0.060708258372912084
leaf_weight=0.52578352950513618 15.664191883057363 0.49752238020300765 7.9135468099266344 0.46184421703219358 1.7736266721039999 6.3525598626583815 1.3483084570616486 0.71510309446603315 0.39644644781947136 0.95850903727114456 0.94841358438134182 0.74366966634988685 6.4802869241684693 1.1329026073217381 0.58570710197091091 0.77317932620644647 0.33379324246197939 0.53122327756136556 2.532453304156661 0.55791557766497124 6.495342425070703 1.8267015246674416 3.0762110017240047
leaf_count=24 348 15 72 5 28 62 13 29 8 26 36 7 367 18 27 14 17 25 105 26 424 103 201
internal_value=0.000582067 0.0254561 0.0414718 0.0210107 0.0332233 0.0406846 -0.05 -0.0581355 -0.0146209 -0.0604011 -0.0653018 0.0624741 -0.0610109 0.0622957 -0.0609633 0.0622371 -0.0618596 -0.0609064 -0.0610318 -0.0608401 -0.0607456 -0.0607964 -0.0607634
internal_weight=62.6252 43.9901 37.1122 18.7983 16.0397 14.2661 2.75857 18.6351 0.92223 17.7129 2.29672 18.3139 16.9978 17.5703 6.87785 16.4374 0.831316 16.0393 9.01274 6.04654 7.02657 5.46083 4.90291
internal_count=2000 992 603 216 162 134 54 1008 32 976 49 387 947 380 389 362 32 921 472 357 449 330 304
is_linear=0
shrinkage=0.08


Tree=113
num_leaves=31
num_cat=0
split_feature=3 0 6 4 2 1 3 0 6 2 2 6 3 0 2 1 2 4 1 5 0 0 0 3 4 1 6 1 1 6
split_gain=13.3003 7.95264 3.89206 1.98712 1.43406 1.60514 0.0528341 0.00198015 0.000621285 0.000266954 0.000111795 3.85057e-05 3.05374e-05 8.93184e-05 3.06727e-05 2.39949e-05 2.17455e-05 1.87043e-05 1.82129e-05 1.2645e-05 1.07202e-05 1.23836e-05 1.06734e-05 8.40329e-06 6.45062e-06 4.57678e-06 2.86996e-06 3.07363e-06 2.27611e-06 1.73559e-06
threshold=15.585168557084573 18.016187737038674 0.44846936668611254 1.0000000180025095e-35 1.1599606059053873 319.55487930598815 117.38713883865792 38.95772349200849 0.51467215361942853 1.1208297994279526 1.1479305986524475 0.59086320123563218 2.3897939099155585 56.63486483070966 1.1934537697169467 375.03523663338262 1.2841533712357114 1.0000000180025095e-35 326.63879263033937 3.5153130186709602 56.63486483070966 49.693328717426574 91.770533876906697 0.77618875951624655 1.0000000180025095e-35 392.86290673270179 0.43637415851164313 348.66863608600835 409.59854941339842 0.48632166333064913
decision_type=2 2 2 2 2 2 2 2 2 2 2 2 2 2 2 2 2 2 2 2 2 2 2 2 2 2 2 2 2 2
left_child=12 10 3 4 5 -3 -5 -8 9 -4 24 17 13 16 19 23 28 -10 -13 25 21 -14 -17 -16 26 -15 27 -2 29 -1
right_child=1 2 8 6 -6 -7 7 -9 11 -11 -12 18 20 14 15 22 -18 -19 -20 -21 -22 -23 -24 -25 -26 -27 -28 -29 -30 -31
leaf_value=-0.060681749081398832 -0.060705910776056048 -0.078557106987431374 0.064475556035371598 0.047808138856050654 0.066558812768347991 0.00033407953258654229 0.067706615644765142 0.06334339470384269 0.062872234040424621 0.062685082628818334 -0.06253038663981221 0.062488864136876633 -0.060766848482764008 -0.060731699800893581 -0.061884092969575609 -0.06129305453622242 -0.061385878137568413 0.062345998323297014 0.062198186119992727 -0.061317866665183962 -0.0607097705777895 -0.061449173397519319 -0.060758728967085202 -0.061476232965773675 -0.061055530710676056 -0.061125084188317337 -0.060996209772047123 -0.060984697553199768 -0.060953113230793672 -0.060903428707352929
leaf_weight=4.6350446194410342 5.1349311564117661 1.9188596718013311 1.2458966746926337 1.700479682534932 1.7318382747471321 11.805409509688614 1.5251830257475378 1.1812337972223756 0.92842062562704331 0.93132529780268658 0.23567227460443962 1.5421966426074494 0.43105643521994252 0.88489186018705346 0.54350594617426418 0.91275649052113272 0.31802761182188977 0.80890671536326408 13.080265827476977 0.44927044864743937 6.6466298587620258 0.28134115971624851 0.32425631675869226 0.79796702042222023 0.42385264486074437 0.24078499432653189 0.25132574792951334 0.26621841080486763 0.22445957828313101 0.23762293998152006
leaf_count=313 336 32 17 18 20 110 15 21 17 18 5 31 27 57 15 37 11 17 289 19 435 10 20 28 19 11 13 14 12 13
internal_value=-0.00046838 0.0223969 0.0360758 0.0114715 -0.00203978 -0.0106961 0.0588589 0.0658023 0.0624401 0.0637097 -0.0608208 0.0622711 -0.0608639 -0.0609581 -0.0612372 -0.0614071 -0.0607441 0.0626272 0.0622288 -0.0609591 -0.0607414 -0.0610363 -0.061153 -0.0616415 -0.0607545 -0.0608158 -0.0607319 -0.0607197 -0.060704 -0.0606926
internal_weight=61.6396 44.712 38.4 19.863 15.4561 13.7243 4.4069 2.70642 18.537 2.17722 6.312 16.3598 16.9276 9.56859 4.15343 2.57849 5.41515 1.73733 14.6225 1.57495 7.35903 0.712398 1.23701 1.34147 6.07633 1.12568 5.65248 5.40115 5.09713 4.87267
internal_count=2000 992 605 216 162 142 54 36 389 35 387 354 1008 536 187 100 349 34 320 87 472 37 57 43 382 68 363 350 338 326
is_linear=0
shrinkage=0.08


Tree=114
num_leaves=31
num_cat=0
split_feature=0 3 3 6 1 0 0 3 5 6 3 0 0 2 0 2 6 1 1 6 0 6 3 3 4 2 0 4 6 6
split_gain=16.9633 4.37055 4.12646 1.56392 1.57589 1.01085 0.682084 1.40644 1.24123 0.84707 0.340365 0.0300578 0.000499833 0.000112956 5.69607e-05 0.00012118 0.00012768 8.58364e-05 5.30804e-05 4.48766e-05 1.54764e-05 2.552e-05 3.8537e-05 1.05911e-05 9.83988e-06 5.0612e-06 3.48767e-06 3.20463e-06 1.98478e-06 8.22996e-07
threshold=54.781068669324092 15.585168557084573 1.7008071522611827 0.52616965630493029 354.71422972199701 99.174299002909109 69.345801954542495 2.7297844377920284 2.7388379375670806 0.42724856966350233 2.0040905744430404 75.088779009115299 58.318784863955841 1.2988799805913298 35.551035626978248 1.1280059144029526 0.32734032521914824 342.73273928975914 412.35448837210396 0.37759060652184778 16.134654976476487 0.51467215361942853 7.5676313424853259 141.31759190702181 1.0000000180025095e-35 1.1458622578706501 60.51869916191081 1.0000000180025095e-35 0.57945119337339823 0.59625385522322172
decision_type=2 2 2 2 2 2 2 2 2 2 2 2 2 2 2 2 2 2 2 2 2 2 2 2 2 2 2 2 2 2
left_child=13 2 3 4 11 -6 7 9 -8 -4 -10 -2 -9 14 20 16 17 -16 23 -3 25 22 -22 -17 -18 27 -21 -1 -28 -23
right_child=1 19 6 -5 5 -7 8 12 10 -11 -12 -13 -14 -15 15 18 24 -19 -20 26 21 29 -24 -25 -26 -27 28 -29 -30 -31
leaf_value=-0.060720193321658657 -0.063404103478578278 -0.061525025059418967 -0.064569766929232678 0.078164366411338226 -0.0066337677708466084 0.06535322145498261 0.22082168318301396 0.064466608648849164 0.0097446688273561764 0.037512324059317252 0.061829000125788895 -0.082808435856204649 0.062232529389386039 -0.062660683468788711 -0.062975279804762779 -0.06072957530341655 -0.061205673259830666 -0.0615308285908941 -0.062047917997663488 -0.060974408622855442 -0.060712870434578299 -0.060823421589605652 -0.061180780935816345 -0.061029838453478931 -0.060688762883561786 -0.061009082683512461 -0.060878142299249385 -0.060969630297675076 -0.060695182735108592 -0.060683220503655724
leaf_weight=5.5520131029188686 1.0152052342891686 0.66465956252068226 1.2105553671717673 1.4729326181113709 8.4830473754554969 1.4638375751674164 0.31043578684330242 0.87215652689337764 0.83914809674024837 0.91229385696351517 18.635870469734073 1.0284967012703417 2.4174530394375324 0.24614037945866485 0.52879965119063788 2.7064788136631259 0.53935917932540167 0.52440647315233946 0.23683267179876555 0.5087334364652637 1.687870694324374 0.3104397235438231 3.3870605612173676 1.0410075196996329 0.41861541289836168 0.46518491953611363 0.50369694549590383 0.35044377483427513 1.538691804744303 1.9584031645208595
leaf_count=359 27 27 26 12 88 18 3 11 9 10 390 7 53 5 17 176 26 23 7 25 112 18 161 57 28 26 28 17 102 132
internal_value=-0.000251962 0.0286721 0.0361259 0.000370364 -0.00918591 0.00396023 0.0552304 0.0300651 0.0621146 -0.0207 0.0595848 -0.0731694 0.0628248 -0.0609575 -0.0609362 -0.0611419 -0.0616481 -0.0622561 -0.0608864 -0.0609395 -0.0608463 -0.0609254 -0.0610252 -0.060813 -0.0609798 -0.060755 -0.060787 -0.060735 -0.0607403 -0.0607024
internal_weight=61.8303 41.8772 38.6614 13.4635 11.9906 9.94688 25.1979 5.41246 19.7855 2.12285 19.475 2.0437 3.28961 19.9531 19.7069 5.9955 2.01118 1.05321 3.98432 3.21578 13.7114 7.34377 5.07493 3.74749 0.957975 6.36764 2.55112 5.90246 2.04239 2.26884
internal_count=2000 836 654 152 140 106 502 100 402 36 399 34 64 1164 1159 334 94 40 240 182 825 423 273 233 54 402 155 376 130 150
is_linear=0
shrinkage=0.08


Tree=115
num_leaves=31
num_cat=0
split_feature=3 0 2 6 0 3 2 1 5 2 1 2 1 0 0 6 6 1 0 2 6 1 0 6 6 2 6 4 1 6
split_gain=22.5352 3.49169 1.69795 1.4511 1.25775 0.994219 1.72425 0.512123 0.0245289 0.00254843 0.000178628 0.000140158 0.000214653 6.33698e-05 0.00011023 0.000266764 0.000105309 8.78767e-05 6.13707e-05 2.50721e-05 6.70092e-05 2.8132e-05 1.28752e-05 1.22849e-05 5.06019e-06 4.0068e-06 3.97144e-06 3.5144e-06 7.75195e-07 5.70354e-07
threshold=2.5332133851342156 56.63486483070966 1.2105893437480453 0.18062809490595425 97.778687723111318 1.7008071522611827 1.2372683596163445 399.36789473572895 3.5153130186709602 1.2680615046967247 409.59854941339842 1.1201643751438064 354.13886650769234 63.746101848213904 35.551035626978248 0.22029278997621757 0.43699389826257834 352.87330825217344 54.781068669324092 1.1367808407704694 0.45620999431827686 329.6764113701588 16.134654976476487 0.57945119337339823 0.53887858779744846 1.104128564748138 0.45620999431827686 1.0000000180025095e-35 326.63879263033937 0.60130445607685779
decision_type=2 2 2 2 2 2 2 2 2 2 2 2 2 2 2 2 2 2 2 2 2 2 2 2 2 2 2 2 2 2
left_child=1 9 4 -4 7 6 -5 8 -3 10 11 12 -1 14 19 -16 17 -17 -13 22 21 -21 27 -24 -18 26 -15 -2 -27 -22
right_child=13 2 3 5 -6 -7 -8 -9 -10 -11 -12 18 -14 25 15 16 24 -19 -20 20 29 -23 23 -25 -26 28 -28 -29 -30 -31
leaf_value=0.063719607582615842 -0.060720084313967519 0.063259772782649201 0.067274818902148717 -0.051672426016395788 -0.03308684996411148 -0.053818409787389311 0.028809950486017599 0.015443616929011739 0.076785553749919369 0.06555720781334437 0.063696469588519891 0.062245630889627056 0.06236310449763767 -0.061099043827086814 -0.063652115168031972 -0.061972913877496219 -0.060991696509511348 -0.060873673439277812 0.062945285457036815 -0.061954959951699515 -0.060818867147078362 -0.061153898368808975 -0.061025380821852465 -0.060685039371401094 -0.060692436236442555 -0.060840540075515329 -0.060750907894939171 -0.06099284256669054 -0.060697164240149787 -0.060686847886602967
leaf_weight=1.2201296575367497 5.4443596219643968 4.7040740959346312 1.5714388135820616 2.627199709415434 1.2252438208088277 3.0286125494167209 4.8462519906461239 1.6732866615056989 1.049545109272003 1.9046971723437298 0.72376265004277307 11.849859524518248 1.9235975220799444 0.33610106632113268 0.29780590161681075 1.2986450958997013 0.471910162828863 0.72545364964753378 0.8606428653001793 0.55693104676902228 0.26017918065190304 0.56543179508298635 2.4617933845147495 0.93716752994805563 1.5472469739615915 0.25008225999772538 0.55770186986774206 0.32010105624794949 6.9082535821944475 1.0738330530002711
leaf_count=18 352 80 13 17 19 28 32 13 5 24 12 260 40 16 8 39 24 41 15 15 15 25 129 63 103 15 35 15 457 72
internal_value=0.000126501 0.0375051 0.0149602 -0.00442377 0.0420093 -0.0151521 0.000517364 0.0543982 0.0657271 0.0627858 0.0624674 0.0624113 0.0628896 -0.0609051 -0.0609974 -0.0613414 -0.0611712 -0.0615789 0.062293 -0.0608689 -0.0610959 -0.0615514 -0.060808 -0.0609315 -0.0607624 -0.0607221 -0.0608818 -0.0607352 -0.0607022 -0.0607126
internal_weight=63.2213 39.2083 20.7257 12.0735 8.65215 10.5021 7.47345 7.42691 5.75362 18.4827 16.578 15.8542 3.14373 24.013 15.9609 4.34106 4.04326 2.0241 12.7105 11.6198 2.45638 1.12236 9.16342 3.39896 2.01916 8.05214 0.893803 5.76446 7.15834 1.33401
internal_count=2000 576 207 90 117 77 49 98 85 369 345 333 58 1424 901 215 207 80 275 686 127 40 559 192 127 523 51 367 472 87
is_linear=0
shrinkage=0.08


Tree=116
num_leaves=25
num_cat=0
split_feature=3 6 0 4 6 6 1 0 3 0 1 5 2 1 4 6 1 3 5 2 5 0 1 2
split_gain=12.6558 8.26239 2.38663 2.13556 1.00426 1.52659 0.489316 0.258856 0.365091 0.0262041 0.025333 0.00201371 0.00150148 0.000349245 9.47857e-05 8.40364e-05 5.97395e-05 4.17109e-05 4.71731e-05 4.01886e-05 1.18269e-05 1.10619e-05 5.6767e-06 2.7464e-06
threshold=15.585168557084573 0.44846936668611254 18.016187737038674 1.0000000180025095e-35 0.25589935902013994 0.32851067735124273 326.63879263033937 15.123107387515953 2.2245239750523376 22.869338957365368 337.65564043140495 0.68451827437443435 1.1458622578706501 327.5931288384366 1.0000000180025095e-35 0.5099582015161821 348.66863608600835 2.420532440421816 2.652664168401587 1.1238743592439817 0.27676352729205039 56.63486483070966 323.06013538228206 1.1201643751438064
decision_type=2 2 2 2 2 2 2 2 2 2 2 2 2 2 2 2 2 2 2 2 2 2 2 2
left_child=7 2 12 4 10 -6 -5 8 -1 -9 -4 -8 14 -11 16 19 -2 18 -15 -3 -17 -19 -22 -24
right_child=1 15 3 6 5 -7 11 9 -10 13 -12 -13 -14 17 -16 20 -18 21 -20 -21 22 -23 23 -25
leaf_value=-0.061116179061958147 0.061942832796935687 -0.06213535748312559 0.063499092995188675 0.026716958010009936 -0.012563864734671731 0.044915921274845137 -0.06681176720630834 -0.044553535765309585 0.04581773468958792 -0.062473547478499522 0.077447159880561001 -0.061740352204876593 0.065897740273456643 -0.060815505739131734 0.062779134495431696 -0.061107076743510347 0.062704955613294019 -0.061033897815849329 -0.061243372961109675 -0.060933320733208424 -0.060962488905596253 -0.060631491785698807 -0.060759344564255836 -0.060628023527680965
leaf_weight=0.46800372935831802 13.966086722910401 0.44420026335865159 1.982014376670125 0.45710192248225157 5.1793088354170305 6.8923437036573887 1.2218973487615588 0.65367226209491391 0.36269968748092651 0.86382673121988673 1.4379996955394743 0.84944607783108939 0.6699968911707409 5.809959205798803 1.0123606957495219 0.52145926281809796 0.69081021845340806 0.4730033315718164 2.3027651701122522 0.29705446772277355 0.49638404976576556 5.775686482898891 1.6247424529865382 2.7349033486098051
leaf_count=24 348 15 35 5 48 68 13 29 8 26 11 36 7 367 18 27 14 25 105 17 26 424 103 201
internal_value=0.000614262 0.0247943 0.0400468 0.0199699 0.031096 0.0202544 -0.0481995 -0.0579604 -0.014427 -0.0602379 0.0693638 -0.064732 0.062189 -0.0609113 0.0620305 -0.0608551 0.0619788 -0.0608173 -0.060937 -0.0616536 -0.060745 -0.060662 -0.0607062 -0.060677
internal_weight=57.1877 40.4781 34.3594 18.0201 15.4917 12.0717 2.52845 16.7096 0.830703 15.8789 3.42001 2.07134 16.3393 15.2252 15.6693 6.11874 14.6569 14.3614 8.11272 0.741255 5.37749 6.24869 4.85603 4.35965
internal_count=2000 992 603 216 162 116 54 1008 32 976 46 49 387 947 380 389 362 921 472 32 357 449 330 304
is_linear=0
shrinkage=0.08


Tree=117
num_leaves=31
num_cat=0
split_feature=3 6 0 6 1 6 6 0 6 2 3 2 6 3 0 2 0 2 3 4 1 5 0 0 2 0 4 1 6 1
split_gain=11.8042 7.03851 3.48738 1.76408 1.48657 1.77463 0.688444 0.00416989 0.000435095 0.00018648 0.000132841 7.89442e-05 2.68685e-05 2.64958e-05 7.73019e-05 2.62537e-05 2.06997e-05 1.53492e-05 1.40458e-05 1.3054e-05 1.2675e-05 1.02892e-05 8.10526e-06 8.21519e-06 6.51858e-06 4.86887e-06 4.50061e-06 3.98301e-06 2.04087e-06 1.61796e-06
threshold=15.585168557084573 0.44846936668611254 18.016187737038674 0.25348535746080797 326.63879263033937 0.36849046224728021 0.36849046224728021 36.949313774280924 0.51467215361942853 1.1208297994279526 214.18313530377677 1.1479305986524475 0.59086320123563218 2.3897939099155585 56.63486483070966 1.1934537697169467 108.81191116301299 1.2841533712357114 0.68670901493829384 1.0000000180025095e-35 326.63879263033937 3.5153130186709602 56.63486483070966 49.693328717426574 1.1376776011247427 20.019422080825109 1.0000000180025095e-35 392.86290673270179 0.43637415851164313 409.59854941339842
decision_type=2 2 2 2 2 2 2 2 2 2 2 2 2 2 2 2 2 2 2 2 2 2 2 2 2 2 2 2 2 2
left_child=13 2 11 7 6 -6 -5 10 9 -3 -4 26 19 14 17 21 18 29 -17 -10 24 27 23 -15 -14 -22 28 -16 -2 -1
right_child=1 8 3 4 5 -7 -8 -9 12 -11 -12 -13 20 22 15 16 -18 -19 -20 -21 25 -23 -24 -25 -26 -27 -28 -29 -30 -31
leaf_value=-0.060614171824747605 -0.060638231071748518 0.063956918263713025 -0.063266171606785854 -0.056871786355561928 0.055940240868401075 -0.0035101712996214807 0.010242463098791191 -0.070730076610942022 0.062539811610375723 0.062374260611177304 -0.061568039854769135 -0.062247157317613482 0.062370003725295352 -0.060699483222516629 -0.060648350964497055 -0.061715607938686898 -0.060781199419978851 -0.061230922396715348 -0.061262113092652087 0.062074450161313875 0.062156009429330993 -0.061210028468617013 -0.060630241123955771 -0.06128699441784468 0.06202160794360416 0.061931341453029656 -0.060935740562643968 -0.061032391336812999 -0.060885355495071895 -0.06084698297759264
leaf_weight=4.332022416405378 4.8022696832194951 1.1164774261415029 0.61526751704514271 2.0253533441573413 7.8545880168676359 5.4385224394500256 1.891915416345 0.58105912245810021 0.82915726676583179 0.83119655027985562 0.56609111931174994 0.21084117889404286 0.70718904212117084 0.38782336562871833 0.78611466288566612 0.65087413508445058 0.40160449873656023 0.28379567712545384 1.3308394383639095 0.72144981473684311 0.65401933342218299 0.40546363312751044 5.9110693978145719 0.2508463179692626 0.66871204227209091 11.008083280175923 0.37724439613521088 0.22154769487679005 0.22384593356400717 0.19986157491803158
leaf_count=326 350 17 17 20 77 53 20 7 17 18 22 5 15 27 57 20 25 11 55 17 15 19 435 10 16 274 19 11 13 12
internal_value=-0.000444338 0.0218013 -0.00534141 0.0110481 0.0188543 0.0316177 -0.0244578 -0.0651815 0.0621584 0.0632815 -0.0624524 -0.0607285 0.0620085 -0.0607808 -0.060873 -0.0611429 -0.0613049 -0.0606602 -0.0614111 0.0623233 0.061971 -0.0608697 -0.0606595 -0.0609302 0.0622007 0.0619439 -0.0606692 -0.0607328 -0.0606492 -0.0606244
internal_weight=56.2851 41.1233 24.587 18.9728 17.2104 13.2931 3.91727 1.76242 16.5363 1.94767 1.18136 5.6142 14.5886 15.1619 8.61212 3.79644 2.38332 4.81568 1.98171 1.55061 13.038 1.41313 6.54974 0.63867 1.3759 11.6621 5.40336 1.00766 5.02612 4.53188
internal_count=2000 992 603 216 170 130 40 46 389 35 39 387 354 1008 536 187 100 349 75 34 320 87 472 37 31 289 382 68 363 338
is_linear=0
shrinkage=0.08


Tree=118
num_leaves=28
num_cat=0
split_feature=0 3 3 6 2 0 0 2 0 2 6 0 6 1 0 6 3 3 4 2 6 4 6 1 2 0 6
split_gain=14.9907 3.81643 3.79197 1.34381 1.47901 1.31906 0.000404372 7.78905e-05 4.66781e-05 9.85244e-05 9.99223e-05 7.81677e-05 3.90251e-05 3.64727e-05 1.3392e-05 2.11608e-05 2.86392e-05 9.94857e-06 8.18233e-06 3.58947e-06 2.73712e-06 2.23402e-06 2.15354e-06 2.02218e-06 1.63592e-06 1.59368e-06 3.93105e-07
threshold=54.781068669324092 15.585168557084573 2.5332133851342156 0.50188100970818017 1.3146614766206868 108.81191116301299 59.042743918427284 1.2988799805913298 35.551035626978248 1.1280059144029526 0.32734032521914824 45.077518468131466 0.37759060652184778 412.35448837210396 16.134654976476487 0.45066514543519792 7.5676313424853259 141.31759190702181 1.0000000180025095e-35 1.1458622578706501 0.46975384316758861 1.0000000180025095e-35 0.59625385522322172 341.46372117370066 1.1280059144029526 60.00706085282372 0.57945119337339823
decision_type=2 2 2 2 2 2 2 2 2 2 2 2 2 2 2 2 2 2 2 2 2 2 2 2 2 2 2
left_child=7 2 3 4 5 -2 -4 8 14 10 11 -10 -3 17 19 16 -16 -11 -12 21 -14 -1 -17 -8 -25 -22 -27
right_child=1 12 6 -5 -6 -7 23 -9 9 13 18 -13 20 -15 15 22 -18 -19 -20 -21 25 -23 -24 24 -26 26 -28
leaf_value=-0.060638998070301597 -0.013588182799190185 -0.0614218864726866 0.063611448143908705 0.073583461135352607 0.071755163905414157 0.064371926258545861 0.062045040201209191 -0.06236058868176423 -0.062588710741187895 -0.06064705676874993 -0.061109312638405272 -0.061061791101562665 -0.060922370295863372 -0.061816784557680853 -0.060636100735734617 -0.060766107096169475 -0.061093353210505262 -0.060953899350939117 -0.060611498812166174 -0.06089681096874925 -0.060830641549195485 -0.060859781614626067 -0.0606059560640516 0.06202052158485645 0.061892900928644828 -0.060722286976153235 -0.060616795422376149
leaf_weight=4.9382195062935406 13.429260852746671 0.6075783977285022 0.9391534030437495 1.903688970953225 1.7725231014192093 1.5492266491055477 0.6259953491389777 0.2201506569981565 0.64325482863932737 2.4063681960105905 0.48820823896676302 0.3219757005572319 0.30678505171090398 0.21139329019933928 1.2757758703082798 0.77720664162188802 2.8021954586729407 0.94058108236640681 0.37257178872823715 0.41390615608543146 0.3140715155750512 0.31183603964745987 1.7413768544793127 0.67177190631627937 14.924463298171757 0.27028688229620446 1.3821105035021899
leaf_count=359 173 27 15 19 15 23 15 5 23 176 26 17 16 7 95 50 146 57 28 26 18 17 132 16 378 18 103
internal_value=-0.000250768 0.0277328 0.034858 0.00989108 0.00265268 -0.00552476 0.0619975 -0.0608651 -0.0608465 -0.0610428 -0.0615205 -0.0620794 -0.0608523 -0.0607977 -0.0607602 -0.0608377 -0.0609503 -0.0607333 -0.0608938 -0.06067 -0.0607001 -0.0606521 -0.0606554 0.0619041 0.0618984 -0.0606654 -0.0606341
internal_weight=56.5619 38.6969 35.8161 18.6547 16.751 14.9785 17.1614 17.865 17.6449 5.38435 1.82601 0.965231 2.88083 3.55834 12.2605 6.59655 4.07797 3.34695 0.86078 5.66396 2.27325 5.25006 2.51858 16.2222 15.5962 1.96647 1.6524
internal_count=2000 836 654 230 211 196 424 1164 1159 334 94 40 182 240 825 423 241 233 54 402 155 376 182 409 394 139 121
is_linear=0
shrinkage=0.08


Tree=119
num_leaves=31
num_cat=0
split_feature=3 0 2 1 6 3 2 3 2 1 2 1 0 5 6 1 3 0 0 6 2 2 6 2 6 4 0 1 6 6
split_gain=19.8004 3.31325 1.60967 1.34941 1.10346 0.955607 2.3833 0.834715 0.00187733 0.00012363 9.9962e-05 0.000153722 5.18189e-05 9.31431e-05 0.00017914 0.00011489 0.000164419 4.98472e-05 1.47223e-05 2.66784e-05 1.37596e-05 9.68303e-06 3.42116e-06 3.33816e-06 3.45326e-06 2.46138e-06 2.26566e-06 5.40861e-07 4.56912e-07 2.57156e-07
threshold=2.5332133851342156 56.63486483070966 1.3146614766206868 393.43819303546229 0.43094706650460435 0.53604335182501794 1.2105893437480453 1.7008071522611827 1.2680615046967247 409.59854941339842 1.1201643751438064 354.13886650769234 63.746101848213904 0.84435523030874948 0.43699389826257834 352.87330825217344 46.013147317770041 54.781068669324092 16.134654976476487 0.51467215361942853 1.1493267731647367 1.1347126309585029 0.53887858779744846 1.104128564748138 0.45620999431827686 1.0000000180025095e-35 56.426088349838089 326.84336193042981 0.61150667615532395 0.66238869058509009
decision_type=2 2 2 2 2 2 2 2 2 2 2 2 2 2 2 2 2 2 2 2 2 2 2 2 2 2 2 2 2 2
left_child=1 8 3 5 -5 6 -3 -7 9 10 11 -1 13 18 15 16 -15 -12 21 20 -20 25 -16 24 -14 -2 -17 -25 -21 -26
right_child=12 2 -4 4 -6 7 -8 -9 -10 -11 17 -13 23 14 22 26 -18 -19 19 28 -22 -23 -24 27 29 -27 -28 -29 -30 -31
leaf_value=0.063305573233007534 -0.060638340858652752 0.064191079252143415 -0.069812146660495608 0.014176237358957471 -0.069672265517639373 0.060606379776620159 -0.068305866730175732 0.014698247334287802 0.064980281181079014 0.063269346844292945 0.061987556079003879 0.062093402336088274 -0.061007885151204387 -0.063388540997986853 -0.06085820016971398 -0.060935413219942447 -0.061578229116441188 0.062650632759284508 -0.060933101180253052 -0.06072601768210803 -0.061369766636519149 -0.061199311814294249 -0.060616493972805649 -0.06074182891326476 -0.060728088751876047 -0.060880354220612665 -0.060650336262545554 -0.060618427109742967 -0.060607751676291989 -0.060612536853660609
leaf_weight=1.0968032702803623 4.8111144127324241 1.6725575476884906 1.3656978830695141 2.4716599844396105 1.6922166859731076 6.8165349271148425 1.8081474062055347 4.0353358387947083 1.7203578427433956 0.64747397974133569 10.571414761245247 1.7188515812158582 0.30540889129042526 0.42049134522676412 0.47967619728297028 0.42596264556050289 1.3582712076604364 0.77906584367156106 2.0237298151478176 0.24451866187155236 0.5983945233747362 0.21552892215549935 1.7138509387150405 0.23606881778687228 0.22914202231913805 0.28488125465810288 0.30702780187129974 6.1281606676056981 1.4421427538618443 0.2667503459379077
leaf_count=18 350 21 16 26 19 67 10 48 24 12 260 40 16 9 28 23 51 15 117 16 23 10 128 16 15 15 22 456 109 20
internal_value=7.02282e-05 0.0360234 0.014001 0.0201894 -0.0199001 0.0318362 -0.00463808 0.0435352 0.0624788 0.0621883 0.0621389 0.0625656 -0.060818 -0.0609059 -0.0611976 -0.0616589 -0.0620062 0.0620331 -0.0607632 -0.0608731 -0.0610328 -0.0606741 -0.0606693 -0.0606424 -0.0607963 -0.0606519 -0.060816 -0.060623 -0.0606249 -0.0606659
internal_weight=57.8872 36.3961 19.8622 18.4965 4.16388 14.3326 3.4807 10.8519 16.534 14.8136 14.1661 2.81565 21.4911 14.3256 4.70528 2.51175 1.77876 11.3505 9.62031 4.30879 2.62212 5.31152 2.19353 7.16553 0.801301 5.096 0.73299 6.36423 1.68666 0.495892
internal_count=2000 576 207 191 45 146 31 115 369 345 333 58 1424 901 261 105 60 275 640 265 140 375 156 523 51 365 45 472 125 35
is_linear=0
shrinkage=0.08


Tree=120
num_leaves=25
num_cat=0
split_feature=3 6 0 4 6 6 1 0 3 3 0 0 2 1 4 6 1 3 5 2 5 0 1 2
split_gain=11.2224 7.17194 2.27959 1.9033 0.936152 1.70676 0.431057 0.233679 0.320593 0.0422806 0.0279281 0.00158179 0.0010484 0.000249934 6.56623e-05 5.94016e-05 4.195e-05 3.50987e-05 4.31517e-05 2.83488e-05 8.2895e-06 7.74076e-06 3.96126e-06 1.92063e-06
threshold=15.585168557084573 0.44846936668611254 18.016187737038674 1.0000000180025095e-35 0.25891514424036299 0.28225137988555921 326.63879263033937 15.123107387515953 2.2245239750523376 355.28060825709025 22.869338957365368 28.744960154998651 1.1458622578706501 327.5931288384366 1.0000000180025095e-35 0.5099582015161821 348.66863608600835 2.420532440421816 2.2653430050248358 1.1238743592439817 0.27676352729205039 56.63486483070966 323.06013538228206 1.1201643751438064
decision_type=2 2 2 2 2 2 2 2 2 2 2 2 2 2 2 2 2 2 2 2 2 2 2 2
left_child=7 2 12 4 9 -6 -5 8 -1 -4 -9 -8 14 -12 16 19 -2 18 -15 -3 -17 -19 -22 -24
right_child=1 15 3 6 5 -7 11 10 -10 -11 13 -13 -14 17 -16 20 -18 21 -20 -21 22 -23 23 -25
leaf_value=-0.060989979972711987 0.061718903608134985 -0.061898010252121959 0.071072929520960879 0.023109540083483208 -0.050258635037231499 0.032339547231208486 -0.06625447998699048 -0.043166195364139244 0.044382255061184255 0.049996905303942268 -0.0622175417021077 -0.061565778928197909 0.065204490459903383 -0.060695100072026914 0.062455881476087848 -0.060982024369501113 0.062394837997107822 -0.06091828631012397 -0.061091197525592479 -0.060828257357739536 -0.060853231516564563 -0.060561501813157052 -0.060673369123064876 -0.060556898786500564
leaf_weight=0.41639941651374002 12.444540508091446 0.39631064981222053 2.6396015845239194 0.44453558698296491 1.9198021199554194 9.6437202878296358 1.136233991011977 0.59838356636464496 0.33222935721278191 0.79194569960236538 0.77684719022363324 0.77430355083197344 0.60262287408113557 4.3557273270562273 0.90386338904500085 0.46400800812989462 0.61675184592604715 0.42104965727776278 2.9540474871173501 0.26425931137055159 0.44148030225187529 5.1418626680970192 1.4446594677865507 2.430836284533143
leaf_count=24 348 15 34 5 11 102 13 29 8 15 26 36 7 318 18 27 14 25 154 17 26 424 103 201
internal_value=0.000666107 0.0241324 0.0386052 0.0190147 0.0295154 0.0186264 -0.0478449 -0.0577934 -0.0142275 0.0662089 -0.0600824 -0.0643542 0.0619374 -0.060824 0.0617965 -0.060759 0.0617508 -0.0607399 -0.0608552 -0.0614701 -0.0606607 -0.0605885 -0.0606262 -0.0606003
internal_weight=52.356 37.3595 31.9179 17.3501 14.9951 11.5635 2.35507 14.9965 0.748629 3.43155 14.2479 1.91054 14.5678 13.6495 13.9652 5.44155 13.0613 12.8727 7.30977 0.66057 4.78098 5.56291 4.31698 3.8755
internal_count=2000 992 603 216 162 113 54 1008 32 49 976 49 387 947 380 389 362 921 472 32 357 449 330 304
is_linear=0
shrinkage=0.08


Tree=121
num_leaves=31
num_cat=0
split_feature=3 6 0 4 1 2 2 5 6 2 2 3 0 2 6 0 3 2 4 1 5 0 3 2 1 0 4 6 1 6
split_gain=10.4671 6.26966 3.09964 1.5842 1.29271 1.25887 0.0653942 0.00152492 0.000304673 0.000130286 5.56694e-05 2.29494e-05 6.72404e-05 2.16343e-05 1.87516e-05 1.81006e-05 1.41012e-05 1.08013e-05 9.1114e-06 8.82023e-06 8.43099e-06 6.16698e-06 5.60982e-06 4.54288e-06 3.48149e-06 3.38305e-06 3.13996e-06 1.44826e-06 1.14813e-06 8.69957e-07
threshold=15.585168557084573 0.44846936668611254 18.016187737038674 1.0000000180025095e-35 357.89772287073265 1.1619998121602559 1.1135905842015423 0.97418288722424029 0.51467215361942853 1.1208297994279526 1.1479305986524475 2.3897939099155585 56.63486483070966 1.1934537697169467 0.59086320123563218 108.81191116301299 0.68670901493829384 1.2841533712357114 1.0000000180025095e-35 326.63879263033937 3.5153130186709602 56.63486483070966 3.8130769916734724 1.1376776011247427 392.86290673270179 20.019422080825109 1.0000000180025095e-35 0.43637415851164313 409.59854941339842 0.48632166333064913
decision_type=2 2 2 2 2 2 2 2 2 2 2 2 2 2 2 2 2 2 2 2 2 2 2 2 2 2 2 2 2 2
left_child=11 2 10 4 5 -4 -5 -8 9 -3 26 12 17 20 18 16 -15 28 -10 23 24 22 -13 -16 -14 -21 27 -2 29 -1
right_child=1 8 3 6 -6 -7 7 -9 14 -11 -12 21 13 15 19 -17 -18 -19 -20 25 -22 -23 -24 -25 -26 -27 -28 -29 -30 -31
leaf_value=-0.060536035398608634 -0.060566026239628722 0.063499883404167706 -0.018591257440097844 0.042877523771873358 0.0622723402035575 0.066975975056885129 0.066740189947374309 0.062676828884375799 0.062246667756798851 0.062100188123377392 -0.061995310504103215 -0.060535825904453722 -0.060584027112285652 -0.061626209030439201 0.06209613609927981 -0.060689883006941683 -0.06115615610009284 -0.06109275443281572 0.061834974128976636 0.061906901517893465 -0.061120327646971652 -0.060560739848721915 -0.061045172108183367 0.061788108479207925 -0.060957907607561722 0.0617085454744924 -0.060829585524016253 -0.060786668980586177 -0.06075253728429017 -0.060712365873098834
leaf_weight=3.6619805395603167 4.268602290190759 0.99937839061021694 11.510468017309906 1.3513130806386464 1.7858030609786499 1.2167005240917195 1.3071503601968291 1.0790275149047373 0.73993292823433765 0.74131787568330765 0.18844686821103085 0.23392541427165259 0.70788535941392206 0.61441872548311982 0.63078295812010654 0.35537183005362738 1.2184620471671221 0.25296815671026696 0.6430407427251339 0.58300639316439529 0.37124313414096832 5.2646287195384502 0.33885383140295744 0.59592936933040619 0.20571887958794832 9.8084631748497468 0.33562824316322792 0.19927935115993012 0.17789461463689793 0.18827681895345438
leaf_count=313 350 17 125 16 24 13 14 24 17 18 5 20 57 20 15 25 55 11 17 15 19 435 17 16 11 274 19 13 12 13
internal_value=-0.000459185 0.0210991 -0.00478576 0.0104936 -0.00146753 -0.0104111 0.0569394 0.0649027 0.0619098 0.0629038 -0.0606465 -0.0607077 -0.0607979 -0.0610594 0.0617768 -0.0612124 -0.0613137 -0.0605857 0.0620552 0.0617436 -0.0607988 -0.0605879 -0.0608372 0.0619465 -0.0606682 0.0617197 -0.0605936 -0.0605759 -0.0605538 -0.0605447
internal_weight=51.5759 37.9843 23.2424 18.2505 14.513 12.7272 3.73749 2.38618 14.7419 1.7407 4.99196 13.5916 7.75422 3.4731 13.0012 2.18825 1.83288 4.28112 1.38297 11.6182 1.28485 5.83741 0.572779 1.22671 0.913604 10.3915 4.80351 4.46788 4.02815 3.85026
internal_count=2000 992 603 216 162 138 54 38 389 35 387 1008 536 187 354 100 75 349 34 320 87 472 37 31 68 289 382 363 338 326
is_linear=0
shrinkage=0.08


Tree=122
num_leaves=27
num_cat=0
split_feature=0 3 3 1 0 3 2 3 0 3 0 3 3 2 0 1 6 6 2 0 6 0 2 6 0 2
split_gain=13.2735 3.11092 2.97118 1.33478 0.952751 1.06671 0.662312 1.98358 1.23613 0.588563 0.477536 0.500653 0.134009 5.35585e-05 3.78651e-05 0.000116317 0.000121226 3.31042e-05 1.72749e-05 1.51762e-05 2.30967e-05 3.98561e-06 2.54004e-06 1.93062e-06 2.1005e-07 1.09129e-07
threshold=56.63486483070966 15.585168557084573 1.7008071522611827 339.87900387585006 99.174299002909109 0.53604335182501794 1.2503265511028416 2.5332133851342156 88.38051669278471 1.8947335288747718 54.781068669324092 3.8130769916734724 2.4461007690655725 1.2988799805913298 40.237867600035564 338.27831677816749 0.3669905297085162 0.37759060652184778 1.1083239780606391 16.134654976476487 0.46975384316758861 62.693707023028139 1.1458622578706501 0.48632166333064913 63.746101848213904 1.0774652367884079
decision_type=2 2 2 2 2 2 2 2 2 2 2 2 2 2 2 2 2 2 2 2 2 2 2 2 2 2
left_child=10 2 3 -2 5 -5 7 8 -4 -8 13 -12 -11 14 19 16 -16 -3 -17 22 -21 -9 -1 -19 -25 -26
right_child=1 17 6 4 -6 -7 9 21 -10 12 11 -13 -14 -15 15 18 -18 23 -20 20 -22 -23 -24 24 25 -27
leaf_value=-0.060578597504281781 -0.075945137016601494 -0.061332613627585436 -0.063470880839150534 0.036890635806383812 0.065787072627102733 -0.019921228593892112 0.15236310557734717 0.061906541013812426 0.047474388189364961 0.083714700582769613 -0.06324144498032476 0.025164732238536259 0.059601483825901226 -0.062094134259460969 -0.062723358379474514 -0.06119685781163442 -0.060727585678952131 -0.060792822243159302 -0.060646796401748998 -0.060875462020498053 -0.060577190430283256 0.061688494829721802 -0.060796860823779469 -0.06064104631923839 -0.060605649471487597 -0.06054487599622764
leaf_weight=4.6685514282435161 1.2069915700703884 0.51411735732108299 1.6116390079259892 3.45018288400024 1.8055444825440634 5.4665632788091898 0.50866571068763633 0.58550647273659695 1.0690812766551969 1.8124093748629073 0.76042653527110704 0.8895572368055582 7.924173766747117 0.19670993462205011 0.44611608982086304 0.44195228442549739 0.34574257023632526 0.29185550194233645 2.1096383910626173 4.9076932230964303 2.5119595555588603 6.4113169983029366 0.36814767215400923 0.21568404044955958 0.23027570080012072 1.0575526198372243
leaf_count=376 15 25 40 31 26 61 3 15 15 13 23 25 222 5 15 27 25 18 165 320 205 181 26 16 18 89
internal_value=-0.000214643 0.0288889 0.0353895 0.00381374 0.0127921 0.00206115 0.0542962 0.0392882 -0.0192255 0.0684727 -0.0565556 -0.0155789 0.06409 -0.0607822 -0.0607659 -0.0610049 -0.061852 -0.0607666 -0.0607421 -0.0607017 -0.0607745 0.0617067 -0.0605946 -0.0606045 -0.060568 -0.0605557
internal_weight=51.8081 34.1616 31.8521 11.9293 10.7223 8.91675 19.9228 9.67754 2.68072 10.2452 17.6465 1.64998 9.73658 15.9965 15.7998 3.34345 0.791859 2.30949 2.55159 12.4564 7.41965 6.99682 5.0367 1.79537 1.50351 1.28783
internal_count=2000 788 622 133 118 92 489 251 55 238 1212 48 235 1164 1159 232 40 166 192 927 525 196 402 141 123 107
is_linear=0
shrinkage=0.08


Tree=123
num_leaves=31
num_cat=0
split_feature=3 0 2 1 0 3 1 1 0 2 1 2 1 0 0 5 6 1 3 0 6 2 2 2 6 6 4 0 1 6
split_gain=17.3943 3.14746 1.48813 1.10517 1.07698 1.00415 1.81174 0.301243 0.0115983 0.00142287 8.51861e-05 7.15493e-05 0.00011134 4.28726e-05 4.17636e-05 7.56037e-05 0.000143395 9.13024e-05 0.000129127 1.26764e-05 2.17821e-05 1.09507e-05 6.83324e-06 2.53431e-06 2.71956e-06 2.46659e-06 1.71562e-06 1.70525e-06 6.16181e-07 3.21319e-07
threshold=2.5332133851342156 56.63486483070966 1.2105893437480453 354.71422972199701 96.117585973511112 0.53604335182501794 393.43819303546229 399.36789473572895 84.696414843307849 1.2680615046967247 409.59854941339842 1.1201643751438064 354.13886650769234 54.781068669324092 63.746101848213904 0.84435523030874948 0.43699389826257834 352.87330825217344 46.013147317770041 16.134654976476487 0.51467215361942853 1.1493267731647367 1.1347126309585029 1.104128564748138 0.45620999431827686 0.53887858779744846 1.0000000180025095e-35 56.426088349838089 326.84336193042981 0.61150667615532395
decision_type=2 2 2 2 2 2 2 2 2 2 2 2 2 2 2 2 2 2 2 2 2 2 2 2 2 2 2 2 2 2
left_child=1 9 4 -4 7 -5 -7 8 -3 10 11 12 -1 -13 15 19 17 18 -17 22 21 -21 26 24 -16 -18 -2 -19 -25 -22
right_child=14 2 3 5 -6 6 -8 -9 -10 -11 -12 13 -14 -15 23 16 25 27 -20 20 29 -23 -24 28 -26 -27 -28 -29 -30 -31
leaf_value=0.062944251014989391 -0.060566402737672588 0.062683298284717054 0.037806208025885225 -0.066385283940203335 -0.021593909608270092 0.022039192515773649 -0.074696817578986052 0.022897602440597901 0.072658297774304603 0.064501192649398478 0.0628925045349185 0.061759881856662889 0.061855015292307927 0.062404292223387343 -0.060910731207673388 -0.063122292413346756 -0.060764104701756055 -0.060842012206021263 -0.06145134166657127 -0.060849269256657713 -0.060644178122743829 -0.061255429220490827 -0.061065764020028362 -0.060687707958210567 -0.060590539419018263 -0.060546755167182685 -0.060780623581942451 -0.060581258312735774 -0.060548996682275827 -0.060539011181620514
leaf_weight=0.98674987256526714 4.278100464493038 3.8197176940739181 2.8576269485056391 2.1897767856717092 1.4548261929303405 4.6787956319749355 1.6854281565174458 1.4435565657913683 0.92708588391542424 1.5553739070892323 0.57866460457444269 9.4257537424564326 1.5347645767033098 0.71055676043033678 0.27611629944294591 0.38806918077170793 0.42805642820894707 0.38730819430202235 1.2473513605073092 1.8348758909851319 0.21747670043259848 0.55284868460148562 0.19190375600010146 0.21296529099345196 0.44078357703983784 1.523446970619261 0.25343855097889889 0.27410986181348562 5.4511914392933249 1.2819435605779288
leaf_count=18 350 78 18 13 21 35 24 12 6 24 12 260 40 15 16 9 28 23 51 117 16 23 10 16 35 128 15 22 456 109
internal_value=-1.34835e-06 0.0345229 0.0130305 -0.00526762 0.0403432 -0.0196573 -0.00357926 0.0548994 0.0646315 0.0622123 0.0619433 0.0618999 0.0622813 0.0618051 -0.0607395 -0.0608225 -0.0610987 -0.0615271 -0.0618478 -0.0606862 -0.0607932 -0.0609433 -0.0605982 -0.0605721 -0.0607139 -0.0605944 -0.0605784 -0.0607339 -0.0605542 -0.0605543
internal_weight=53.0887 33.8487 19.0568 11.4116 7.64519 8.554 6.36422 6.19036 4.7468 14.7919 13.2365 12.6578 2.52151 10.1363 19.24 12.8589 4.24834 2.29684 1.63542 8.61059 3.88714 2.38772 4.72344 6.38106 0.7169 1.9515 4.53154 0.661418 5.66416 1.49942
internal_count=2000 576 207 90 117 72 59 96 84 369 345 333 58 275 1424 901 261 105 60 640 265 140 375 523 51 156 365 45 472 125
is_linear=0
shrinkage=0.08


Tree=124
num_leaves=25
num_cat=0
split_feature=3 6 0 4 6 6 1 0 3 0 2 0 2 1 4 6 1 3 5 2 0 5 1 2
split_gain=9.93093 6.21497 2.182 1.58995 0.908135 1.28791 0.42102 0.211098 0.281428 0.029603 0.0151847 0.00111508 0.000732042 0.00017553 4.55431e-05 4.19301e-05 2.94415e-05 2.90706e-05 4.15827e-05 1.99728e-05 6.013e-06 5.80779e-06 2.76389e-06 1.34263e-06
threshold=15.585168557084573 0.44846936668611254 18.016187737038674 1.0000000180025095e-35 0.25589935902013994 0.27226914037152411 326.63879263033937 15.123107387515953 2.2245239750523376 22.869338957365368 1.0983440818117731 28.744960154998651 1.1458622578706501 327.5931288384366 1.0000000180025095e-35 0.5099582015161821 348.66863608600835 2.2245239750523376 2.2653430050248358 1.1238743592439817 56.63486483070966 0.27676352729205039 323.06013538228206 1.1201643751438064
decision_type=2 2 2 2 2 2 2 2 2 2 2 2 2 2 2 2 2 2 2 2 2 2 2 2
left_child=7 2 12 4 10 -6 -5 8 -1 -9 -4 -8 14 -11 16 19 -2 18 -15 -3 -19 -17 -23 -24
right_child=1 15 3 6 5 -7 11 9 -10 13 -12 -13 -14 17 -16 21 -18 20 -20 -21 -22 22 23 -25
leaf_value=-0.060878018025611172 0.06152121433886662 -0.061686646287835413 0.063903803535870746 0.02380653380539335 -0.048801361778491294 0.028241846185009897 -0.065564986700530362 -0.041749102345812299 0.042924276280204572 -0.061978558625241487 0.076381271930774639 -0.06141617574105622 0.064595507623452328 -0.060616768619247641 0.062171262449989183 -0.060871087316334976 0.062120757470234579 -0.060776489561994711 -0.061041200803413548 -0.060734968017654739 -0.060506198789215933 -0.060756397612642142 -0.060597121433290532 -0.06049382714090492
leaf_weight=0.37034578062593837 11.082854205742475 0.35335862636566062 1.9369894936680823 0.43994081020355169 1.6109287254512299 10.064486808143554 1.0251224320381878 0.54859431833028693 0.30468278378248215 0.69632600340992112 0.92102552950382222 0.69617473427206267 0.54117612168192941 3.6156183192506415 0.80642206221819002 0.41273588687181462 0.5502267852425583 0.59127510990947474 2.4979986557736993 0.2349965451285243 4.8272580225020647 0.39251265395432744 1.2841286025941374 2.1599980257451534
leaf_count=24 348 15 38 5 10 106 13 29 8 26 8 36 7 297 18 27 14 42 139 17 443 26 103 201
internal_value=0.000680722 0.0234068 0.0371138 0.0179853 0.0275058 0.0176117 -0.0460361 -0.057626 -0.0140255 -0.0599295 0.0679248 -0.063887 0.0617152 -0.0607451 0.0615899 -0.0606736 0.0615496 -0.0606706 -0.0607902 -0.0613065 -0.0605357 -0.0605859 -0.0605553 -0.0605323
internal_weight=47.9652 34.5131 29.6753 16.6947 14.5334 11.6754 2.16124 13.4521 0.675029 12.7771 2.85802 1.7213 12.9807 12.2285 12.4395 4.83773 11.6331 11.5322 6.11362 0.588355 5.41853 4.24938 3.83664 3.44413
internal_count=2000 992 603 216 162 116 54 1008 32 976 46 49 387 947 380 389 362 921 436 32 485 357 330 304
is_linear=0
shrinkage=0.08


Tree=125
num_leaves=31
num_cat=0
split_feature=3 6 0 0 1 6 2 2 6 2 2 3 0 2 0 6 3 2 0 4 1 0 3 2 1 0 4 6 1 3
split_gain=9.29558 5.58084 2.76029 1.48106 1.43777 1.31986 0.672565 0.00436129 0.000212773 9.07642e-05 3.92096e-05 1.94398e-05 5.79872e-05 1.81874e-05 1.57364e-05 1.2866e-05 1.23229e-05 7.60011e-06 7.39829e-06 6.36039e-06 6.24587e-06 5.55683e-06 4.81955e-06 3.13842e-06 2.77599e-06 2.28809e-06 2.19036e-06 1.02575e-06 8.14168e-07 6.19366e-07
threshold=15.585168557084573 0.44846936668611254 18.016187737038674 51.953923313740901 326.84336193042981 0.25589935902013994 1.1526424811043825 1.1148229349191017 0.51467215361942853 1.1208297994279526 1.1479305986524475 2.3897939099155585 56.63486483070966 1.1934537697169467 108.81191116301299 0.59086320123563218 0.68670901493829384 1.2841533712357114 87.680024790486399 1.0000000180025095e-35 326.63879263033937 56.63486483070966 3.8130769916734724 1.1376776011247427 392.86290673270179 20.019422080825109 1.0000000180025095e-35 0.43637415851164313 409.59854941339842 2.5332133851342156
decision_type=2 2 2 2 2 2 2 2 2 2 2 2 2 2 2 2 2 2 2 2 2 2 2 2 2 2 2 2 2 2
left_child=11 2 10 4 6 -6 -4 -5 9 -3 26 12 17 18 16 19 -15 28 24 -10 23 22 -13 -17 -14 -22 27 -2 -1 -23
right_child=1 8 3 7 5 -7 -8 -9 15 -11 -12 21 13 14 -16 20 -18 -19 -20 -21 25 29 -24 -25 -26 -27 -28 -29 -30 -31
leaf_value=-0.060483039793477522 -0.060502003188541438 0.063096739577120808 -0.065180071887914817 0.069241547499807737 -0.066603227502062171 0.023819687053012701 0.0098782238480168046 0.06266370207536634 0.061988030534675234 0.061860758390694486 -0.06177145894100345 -0.060475154800588633 -0.060525676351744599 -0.061525406429046595 -0.060607822112709472 0.061857560012987894 -0.06107012727966063 -0.060970165463165069 -0.061056466153458486 0.06162368318929265 0.06168709732906516 -0.060620188783982433 -0.06097215444097822 0.061586606466864716 -0.060874811819824057 0.061514272700930663 -0.060735502274332422 -0.060698852184954716 -0.06066860097774536 -0.060491310068411658
leaf_weight=3.4214313058182588 3.7933003576472433 0.89365926757454761 2.5917755402624638 1.3162101507186883 1.1507618678733695 10.106220513582228 1.0834311246871946 1.2652008961886165 0.65986957401037105 0.66188094951212406 0.16828965768218029 0.20785455498844374 0.64619636721909068 0.57546236738562617 0.31389230955392111 0.56338796392083057 1.1229838225990532 0.22542314417660225 0.32080320548266172 0.57284430414438248 0.51939812488853832 0.25223026052117337 0.3127957908436656 0.53188285790383816 0.18819882068783045 8.7448549177497608 0.29849764890968788 0.1773361638188361 0.1583311529830097 4.4331413935869932
leaf_count=326 350 17 53 15 24 90 6 28 17 18 5 20 58 20 25 15 55 11 18 17 15 20 17 16 11 274 19 13 12 415
internal_value=-0.000422108 0.0204735 -0.00421483 0.0100648 0.00039196 0.0145761 -0.0430533 0.0660176 0.0616923 0.0625708 -0.0605737 -0.0606428 -0.0607301 -0.060983 -0.0611282 0.0615744 -0.0612244 -0.0605196 -0.06073 0.0618187 0.0615453 -0.0605258 -0.0607737 0.061726 -0.0606044 0.061524 -0.0605265 -0.0605108 -0.0604912 -0.0604982
internal_weight=47.2775 35.0988 21.951 17.5136 14.9322 11.257 3.67521 2.58141 13.1478 1.55554 4.43742 12.1787 6.97272 3.16754 2.01234 11.5922 1.69845 3.80519 1.1552 1.23271 10.3595 5.20602 0.52065 1.09527 0.834395 9.26425 4.26913 3.97064 3.57976 4.68537
internal_count=2000 992 603 216 173 114 59 43 389 35 387 1008 536 187 100 354 75 349 87 34 320 472 37 31 69 289 382 363 338 435
is_linear=0
shrinkage=0.08


Tree=126
num_leaves=31
num_cat=0
split_feature=0 3 3 3 3 1 3 0 5 1 1 6 6 2 3 6 1 0 0 6 3 2 2 6 0 4 1 6 2 2
split_gain=11.7163 2.94564 3.2467 1.31428 1.55057 1.39488 0.844479 0.000234051 3.76906e-05 5.39786e-05 5.84285e-05 2.76885e-05 2.27552e-05 1.74465e-05 1.77072e-05 4.05086e-05 2.1131e-05 9.218e-06 6.75706e-06 1.06904e-05 1.31345e-05 8.8667e-06 5.52579e-06 2.19604e-06 1.31675e-06 1.08602e-06 9.63939e-07 8.13537e-07 7.63929e-07 5.62707e-07
threshold=54.781068669324092 15.585168557084573 2.5332133851342156 0.21658386817666178 0.53604335182501794 390.2869832025545 0.40194607887153266 59.042743918427284 0.84435523030874948 338.27831677816749 335.53931384663321 0.37759060652184778 0.45620999431827686 1.2718816477736341 106.61571274570126 0.46048195343148529 412.35448837210396 40.044643190438087 16.134654976476487 0.51467215361942853 7.5676313424853259 1.1238743592439817 1.1458622578706501 0.46975384316758861 60.00706085282372 1.0000000180025095e-35 341.46372117370066 0.43637415851164313 1.1280059144029526 1.2485198405906821
decision_type=2 2 2 2 2 2 2 2 2 2 2 2 2 2 2 2 2 2 2 2 2 2 2 2 2 2 2 2 2 2
left_child=8 2 3 -2 6 -6 -5 -4 18 10 12 -3 17 14 16 -16 -11 -10 22 20 29 -22 25 -13 -25 27 -9 -1 -28 -20
right_child=1 11 7 4 5 -7 -8 26 9 13 -12 23 -14 -15 15 -17 -18 -19 19 -21 21 -23 -24 24 -26 -27 28 -29 -30 -31
leaf_value=-0.060495003960548986 -0.070404629549328551 -0.061234451827918999 0.06292776488636917 0.028336215482331627 -0.015905352123338476 0.039658403015900456 0.11228612454785615 0.061601456055004861 -0.06103925253497898 -0.060502369516569753 -0.062453656296489711 -0.06078258735606646 -0.060555852913525179 -0.061472569451368718 -0.061373652149559463 -0.060483529902421236 -0.061430882585166054 -0.061589746988593534 -0.060472559810272351 -0.060489933220978842 -0.060753384934708561 -0.061095918371556722 -0.060828662925515871 -0.060695007341028617 -0.060498586248747398 -0.06067618541823596 0.06158151895839932 -0.060667633291646726 0.06148364329875098 -0.0606343644706452
leaf_weight=3.7205024315044271 1.2293817847967208 0.50880142953246776 0.77035424299538036 1.6978583699092262 8.4194932570680958 4.4040975756943217 1.3985922075808046 0.49725118093192477 0.3853878779336799 2.3249475182965411 0.23602302465587843 0.25980461481958617 0.37071293033659458 0.19156297482550133 0.6541246837005017 0.65472007542848587 0.16821388714015473 0.39339559525251389 0.72320344764739308 1.3277439130470154 1.4489961871877315 0.72597695142030705 0.38917642086744297 0.26233418192714442 1.3050302881747482 0.24669600464403618 0.53333104029297729 0.18332301825284947 11.853752536699174 0.16986539866775274
leaf_count=345 17 27 15 22 127 53 11 15 24 217 13 16 32 9 29 62 7 18 70 125 104 36 28 18 121 17 16 14 378 14
internal_value=-0.000226482 0.0258987 0.0324667 0.00929149 0.0154458 0.00317731 0.0662544 0.0615732 -0.0607096 -0.0608769 -0.0613072 -0.0607125 -0.0610718 -0.0607276 -0.0606901 -0.0609284 -0.060565 -0.0613173 -0.0606089 -0.0606796 -0.0607617 -0.0608677 -0.0605404 -0.0605672 -0.0605315 -0.0605134 0.0614922 -0.0605031 0.0614879 -0.0605033
internal_weight=47.4547 33.1401 30.8041 17.1494 15.92 12.8236 3.09645 13.6547 14.3146 5.37909 1.38552 2.33597 1.1495 3.99357 3.80201 1.30884 2.49316 0.778783 8.93548 4.39579 3.06804 2.17497 4.5397 1.82717 1.56736 4.15052 12.8843 3.90383 12.3871 0.893069
internal_count=2000 836 654 230 213 180 33 424 1164 411 87 182 74 324 315 91 224 42 753 349 224 140 404 155 139 376 409 359 394 84
is_linear=0
shrinkage=0.08


Tree=127
num_leaves=31
num_cat=0
split_feature=3 0 2 3 2 0 1 1 2 0 2 1 2 1 6 0 1 0 0 0 2 0 2 4 6 0 1 3 0 3
split_gain=15.3242 2.9358 1.3397 1.01595 1.847 0.940808 0.657569 0.471749 0.17336 0.0140376 0.000994463 5.93196e-05 5.22017e-05 8.1256e-05 3.52084e-05 5.11572e-05 0.000123813 5.09652e-05 9.87554e-05 2.93463e-05 2.01354e-05 7.13769e-06 4.39208e-06 1.55387e-06 1.23293e-06 2.65007e-06 1.03124e-06 9.56107e-07 8.88358e-07 6.54758e-07
threshold=2.5332133851342156 56.63486483070966 1.2105893437480453 1.7008071522611827 1.2372683596163445 97.778687723111318 357.01722373613023 399.36789473572895 1.2748323281590366 91.770533876906697 1.2680615046967247 409.59854941339842 1.1201643751438064 354.13886650769234 0.44846936668611254 17.521642935875622 355.1504271551882 39.249053016537339 49.693328717426574 54.781068669324092 1.0967478617798019 56.426088349838089 1.1338134593406353 1.0000000180025095e-35 0.574978740179655 56.426088349838089 348.66863608600835 189.3326619963785 34.311583346145376 14.762725060944607
decision_type=2 2 2 2 2 2 2 2 2 2 2 2 2 2 2 2 2 2 2 2 2 2 2 2 2 2 2 2 2 2
left_child=1 10 5 4 -4 7 -6 9 -5 -3 11 12 13 -1 15 22 17 20 -19 -14 -17 28 23 26 25 27 -2 -16 -18 -23
right_child=14 2 3 8 6 -7 -8 -9 -10 -11 -12 -13 19 -15 24 16 21 18 -20 -21 -22 29 -24 -25 -26 -27 -28 -29 -30 -31
leaf_value=0.062625477259516088 -0.0604987436035411 0.062616054359964701 -0.045920317446247368 -0.026001191567184025 0.076804872276677316 -0.029688971417816502 0.017182720223704987 0.013335473871543796 -0.064691412443909385 0.074335658913447261 0.063982208595218748 0.062560820252312077 0.061558831955437397 0.061642137392748202 -0.060822860244795093 -0.060728379048225874 -0.060908222460387074 -0.062362474608007014 -0.061014804122564881 0.062123640355655409 -0.061216189472047329 -0.060486519140559816 -0.060921166927168757 -0.06070481297233965 -0.060482081666825005 -0.06050237697191025 -0.060690848133286047 -0.060617471649166262 -0.060708651769585349 -0.060622542944852233
leaf_weight=0.88627357780933502 3.7268770979717396 3.7274631969630745 2.5989950783550722 1.5013808570802205 1.7273306399583814 1.0706478087231515 3.762858247384429 1.534410487860441 1.4638303667306898 0.79331719875335682 1.3938948176801194 0.51684475131332952 8.3999914899468386 1.367847718298435 0.24450086243450586 1.0864974255673594 0.28127729799598489 0.60529198870062806 0.81866168696433306 0.63312663137912828 1.0797226820141075 2.699582034721971 0.18308633286505926 0.27464181371033181 3.6332431752234697 1.5088076135143635 0.18785460013896216 0.35663883667439222 0.28984907176345587 0.24722112622112025
leaf_count=18 345 81 18 19 11 19 29 13 13 4 24 12 260 40 15 82 16 17 52 15 49 254 11 18 345 139 14 28 20 19
internal_value=-4.00626e-05 0.0332413 0.0123919 -0.00504397 0.00963965 0.0394405 0.0359411 0.0516636 -0.0451013 0.0646726 0.0619614 0.0617227 0.0616844 0.0620288 -0.060672 -0.0607529 -0.0608854 -0.0612159 -0.0615877 0.0615984 -0.0609715 -0.0605481 -0.0605376 -0.0605209 -0.0605103 -0.060559 -0.060508 -0.060701 -0.0608069 -0.0604979
internal_weight=48.602 31.3782 18.1802 11.0544 8.08918 7.12584 5.49019 6.05519 2.96521 4.52078 13.198 11.8041 11.2872 2.25412 17.2238 11.4806 7.1081 3.59017 1.42395 9.03312 2.16622 3.51793 4.37246 4.18937 5.74319 2.10995 3.91473 0.60114 0.571126 2.9468
internal_count=2000 576 207 90 58 117 40 98 32 85 369 345 333 58 1424 897 509 200 69 275 131 309 388 377 527 182 359 43 36 273
is_linear=0
shrinkage=0.08


Tree=128
num_leaves=29
num_cat=0
split_feature=0 2 1 6 1 5 0 0 2 6 3 3 0 2 6 0 5 6 3 1 1 2 1 3 3 1 1 4
split_gain=8.90722 4.39992 2.08546 1.63095 1.54039 1.21593 1.61594 1.35894 0.810444 0.373511 1.45831 0.302665 0.225355 0.0631231 0.0531278 0.0267465 0.0247691 0.0184406 0.0172204 0.00536225 0.0015518 0.000212122 8.23783e-05 1.60533e-05 1.22045e-05 1.06022e-05 6.8664e-07 6.24123e-07
threshold=39.249053016537339 1.1198308422349739 359.61677906077745 0.46975384316758861 319.55487930598815 0.51403541100734984 24.477566278938472 19.068415520106392 1.163321675848682 0.23715681950512843 33.023932279579107 15.585168557084573 35.551035626978248 1.0738853702820175 0.33065315793440692 42.591046065997908 1.449188936662215 0.26700935874270931 481.73930846113154 321.07802079945117 321.7906015051808 1.1083239780606391 338.27831677816749 1.8057689917160116 1.536222231112139 337.18044834957419 359.18951104156758 1.0000000180025095e-35
decision_type=2 2 2 2 2 2 2 2 2 2 2 2 2 2 2 2 2 2 2 2 2 2 2 2 2 2 2 2
left_child=1 2 3 11 -2 6 7 8 -3 10 23 -1 -13 15 -4 -11 -17 -9 20 -15 -7 -21 -22 24 -6 -5 -25 -27
right_child=4 5 14 25 9 18 -8 17 -10 13 -12 12 -14 19 -16 16 -18 -19 -20 21 22 -23 -24 26 -26 27 -28 -29
leaf_value=-0.0024089012834346141 0.032487073778516111 0.04647729182023172 -0.033639411652885552 -0.061224149666296142 -0.060771909590981554 -0.06590559333431599 0.097830095713741003 -0.084606495198731008 -0.061542870087049853 -0.10045781087798326 0.078518896730022755 0.05667295942114689 0.088388753507747941 -0.071991080218822265 -0.072500859534843254 -0.090679396894410694 -0.060594204006424263 -0.065281804152629755 -0.081136058801689587 -0.061790509976445758 -0.061886371325458732 -0.060643717809136771 -0.060631717815970217 -0.060596203655419879 -0.061461439782009013 -0.060709060369381805 -0.060440676975010543 -0.060521701899192114
leaf_weight=0.52112628147007356 1.3688197098672379 1.8385881334543213 0.31902014091610797 0.3162250118330111 0.87471709493547656 0.48542310111224729 0.90280609671026457 0.3958644215017556 0.5862656533718108 0.33206373825669178 0.61482894420623768 16.478434206917886 1.5704732351005066 0.28091466147452493 0.76512984838336706 0.2984829843044281 0.4238285981118679 1.5670914258807895 0.33415882010012854 1.172549758106469 0.41910317819565568 8.6289024399593455 1.6674679815769193 0.22632293216884114 0.20227344892919064 0.24395705386996269 0.92096405476331711 0.2132631316781044
leaf_count=16 29 43 10 15 64 10 13 6 35 2 4 441 10 3 29 1 38 59 7 64 25 763 153 19 9 17 96 19
internal_value=0.000673602 0.0270368 0.0469049 0.0529564 -0.0485051 -0.0224777 0.000358838 -0.0196962 0.0203609 -0.0564376 -0.0305352 0.0576972 0.0594326 -0.0630409 -0.0610656 -0.0816656 -0.0730264 -0.069179 -0.0640512 -0.0610932 -0.0618315 -0.0607809 -0.0608837 -0.0606796 -0.0609014 -0.060868 -0.0604714 -0.0606217
internal_weight=43.9691 28.6244 20.4276 19.3435 15.3447 8.19677 5.29062 4.38781 2.42485 13.9758 2.83911 18.57 18.0489 11.1367 1.08415 1.05438 0.722312 1.96296 2.90615 10.0824 2.57199 9.80145 2.08657 2.22428 1.07699 0.773445 1.14729 0.45722
internal_count=2000 908 557 518 1092 351 156 143 78 1063 192 467 451 871 39 41 39 65 195 830 188 827 178 188 73 51 115 36
is_linear=0
shrinkage=0.08


Tree=129
num_leaves=31
num_cat=0
split_feature=3 6 0 0 1 6 2 1 2 6 2 2 3 0 2 0 3 6 0 2 4 1 0 3 1 2 0 4 6 3
split_gain=8.25559 4.97389 2.45283 1.3593 1.26652 1.13478 0.642149 0.00434045 0.000189377 0.000148886 6.34025e-05 2.75884e-05 1.66583e-05 4.94127e-05 1.50999e-05 1.21943e-05 9.1371e-06 8.98177e-06 6.10509e-06 5.33713e-06 4.43882e-06 4.34894e-06 4.32018e-06 3.69766e-06 2.40938e-06 2.18749e-06 1.59106e-06 1.52805e-06 7.25344e-07 6.34394e-07
threshold=15.585168557084573 0.44846936668611254 18.016187737038674 51.953923313740901 326.84336193042981 0.25589935902013994 1.1526424811043825 340.97206503135709 1.1347126309585029 0.51467215361942853 1.1208297994279526 1.1479305986524475 2.3897939099155585 56.63486483070966 1.1934537697169467 108.81191116301299 0.68670901493829384 0.59086320123563218 87.680024790486399 1.2841533712357114 1.0000000180025095e-35 326.63879263033937 56.63486483070966 3.8130769916734724 392.86290673270179 1.1376776011247427 20.019422080825109 1.0000000180025095e-35 0.43637415851164313 2.5332133851342156
decision_type=2 2 2 2 2 2 2 2 2 2 2 2 2 2 2 2 2 2 2 2 2 2 2 2 2 2 2 2 2 2
left_child=12 2 11 4 6 -6 -4 -5 -9 10 -3 27 13 19 18 16 -16 20 24 -1 -11 25 23 -14 -15 -19 -23 28 -2 -24
right_child=1 9 3 7 5 -7 -8 8 -10 17 -12 -13 22 14 15 -17 -18 21 -20 -21 -22 26 29 -25 -26 -27 -28 -29 -30 -31
leaf_value=-0.060435695339151572 -0.060445217601724041 0.062740711991911544 -0.06481563134564651 0.069793506524051585 -0.06592963899252624 0.022090359698932967 0.0095613552747962904 0.063654335110714874 0.061777235632757554 0.061759612715045042 0.061646880354682729 -0.061572554538276321 -0.060421360576210316 -0.060465907333420298 -0.06140445846966678 -0.060572339451024027 -0.060997170748553348 0.061643895811407882 -0.060975090504415193 -0.060861044264513754 0.061437118830146895 0.061493060393860842 -0.06057254787881599 -0.060881691905485542 -0.060806182541882199 0.061404189406024247 0.061340334527494995 -0.060652116934650585 -0.060620730312726419 -0.060435705805683422
leaf_weight=3.1803213600069271 3.3701809849590103 0.7983892187476147 2.3939235922880502 0.97409803420305197 1.0356398848816741 9.8830626048147661 1.077207416296005 0.7926558982580898 0.60769053176045418 0.58809430524706729 0.5895986333489418 0.15017658285796631 0.18465022929012764 0.57366492692381166 0.53211736865341652 0.29265418602153648 1.0444728368893264 0.50191261619329353 0.29430209845304489 0.20071321167051781 0.51005824469029903 0.46249594353139212 0.22945156786590803 0.28258979879319668 0.17343942355364561 0.47351418063044548 7.7841917332261801 0.26539256330579508 0.15775158815085877 3.9385780189186335
leaf_count=338 350 17 53 11 24 90 6 15 17 17 18 5 20 58 20 25 55 15 18 11 17 15 20 17 11 16 274 19 13 415
internal_value=-0.0004481 0.0198229 -0.00374051 0.0096133 0.000359764 0.0137417 -0.041734 0.0656925 0.0628398 0.0614982 0.0622761 -0.0605091 -0.0605842 -0.060669 -0.0609106 -0.0610466 -0.0611346 0.0613935 -0.0606665 -0.0604609 0.0616098 0.0613678 -0.0604691 -0.0606998 -0.0605449 0.0615275 0.0613489 -0.060467 -0.0604531 -0.0604432
internal_weight=43.343 32.416 20.7078 16.7643 14.3898 10.9187 3.47113 2.37444 1.40035 11.7083 1.38799 3.9435 10.927 6.29169 2.91065 1.86924 1.57659 10.3203 1.04141 3.38103 1.09815 9.22211 4.63527 0.46724 0.747104 0.975427 8.24669 3.79333 3.52793 4.16803
internal_count=2000 992 603 216 173 114 59 43 32 389 35 387 1008 536 187 100 75 354 87 349 34 320 472 37 69 31 289 382 363 435
is_linear=0
shrinkage=0.08


Tree=130
num_leaves=31
num_cat=0
split_feature=0 3 3 3 3 2 3 0 5 1 3 6 3 6 5 6 0 6 3 2 2 6 0 6 4 1 2 6 6 2
split_gain=10.348 2.53981 3.034 1.15722 1.36302 1.23787 0.710878 0.000163594 2.93838e-05 4.38357e-05 4.44028e-05 1.95138e-05 1.34492e-05 2.5584e-05 1.26953e-05 1.14071e-05 6.16339e-06 9.20295e-06 9.68902e-06 7.60027e-06 3.88177e-06 2.68824e-06 1.52709e-06 8.09739e-07 7.56029e-07 6.68017e-07 6.53552e-07 6.40612e-07 5.74087e-07 5.73022e-07
threshold=54.781068669324092 15.585168557084573 2.5332133851342156 0.21658386817666178 0.53604335182501794 1.3146614766206868 0.40194607887153266 59.042743918427284 0.84435523030874948 338.27831677816749 46.013147317770041 0.37759060652184778 1.9294879612613813 0.47230325383659222 1.4959415262618851 0.44846936668611254 16.134654976476487 0.45066514543519792 7.5676313424853259 1.1238743592439817 1.1458622578706501 0.47230325383659222 60.51869916191081 0.59625385522322172 1.0000000180025095e-35 341.46372117370066 1.2550251412838891 0.57945119337339823 0.43637415851164313 1.1135905842015423
decision_type=2 2 2 2 2 2 2 2 2 2 2 2 2 2 2 2 2 2 2 2 2 2 2 2 2 2 2 2 2 2
left_child=8 2 3 -2 6 -6 -5 -4 16 10 -10 -3 21 14 -14 -12 20 18 -18 -20 24 26 -13 29 28 -9 -11 -24 -1 -19
right_child=1 11 7 4 5 -7 -8 25 9 12 15 22 13 -15 -16 -17 17 23 19 -21 -22 -23 27 -25 -26 -27 -28 -29 -30 -31
leaf_value=-0.060439238716815766 -0.068727193359795949 -0.06109688671276569 0.062590842563036889 0.027060697930802381 -0.0066964811347384893 0.069736038073865136 0.10439416578588535 0.061417229915387228 -0.061866826307769504 -0.06042251930821825 -0.061095776594808186 -0.060653086073576334 -0.06121015894898791 -0.060436587497652863 -0.06066212438949916 -0.06048357024004717 -0.06045195786926278 -0.060649550550167415 -0.060689612531932821 -0.061031934987102139 -0.060735792522477405 -0.060744386675802529 -0.060560245377248516 -0.060422481263667852 -0.060599623998141519 0.061316996440651243 -0.060605670480563437 -0.060429864540384653 -0.060593003202515539 -0.060463576758487368
leaf_weight=3.3068933058530083 1.1463780887425041 0.45222586765885298 0.68811493553221126 1.6673867367207997 10.90951412823051 1.548627272248267 1.3990754820406435 0.44262490794062515 0.42839453462511279 1.2305881660431626 0.51307724509388208 0.34112142864614714 0.80082339514046885 0.77648813556879748 0.40853150654584169 0.31399134919047356 0.66558976657688695 0.20564063917845476 1.1968116266652939 0.6354912994429468 0.34604891203343857 0.21659647859632958 0.32212872616946675 1.0363696543499825 0.21930358558893193 11.025694584473966 0.13875208422541607 0.95980887953191996 0.16306076105684031 0.21891292184591293
leaf_count=345 17 27 15 22 164 16 11 15 27 133 29 25 44 82 36 31 70 16 96 33 28 17 28 112 17 394 12 102 14 22
internal_value=-0.000222151 0.0248463 0.0309998 0.00883742 0.014565 0.00280457 0.0623441 0.0613928 -0.0606433 -0.0607991 -0.0612058 -0.0606321 -0.0606562 -0.0607949 -0.061025 -0.0608634 -0.0605492 -0.0606201 -0.0607134 -0.0608083 -0.0604796 -0.0604825 -0.0605027 -0.0604606 -0.0604556 0.0613209 -0.0604411 -0.0604626 -0.0604465 -0.0605537
internal_weight=43.7241 30.9027 28.8274 16.671 15.5246 12.4581 3.06646 12.1564 12.8214 4.82724 1.25546 2.07528 3.57178 1.98584 1.20935 0.827069 7.99412 3.95882 2.49789 1.8323 4.03531 1.58594 1.62306 1.46092 3.68926 11.4683 1.36934 1.28194 3.46995 0.424554
internal_count=2000 836 654 230 213 180 33 424 1164 411 87 182 324 162 80 60 753 349 199 129 404 162 155 150 376 409 145 130 359 38
is_linear=0
shrinkage=0.08


Tree=131
num_leaves=31
num_cat=0
split_feature=3 0 2 1 3 2 0 1 2 1 1 2 1 6 0 1 0 5 0 2 0 2 4 6 0 0 1 3 3 3
split_gain=13.4775 2.76958 1.23239 0.93776 0.638386 1.19657 0.5754 0.00147772 0.000802926 0.000113726 4.07518e-05 3.80153e-05 5.99852e-05 2.85682e-05 4.17866e-05 9.78369e-05 3.66436e-05 0.000115397 2.45855e-05 1.56099e-05 5.93925e-06 3.09092e-06 1.08232e-06 8.6658e-07 1.8672e-06 7.41957e-07 7.25047e-07 6.75022e-07 4.38186e-07 2.81534e-07
threshold=2.5332133851342156 56.63486483070966 1.1926608832659651 395.39666799617652 1.7008071522611827 1.2372683596163445 87.680024790486399 396.99533052395395 1.2680615046967247 374.57593190940133 409.59854941339842 1.1201643751438064 354.13886650769234 0.44846936668611254 17.521642935875622 355.1504271551882 39.249053016537339 1.4770226715145454 54.781068669324092 1.0967478617798019 56.426088349838089 1.1338134593406353 1.0000000180025095e-35 0.574978740179655 56.426088349838089 34.311583346145376 348.66863608600835 189.3326619963785 14.762725060944607 201.24777680772726
decision_type=2 2 2 2 2 2 2 2 2 2 2 2 2 2 2 2 2 2 2 2 2 2 2 2 2 2 2 2 2 2
left_child=1 8 6 4 5 -4 7 9 10 -3 11 12 -1 14 21 16 19 -18 -13 -16 25 22 26 24 27 -17 -2 -15 -22 -26
right_child=13 2 3 -5 -6 -7 -8 -9 -10 -11 -12 18 -14 23 15 20 17 -19 -20 -21 28 -23 -24 -25 29 -27 -28 -29 -30 -31
leaf_value=0.062347970213128871 -0.060442605836172822 0.06172710455979484 -0.02028555658810486 -0.055113679805303191 -0.026537506692136729 0.043090646937319489 0.0041810306219684434 0.065988434974543056 0.063663860632497724 0.062813024601826528 0.062266850111042757 0.061381312052218071 0.061455665499168158 -0.060730837423933925 -0.060675561062530442 -0.060832921745983787 -0.062943842008791592 -0.061064292296945662 0.061923903890157041 -0.061123847955015846 -0.060431452175480634 -0.060818272510752787 -0.060625038494198008 -0.060427548698197997 -0.060432538748976063 -0.060642301493214951 -0.060613440449989835 -0.060547860810428546 -0.060549683751233374 -0.060549114868435394
leaf_weight=0.79738516546785954 3.3126843096688385 1.6881072074174914 3.1154988314956409 1.8059919732622791 2.6888336935080579 4.9137904066592455 1.5278229368850587 0.83115182816982258 1.2658778801560391 0.97297661006450642 0.46117170527577478 7.4831170830875617 1.2197057902812956 0.21760947816073795 0.99160082591697596 0.25887271668762002 0.26273737009614695 1.0232354262843726 0.57556484267115582 0.99692319240421057 2.3983829021453862 0.16287577338516701 0.24419147800654162 3.2280427059158683 1.1912842597812412 0.26390969846397638 0.16701520700007666 0.31701169908046722 0.21893189474940289 0.14918827358633269
leaf_count=18 345 48 25 28 27 30 19 9 24 21 12 260 40 15 82 16 6 63 15 49 254 11 18 345 126 20 14 28 19 13
internal_value=-1.07778e-05 0.031797 0.0116392 -0.00178464 0.00720125 0.0184996 0.0451293 0.0630439 0.0617602 0.0621242 0.0615315 0.0614978 0.0618084 -0.0606075 -0.0606841 -0.0608096 -0.0611155 -0.0614483 0.0614201 -0.0609003 -0.0604905 -0.0604772 -0.0604622 -0.0604527 -0.0604959 -0.0607367 -0.0604508 -0.0606223 -0.0604413 -0.0604455
internal_weight=44.7515 29.347 17.5442 12.5241 10.7181 8.02929 5.02006 3.49224 11.8028 2.66108 10.5369 10.0758 2.01709 15.4045 10.3014 6.41459 3.2745 1.28597 8.05868 1.98852 3.1401 3.88677 3.72389 5.10314 1.87509 0.522782 3.4797 0.534621 2.61731 1.34047
internal_count=2000 576 207 110 82 55 97 78 369 69 345 333 58 1424 897 509 200 69 275 131 309 388 377 527 182 36 359 43 273 139
is_linear=0
shrinkage=0.08


Tree=132
num_leaves=30
num_cat=0
split_feature=0 2 1 1 6 5 0 0 2 6 3 3 3 6 2 0 0 6 3 1 1 1 2 1 3 5 1 1 4
split_gain=7.87518 3.90647 1.8775 1.44256 1.42766 1.10988 1.4816 1.2086 0.708042 0.337059 1.29358 0.322646 0.223786 0.0527144 0.0512929 0.0197947 0.0187779 0.0146586 0.0136375 0.0120743 0.00328493 0.00128003 0.000160209 7.29508e-05 1.33157e-05 9.07452e-06 7.42711e-06 4.75847e-07 4.36154e-07
threshold=39.249053016537339 1.1198308422349739 359.61677906077745 319.55487930598815 0.46975384316758861 0.51403541100734984 24.477566278938472 19.068415520106392 1.163321675848682 0.23715681950512843 33.023932279579107 11.148315406880654 374.63562815292897 0.32734032521914824 1.0738853702820175 42.591046065997908 43.722385751282168 0.26700935874270931 481.73930846113154 382.26371704040969 322.12271861940945 321.7906015051808 1.1083239780606391 336.87912795007384 1.8057689917160116 2.652664168401587 337.18044834957419 359.18951104156758 1.0000000180025095e-35
decision_type=2 2 2 2 2 2 2 2 2 2 2 2 2 2 2 2 2 2 2 2 2 2 2 2 2 2 2 2 2
left_child=1 2 4 -2 11 6 7 8 -3 10 24 -1 -13 -4 15 -11 -17 -9 21 -15 -16 -7 -22 -23 25 -5 -6 -26 -28
right_child=3 5 13 9 26 18 -8 17 -10 14 -12 12 -14 19 20 16 -18 -19 -20 -21 22 23 -24 -25 27 -27 28 -29 -30
leaf_value=-0.011723754060430878 0.031169809162552554 0.044611868185115859 -0.031140756657071889 -0.060622250007207584 -0.061085859376677258 -0.065560806768982766 0.093802127595217388 -0.082754238425691504 -0.061433751451664714 -0.096416299498314664 0.076388466401688504 0.064095177698497402 0.042845729695779572 -0.061349116014908056 -0.069253966358284721 -0.087664314613773733 -0.060527078516655224 -0.064974667765550886 -0.079464309830515584 -0.082082282726946842 -0.06164564464363384 -0.061850264094692971 -0.060585757151959782 -0.060575481594010369 -0.060528692963451654 -0.061115192156909741 -0.060628649029808711 -0.060391351061989187 -0.06046248854475908
leaf_weight=0.42851598374546895 1.3351283548399795 1.6930675739422434 0.28635625075548776 0.56303137401118819 0.28145097941160102 0.45190256647765714 0.89096385147422541 0.3738289102911948 0.52880958653986443 0.32348747178912063 0.56592082604765881 12.239490263164045 4.2814293019473544 0.3591027595102787 0.29783622454851766 0.28798127174377441 0.37659885687753558 1.4398469626903532 0.31553732231259335 0.35996523033827543 1.0348687586374561 0.3544072750955819 7.7342050988227129 1.5173352030105887 0.20108418632298686 0.4153050109744072 0.2168328519910574 0.8191437553614378 0.18942829314619303
leaf_count=14 29 43 9 51 15 10 13 6 35 2 4 336 117 23 6 1 38 59 7 7 63 23 761 155 19 22 17 96 19
internal_value=0.000639257 0.0264885 0.0461644 -0.0479084 0.052226 -0.0219947 0.000432141 -0.020182 0.0193729 -0.0562748 -0.030386 0.0568107 0.0585883 -0.0601684 -0.0628777 -0.0801864 -0.0722864 -0.0686393 -0.0638586 -0.0717281 -0.0609915 -0.0617395 -0.0607108 -0.0608169 -0.0606206 -0.0608315 -0.06077 -0.0604184 -0.0605512
internal_weight=40.1629 26.2083 18.6426 13.9546 17.6371 7.5657 4.92652 4.03555 2.22188 12.6195 2.56449 16.9494 16.5209 1.00542 10.055 0.988068 0.66458 1.81368 2.63918 0.719068 9.06691 2.32365 8.76907 1.87174 1.99856 0.978336 0.687712 1.02023 0.406261
internal_count=2000 908 557 1092 518 351 156 143 78 1063 192 467 453 39 871 41 39 65 195 30 830 188 824 178 188 73 51 115 36
is_linear=0
shrinkage=0.08


Tree=133
num_leaves=31
num_cat=0
split_feature=3 6 0 0 1 6 2 1 2 6 2 2 3 0 2 0 3 6 0 2 1 0 4 3 1 2 0 4 3 1
split_gain=7.34668 4.44931 2.18793 1.2034 1.13426 1.08171 0.558001 0.00312723 0.000133329 0.000107018 4.3038e-05 2.05152e-05 1.42987e-05 4.22682e-05 1.25187e-05 9.68929e-06 6.56029e-06 5.98732e-06 5.68056e-06 3.73861e-06 3.59009e-06 3.2968e-06 3.09947e-06 2.79702e-06 1.70571e-06 1.60433e-06 1.33225e-06 1.08452e-06 7.67636e-07 6.74165e-07
threshold=15.585168557084573 0.44846936668611254 18.016187737038674 51.953923313740901 326.84336193042981 0.38946620589548853 1.1526424811043825 340.97206503135709 1.1347126309585029 0.51467215361942853 1.1208297994279526 1.1479305986524475 2.3897939099155585 56.63486483070966 1.1934537697169467 108.81191116301299 0.68670901493829384 0.59086320123563218 87.680024790486399 1.2841533712357114 326.63879263033937 56.63486483070966 1.0000000180025095e-35 3.8130769916734724 392.86290673270179 1.1376776011247427 20.019422080825109 1.0000000180025095e-35 2.5332133851342156 348.66863608600835
decision_type=2 2 2 2 2 2 2 2 2 2 2 2 2 2 2 2 2 2 2 2 2 2 2 2 2 2 2 2 2 2
left_child=12 2 11 4 6 -6 -4 -5 -9 10 -3 27 13 19 18 16 -16 22 24 -1 25 23 -11 -14 -15 -19 -22 29 -23 -2
right_child=1 9 3 7 5 -7 -8 8 -10 17 -12 -13 21 14 15 -17 -18 20 -20 -21 26 28 -24 -25 -26 -27 -28 -29 -30 -31
leaf_value=-0.060386419195263052 -0.060396937258143171 0.062431974073060247 -0.064350917653824016 0.068732986762037485 0.031747997519009169 -0.022588371395515981 0.007024224274309254 0.063240095416259828 0.0615727007992216 0.061556712477170594 0.061479993025900792 -0.06141938680251692 -0.060373678621108547 -0.060413033399363616 -0.061291549482289605 -0.060533620520208838 -0.060933733469238006 0.06147208799867971 -0.06091533981297733 -0.06076386927585025 0.061335623745456154 -0.060542496920930534 0.061270988257788796 -0.06079665111508338 -0.060716607490374983 0.06125569296945356 0.06118800268932887 -0.060582538950518947 -0.060386399376574418 -0.060570120814934701
leaf_weight=2.8248416646383689 3.0013382975012139 0.71529418230056652 2.1596985170617695 0.88506512716412489 6.8946473989635688 3.5532757006585598 1.037885434925556 0.70904478058218934 0.54117973148822784 0.52345824800431628 0.52848800458014011 0.1360969804227351 0.16401351895183314 0.5093325907364491 0.49361776188015916 0.27143542934209097 0.97698523942381144 0.45363405160605719 0.27627893211320043 0.17856289632618416 0.41466351598501194 0.21395514253526959 0.45348169654607773 0.25659666862338781 0.15435406938195229 0.42441618256270885 6.9330380726605654 0.23742849938571442 3.4985088212415576 0.15110012516379345
leaf_count=338 349 17 53 11 83 31 6 15 17 17 18 5 20 58 20 25 55 15 18 11 15 20 17 17 11 16 274 19 415 14
internal_value=-0.000527598 0.0192739 -0.00348227 0.00924766 0.000508614 0.0132685 -0.0411837 0.0650943 0.0625183 0.061331 0.0620275 -0.0604563 -0.0605327 -0.060615 -0.0608458 -0.0609728 -0.0610538 0.0612368 -0.0606105 -0.0604089 0.0612146 -0.0604194 0.0614241 -0.0606317 -0.0604836 0.0613675 0.0611963 -0.0604177 -0.0603954 -0.0604052
internal_weight=39.5717 29.7532 19.3068 15.7808 13.6455 10.4479 3.19758 2.13529 1.25022 10.4465 1.24378 3.52596 9.81848 5.68541 2.682 1.74204 1.4706 9.20269 0.939966 3.0034 8.22575 4.13307 0.97694 0.42061 0.663687 0.87805 7.3477 3.38987 3.71246 3.15244
internal_count=2000 992 603 216 173 114 59 43 32 389 35 387 1008 536 187 100 75 354 87 349 320 472 34 37 69 31 289 382 435 363
is_linear=0
shrinkage=0.08


Tree=134
num_leaves=31
num_cat=0
split_feature=0 3 3 1 6 0 5 3 1 1 0 6 0 3 3 5 1 3 6 3 6 6 0 6 3 2 6 2 6 6
split_gain=9.16687 2.01963 2.49304 1.06501 0.692747 0.688941 0.809786 0.79481 0.66696 1.35076 0.647466 0.51537 0.334839 0.366696 0.292489 2.33756e-05 3.66488e-05 3.70161e-05 1.56847e-05 1.06851e-05 1.97713e-05 9.14982e-06 5.1761e-06 7.74295e-06 8.01595e-06 2.80749e-06 1.88782e-06 1.77441e-06 6.47234e-07 5.71739e-07
threshold=56.63486483070966 15.585168557084573 1.7008071522611827 373.00248079461431 0.23018539346260294 69.345801954542495 2.7388379375670806 2.7297844377920284 357.42682075213031 339.87900387585006 69.894273475100178 0.42724856966350233 54.781068669324092 3.8130769916734724 2.0040905744430404 0.84435523030874948 338.27831677816749 46.013147317770041 0.37759060652184778 1.9294879612613813 0.47230325383659222 0.44846936668611254 16.134654976476487 0.45066514543519792 7.5676313424853259 1.1458622578706501 0.47230325383659222 1.2142810118747489 0.48632166333064913 0.59625385522322172
decision_type=2 2 2 2 2 2 2 2 2 2 2 2 2 2 2 2 2 2 2 2 2 2 2 2 2 2 2 2 2 2
left_child=12 2 3 8 -5 7 -7 11 9 -2 -6 -4 15 -14 -8 22 17 -17 -3 26 -21 -19 25 24 -24 -1 -18 -9 -20 -25
right_child=1 18 5 4 10 6 14 27 -10 -11 -12 -13 13 -15 -16 16 19 21 28 20 -22 -23 23 29 -26 -27 -28 -29 -30 -31
leaf_value=-0.060406743363482944 -0.073421399837414816 -0.061010362292851679 -0.064473746319027747 -0.020585781336695683 0.0082302488171979663 0.18704670081542285 0.0065177555064309398 0.061358163209999733 -0.065070237246049892 0.044658459127443172 0.066565888523343608 0.027948418927443066 -0.062610595305762143 0.023675112201628636 0.060647281997516664 -0.061753236061048232 -0.060391095767981497 -0.061008438741967846 -0.060551663235578784 -0.060934055155323338 -0.060387200629625257 -0.060428844220857009 -0.060400779159292484 -0.060491591058432305 -0.060743642605706596 -0.060658921595795987 -0.060660666278803323 0.061162777775252052 -0.060396125627790578 -0.060374672009481149
leaf_weight=3.297405966557561 1.0251343129202779 0.37575224414467712 0.83317850437015228 1.7496635150164364 2.3783268863335252 0.31722375005483527 0.67825501691549916 0.42490185052156426 1.8305998183786867 1.5689434651285408 2.4951474294066429 0.71968439780175686 0.59906429518014082 0.66526551730930805 11.005909409373997 0.39011398237198569 1.2161641344428065 0.46474836859852076 0.20442429184913624 1.0946842520497737 0.68972843978553999 0.27894621714949608 0.59119601733982641 0.37742007151246049 1.6668135835789142 0.30902062449604262 0.19259250909090031 0.9919216800481081 1.0543647147715089 0.92054900107905269
leaf_count=376 15 25 22 21 24 3 9 15 23 19 31 10 23 25 390 27 145 29 18 80 82 31 70 38 129 28 17 40 123 112
internal_value=-0.000176179 0.0257009 0.0311197 0.00229276 0.0225947 0.0523924 0.0609292 0.0178927 -0.0280965 -0.00200464 0.0380972 -0.0216401 -0.0562845 -0.0172088 0.0575051 -0.0605846 -0.0607314 -0.0611221 -0.0605568 -0.0605927 -0.0607227 -0.060791 -0.0604959 -0.0605644 -0.0606539 -0.0604284 -0.0604279 0.0612214 -0.0604214 -0.0604087
internal_weight=40.4071 27.6534 26.0189 11.0478 6.62314 14.9711 12.0014 2.96969 4.42468 2.59408 4.87347 1.55286 12.7537 1.26433 11.6842 11.4894 4.32698 1.13381 1.63454 3.19317 1.78441 0.743695 7.16241 3.55598 2.25801 3.60643 1.40876 1.41682 1.25879 1.29797
internal_count=2000 788 622 133 76 489 402 87 57 34 55 32 1212 48 399 1164 411 87 166 324 162 60 753 349 199 404 162 55 141 150
is_linear=0
shrinkage=0.08


Tree=135
num_leaves=31
num_cat=0
split_feature=3 0 6 2 3 3 0 1 2 1 2 1 6 0 1 0 0 0 2 0 2 4 1 5 6 0 3 3 3 0
split_gain=11.8645 2.61173 1.14819 1.23202 0.912815 1.60958 0.602352 0.105826 0.000629812 2.76064e-05 3.08295e-05 4.78332e-05 2.34602e-05 3.34982e-05 7.76082e-05 2.92783e-05 9.51004e-05 2.05834e-05 1.34088e-05 5.01622e-06 2.46319e-06 7.53515e-07 6.88008e-07 6.40105e-07 6.08221e-07 1.31316e-06 4.76801e-07 3.04802e-07 1.96527e-07 8.72695e-09
threshold=2.5332133851342156 56.63486483070966 0.49916096403617743 1.2105893437480453 1.7008071522611827 0.53604335182501794 96.117585973511112 403.36149432024484 1.2680615046967247 409.59854941339842 1.1201643751438064 354.13886650769234 0.44846936668611254 17.521642935875622 355.1504271551882 39.249053016537339 44.645599045357464 54.781068669324092 1.0967478617798019 56.426088349838089 1.1347126309585029 1.0000000180025095e-35 348.66863608600835 1.223217744788706 0.574978740179655 56.426088349838089 189.3326619963785 14.762725060944607 201.24777680772726 68.246074016076761
decision_type=2 2 2 2 2 2 2 2 2 2 2 2 2 2 2 2 2 2 2 2 2 2 2 2 2 2 2 2 2 2
left_child=1 8 3 6 5 -5 7 -3 9 10 11 -1 13 20 15 18 -17 -12 -15 23 21 22 -2 -16 25 26 -14 -21 29 -27
right_child=12 2 -4 4 -6 -7 -8 -9 -10 -11 17 -13 24 14 19 16 -18 -19 -20 27 -22 -23 -24 -25 -26 28 -28 -29 -30 -31
leaf_value=0.062134756696308815 -0.06039531543217376 0.063839366747244358 -0.063590411398313521 -0.039678590769778296 -0.041142037878765046 0.040153789663891118 -0.00761555407959052 0.033005727608540605 0.063351706051904474 0.062007309088208971 0.061224714898073476 0.06129666888721632 -0.060649022065272784 -0.060602565843891697 -0.060749565990549793 -0.062732952264626746 -0.060964784072875013 0.061745208506712251 -0.061038956216812421 -0.060382623818394043 -0.060759596244045526 -0.060557537164444425 -0.060570202772484677 -0.06056003832894586 -0.060379170059430547 -0.060402205834392417 -0.060485940059895785 -0.060487260323342514 -0.060486912673021954 -0.060380740162479025
leaf_weight=0.7258546445518731 2.9703324213623996 3.8832320626825121 1.2273209472186852 2.4029243979603034 2.5997379245236516 4.9377928506582975 1.0955596864223478 0.87245653569698323 1.1471408959478129 0.41125862486660558 6.666672108694911 1.0908484011888502 0.19359684083610673 0.88506239373236917 0.29227227345109019 0.24695639032870509 0.91961757093667984 0.52451426163315762 0.91806543525308371 2.1303820256143813 0.13728804793208826 0.21828388515859831 0.15129799023270596 0.18702773842960596 2.8673399798572063 0.13964300975203492 0.28167626820504665 0.19442912191152562 0.13253046665340651 0.91849393211305141
leaf_count=18 346 86 21 13 27 38 14 8 24 12 260 40 15 82 20 6 63 15 49 254 10 18 14 16 345 16 28 19 13 110
internal_value=5.61396e-05 0.0303411 0.0109453 0.0167381 -0.000405623 0.0140213 0.045863 0.0581828 0.0615819 0.0613663 0.0613371 0.0616315 -0.0605506 -0.0606237 -0.0607418 -0.0610268 -0.0613391 0.0612627 -0.0608248 -0.06044 -0.0604275 -0.0604138 -0.0604038 -0.0606756 -0.0604015 -0.0604399 -0.0605524 -0.0603914 -0.0603951 -0.0603836
internal_weight=41.3696 27.5853 17.019 15.7917 9.94046 7.34072 5.85125 4.75569 10.5663 9.41915 9.00789 1.8167 13.7843 9.25102 5.77381 2.9697 1.16657 7.19119 1.80313 2.80411 3.4772 3.33991 3.12163 0.4793 4.53328 1.66594 0.475273 2.32481 1.19067 1.05814
internal_count=2000 576 207 186 78 51 108 94 369 345 333 58 1424 897 509 200 69 275 131 309 388 378 360 36 527 182 43 273 139 126
is_linear=0
shrinkage=0.08


Tree=136
num_leaves=30
num_cat=0
split_feature=3 6 0 4 6 6 1 0 3 3 0 2 1 3 5 1 4 6 1 2 2 2 5 0 3 1 3 2 0
split_gain=7.01213 4.17835 1.78644 1.24136 0.711529 1.36021 0.308353 0.173872 0.458707 0.0318876 0.000798772 0.000282445 0.000134531 2.43386e-05 2.07422e-05 1.68965e-05 1.68765e-05 1.58539e-05 1.57099e-05 1.5111e-05 8.41183e-06 6.18969e-06 2.23181e-06 2.17949e-06 2.26025e-06 1.5082e-06 1.35215e-06 3.81918e-07 9.75636e-08
threshold=15.585168557084573 0.44846936668611254 18.016187737038674 1.0000000180025095e-35 0.25891514424036299 0.28225137988555921 326.63879263033937 22.869338957365368 6.5004226825522613 355.28060825709025 28.744960154998651 1.1458622578706501 315.60434127791819 2.2245239750523376 2.2653430050248358 348.66863608600835 1.0000000180025095e-35 0.5099582015161821 334.95325337329319 1.148769487542596 1.1759680419485112 1.1251308774407247 0.27676352729205039 56.63486483070966 3.8130769916734724 323.06013538228206 2.4831794721981351 1.1280059144029526 11.757604051844337
decision_type=2 2 2 2 2 2 2 2 2 2 2 2 2 2 2 2 2 2 2 2 2 2 2 2 2 2 2 2 2
left_child=7 2 11 4 9 -6 -5 8 19 -4 -8 15 -9 14 18 16 -2 21 -14 -1 -16 -3 -19 24 -15 -24 -25 -27 -21
right_child=1 17 3 6 5 -7 10 12 -10 -11 -12 -13 13 23 20 -17 -18 22 -20 28 -22 -23 25 26 -26 27 -28 -29 -30
leaf_value=-0.06125647735341349 0.06106544985883651 -0.061168305159164604 0.06841490561658034 0.020718990288013828 -0.048456371018287536 0.02907392972348443 -0.065023788082298556 -0.062436432799915627 0.062036111218290453 0.046466883630184842 -0.061083944589019862 0.063288756947877348 -0.061072821474942217 -0.060417547593892861 -0.060548514662356369 0.061625699406132231 0.061514637490289376 -0.060626992434158748 -0.060443162498827342 -0.060523126264782789 -0.060934378870392679 -0.06053201505130823 -0.060565604964364771 -0.060523726675638753 -0.060806678181010362 -0.06041234624384284 -0.060345409208777276 -0.060347929618118863 -0.060441334497970796
leaf_weight=0.27339519187807937 7.8754085432738083 0.27247870340943281 1.9079223889857506 0.34611207060515958 1.7567765554413188 8.246279367245732 0.88425147160887696 0.24366307444870372 0.27699771150946617 0.54457677900791157 0.52480414928868413 0.4018135219812401 0.28267743764445041 0.27297066943720016 0.47051756549626622 0.40379583649337369 0.57435259595513333 0.29516948200762305 2.465066974516958 0.16444849688559771 1.5616745254956184 0.15266607748344541 0.2969062416814271 0.29775974573567543 0.14696457609534264 1.0050858152098956 3.1649440699256957 1.4230760806240139 0.21583976782858372
leaf_count=13 348 16 34 5 11 102 13 7 8 15 36 7 19 33 47 14 18 27 286 16 97 16 26 29 9 116 420 188 24
internal_value=0.000656566 0.0217845 0.0338632 0.0160496 0.0249254 0.0154577 -0.0469376 -0.0571444 -0.0242424 0.0635414 -0.0635564 0.0612143 -0.0605825 -0.0605304 -0.0606513 0.0611201 0.061096 -0.0604824 -0.0605079 -0.0608028 -0.060845 -0.0609398 -0.060418 -0.0603816 -0.0605537 -0.0603954 -0.0603607 -0.0603746 -0.0604767
internal_weight=36.7484 26.9115 23.4661 14.2107 12.4556 10.0031 1.75517 9.83692 0.930681 2.4525 1.40906 9.25537 8.90624 8.66258 4.77994 8.85356 8.44976 3.44538 2.74774 0.653683 2.03219 0.425145 3.02024 3.88264 0.419935 2.72507 3.4627 2.42816 0.380288
internal_count=2000 992 603 216 162 113 54 1008 61 49 49 387 947 940 449 380 366 389 305 53 144 32 357 491 42 330 449 304 40
is_linear=0
shrinkage=0.08


Tree=137
num_leaves=31
num_cat=0
split_feature=3 6 0 4 1 2 1 0 6 2 2 3 0 2 1 0 3 6 0 1 0 2 4 3 1 2 0 4 3 1
split_gain=6.5278 3.99432 1.94484 1.12077 0.98049 0.815599 0.0659323 0.000909263 7.76016e-05 2.93534e-05 1.5343e-05 1.22607e-05 3.64307e-05 1.09336e-05 7.0848e-06 4.57818e-06 4.03022e-06 3.88761e-06 3.56534e-06 3.02888e-06 2.9204e-06 2.61953e-06 2.16384e-06 2.05287e-06 1.29667e-06 1.16454e-06 1.09773e-06 7.53031e-07 6.81097e-07 6.51549e-07
threshold=15.585168557084573 0.44846936668611254 18.016187737038674 1.0000000180025095e-35 357.89772287073265 1.1555872050402443 333.96541053103164 28.744960154998651 0.51467215361942853 1.1208297994279526 1.1479305986524475 2.3897939099155585 56.63486483070966 1.1934537697169467 375.03523663338262 87.680024790486399 0.72663191903020663 0.59086320123563218 91.770533876906697 326.63879263033937 56.63486483070966 1.2841533712357114 1.0000000180025095e-35 7.0916649196021115 392.86290673270179 1.1376776011247427 20.019422080825109 1.0000000180025095e-35 2.5332133851342156 348.66863608600835
decision_type=2 2 2 2 2 2 2 2 2 2 2 2 2 2 2 2 2 2 2 2 2 2 2 2 2 2 2 2 2 2
left_child=11 2 10 4 5 -4 -5 -8 9 -3 27 12 21 15 16 24 -15 22 -16 25 23 -1 -10 -13 -14 -19 -21 29 -22 -2
right_child=1 8 3 6 -6 -7 7 -9 17 -11 -12 20 13 14 18 -17 -18 19 -20 26 28 -23 -24 -25 -26 -27 -28 -29 -30 -31
leaf_value=-0.060342734346161615 -0.060353389284296483 0.062164551047207924 -0.020222316887196702 0.035822459508831235 0.061139085402461345 0.036101622842302804 0.065236925482918096 0.06173897575055113 0.061377962114316835 0.061334630939152528 -0.061282917390955323 -0.060393411214679768 -0.060369146971638706 -0.061275423613679138 -0.060828292769597996 -0.060842786114306366 -0.060923857802850451 0.061322716789965474 -0.060416951678463102 0.061197220260644558 -0.06049781090896808 -0.06067774262022374 0.061124833264986106 -0.060763973103427002 -0.060648137706057953 0.061128618302356205 0.061055693854311407 -0.060518622268857271 -0.060342736151279171 -0.060532320309326509
leaf_weight=2.5088087031617747 2.6752548529766575 0.64119607768952736 8.8085418720729631 0.7874442040920252 1.4136271197348822 2.0233485065400592 0.86047497391700734 1.0633148830384014 0.46582653932273199 0.47466232627630234 0.12345599755644787 0.18495063250884447 0.45302220201119814 0.35358577594161011 0.57642835658043623 0.25044857943430543 0.50924298353493214 0.41109950654208649 0.17604467691853642 0.37184697575867165 0.19249177630990777 0.15883769188076247 0.40321792848408222 0.19822745677083731 0.13943259045481682 0.3813337218016386 6.1824295651167631 0.21151334606111039 3.107002810575068 0.13690871279686678
leaf_count=338 349 17 118 9 24 20 11 34 17 18 5 23 58 14 37 18 29 15 20 15 20 11 17 14 11 16 274 19 415 14
internal_value=-0.000569023 0.0186686 -0.00324674 0.00878104 -0.00152342 -0.00970126 0.055322 0.0633035 0.0611855 0.0618115 -0.0604087 -0.0604874 -0.0605674 -0.0607896 -0.0609115 -0.060556 -0.0610679 0.0611005 -0.0607321 0.0610816 -0.0603761 -0.0603627 0.0612605 -0.0605851 -0.0604348 0.0612293 0.0610637 -0.060373 -0.0603518 -0.0603621
internal_weight=36.244 27.4355 18.1039 14.9568 12.2455 10.8319 2.71123 1.92379 9.33161 1.11586 3.14713 8.80852 5.12585 2.45821 1.6153 0.842903 0.862829 8.21575 0.752473 7.34671 3.68267 2.66765 0.869044 0.383178 0.592455 0.792433 6.55428 3.02368 3.29949 2.81216
internal_count=2000 992 603 216 162 138 54 45 389 35 387 1008 536 187 100 87 43 354 57 320 472 349 34 37 69 31 289 382 435 363
is_linear=0
shrinkage=0.08


Tree=138
num_leaves=31
num_cat=0
split_feature=0 3 3 6 1 2 0 5 3 3 6 2 6 1 1 0 6 3 2 2 0 6 1 6 4 6 2 6 2 6
split_gain=8.10467 1.91744 2.60842 0.970169 1.09474 1.08169 9.49881e-05 1.88513e-05 3.09689e-05 8.58074e-05 2.86887e-05 1.1472e-05 1.02562e-05 7.5054e-06 7.18311e-06 4.4539e-06 6.5725e-06 6.68538e-06 5.50816e-06 2.05443e-06 1.13704e-06 4.03003e-07 3.95465e-07 3.89119e-07 3.65205e-07 3.38324e-07 2.86315e-07 2.75724e-07 2.59436e-07 1.98706e-07
threshold=54.781068669324092 15.585168557084573 2.5332133851342156 0.50188100970818017 422.2921545193027 1.2105893437480453 59.042743918427284 0.84435523030874948 33.023932279579107 46.013147317770041 0.44846936668611254 1.2841533712357114 0.37759060652184778 412.35448837210396 353.86279105433158 16.134654976476487 0.45066514543519792 7.5676313424853259 1.1238743592439817 1.1458622578706501 60.00706085282372 0.59625385522322172 341.46372117370066 0.49019197258658714 1.0000000180025095e-35 0.57945119337339823 1.1135905842015423 0.43637415851164313 1.1280059144029526 0.37361233126798071
decision_type=2 2 2 2 2 2 2 2 2 2 2 2 2 2 2 2 2 2 2 2 2 2 2 2 2 2 2 2 2 2
left_child=7 2 3 4 5 -2 -4 15 11 -10 14 13 -3 23 -11 19 17 29 -19 24 -14 26 -8 -9 27 -22 -18 -1 -24 -17
right_child=1 12 6 -5 -6 -7 22 8 9 10 -12 -13 20 -15 -16 16 21 18 -20 -21 25 -23 28 -25 -26 -27 -28 -29 -30 -31
leaf_value=-0.060349685424692025 -0.04064884408055125 -0.060885172158470134 0.062107139552896679 0.070770206933119348 0.072186791921080212 0.0099346825334504091 0.061119020189204773 -0.060330614104314624 -0.06237061455544856 -0.061101228151227302 -0.060350777256073601 -0.06117689249309928 -0.060551229117420613 -0.060999104534384466 -0.060552990405434305 -0.060329736833776897 -0.060512563323000375 -0.060572195219120356 -0.060889602232393258 -0.060590623999212161 -0.060443087173413783 -0.060332272786783547 0.061097592289728352 -0.060492619582375298 -0.06047470605226557 -0.060338217697248418 -0.060364671844807483 -0.060469268310635885 0.061029661215314966 -0.060449798323339243
leaf_weight=2.6370431724935766 3.8537194505333963 0.36147213727235694 0.56264555640518565 1.4403720516711462 1.2886224780231703 9.0816361699253303 0.35249572247266669 1.5328639824874701 0.22275075968354974 0.79248787369579055 0.80321531929075718 0.12555823009461153 0.26426161127164949 0.11884569190442551 0.18953170999884605 0.41282519325614053 0.16270099533721782 0.97101979190483667 0.54702990083023906 0.2760215988382696 0.26513354200869776 0.81752526434138417 0.37601707130670448 0.10114732850342978 0.17419981257989992 0.76487811747938395 0.17271623946726322 0.1294585708528756 8.3475466314703208 0.11220145365223289
leaf_count=345 122 27 15 19 15 74 15 211 9 45 106 6 23 7 17 57 16 96 33 28 29 112 16 10 17 103 22 14 378 13
internal_value=-0.00016587 0.0228962 0.0283539 0.00820531 0.00186976 -0.00513523 0.0610985 -0.0605327 -0.0606717 -0.0608901 -0.0607054 -0.0604382 -0.0605084 -0.0603853 -0.0609954 -0.0604484 -0.0605153 -0.0606015 -0.0606866 -0.0603819 -0.0604032 -0.0603626 0.0610359 -0.0603406 -0.0603624 -0.0603652 -0.0604364 -0.0603553 0.0610326 -0.0603554
internal_weight=37.2579 26.9588 25.3031 15.6644 14.224 12.9354 9.6387 10.2991 3.8864 2.00799 1.78523 1.87842 1.65575 1.75286 0.98202 6.41274 3.19602 2.04308 1.51805 3.21672 1.29427 1.15294 9.07606 1.63401 2.9407 1.03001 0.335417 2.7665 8.72356 0.525027
internal_count=2000 836 654 230 211 196 424 1164 411 177 168 234 182 228 62 753 349 199 129 404 155 150 409 221 376 132 38 359 394 70
is_linear=0
shrinkage=0.08


Tree=139
num_leaves=31
num_cat=0
split_feature=3 0 2 1 0 3 2 1 2 1 2 1 1 0 5 6 1 3 0 0 6 2 2 0 6 0 2 6 4 1
split_gain=10.4599 2.43351 1.03024 0.784415 0.519569 0.470584 1.01148 0.00106645 0.000445354 0.000118341 2.0192e-05 3.76492e-05 2.34312e-05 1.94087e-05 3.26605e-05 5.92395e-05 3.63878e-05 4.44271e-05 1.43105e-05 6.68279e-06 1.00464e-05 4.75906e-06 1.96104e-06 1.31998e-06 7.79182e-07 7.52192e-07 7.21687e-07 8.05069e-07 4.04166e-07 1.40502e-07
threshold=2.5332133851342156 56.63486483070966 1.1926608832659651 395.39666799617652 87.680024790486399 1.7008071522611827 1.2372683596163445 406.41692514298472 1.2680615046967247 374.57593190940133 1.1201643751438064 354.13886650769234 409.59854941339842 63.746101848213904 0.84435523030874948 0.43699389826257834 352.87330825217344 46.013147317770041 54.781068669324092 16.134654976476487 0.5099582015161821 1.1238743592439817 1.1347126309585029 39.249053016537339 0.53887858779744846 56.426088349838089 1.104128564748138 0.45620999431827686 1.0000000180025095e-35 326.84336193042981
decision_type=2 2 2 2 2 2 2 2 2 2 2 2 2 2 2 2 2 2 2 2 2 2 2 2 2 2 2 2 2 2
left_child=1 8 4 5 7 6 -4 9 10 -3 11 -1 18 14 19 16 17 -16 -12 22 21 -21 28 -13 -17 -18 27 -15 -2 -28
right_child=13 2 3 -5 -6 -7 -8 -9 -10 -11 12 23 -14 26 15 24 25 -19 -20 20 -22 -23 -24 -25 -26 -27 29 -29 -30 -31
leaf_value=0.061936777768512599 -0.060354802454016684 0.061441791727781907 -0.019831924029811134 -0.053191146628007724 0.0042994064085673852 -0.023165441963708684 0.039484491790962639 0.065819413173717659 0.062980408150506526 0.062578035619809208 0.061086642096237827 0.061231461141597256 0.061777882088752317 -0.060584858057789751 -0.062227112487139545 -0.060491466250814314 -0.060574303907157817 -0.061068386356471188 0.061546202848281537 -0.060572009596127734 -0.060344453507366745 -0.060859347328207927 -0.060686855938001119 0.061042261660273031 -0.060338229850536641 -0.060359156350352168 -0.060423945248805948 -0.06036530196428027 -0.060485963972657826 -0.060339998119669246
leaf_weight=0.65796692855656302 2.6946241110563269 1.4024116396904025 3.0239782724529487 1.6405846164561797 1.4577412223443387 2.5869479044340551 4.6986664216965437 0.55055229738354672 1.0283603873103846 1.0085084177553651 5.9382774587720633 0.57223211415112019 0.36652968078851689 0.17501382576301638 0.27877729386091255 0.27360666496679165 0.26618325151503075 0.8810683311894536 0.46782351285219181 1.0528228557668629 0.94459311058744777 0.56789418077096332 0.12419623229652632 0.40164174139499664 0.94889162620529532 0.17069164523854852 0.13257913710549507 0.27458166098222136 0.1592439729720353 3.3976744911633432
leaf_count=18 350 48 25 28 19 27 30 6 24 24 260 22 12 16 9 28 23 51 15 103 126 36 10 18 128 22 16 35 15 456
internal_value=7.01511e-05 0.0290441 0.0103939 -0.00181079 0.0433972 0.00636547 0.0162578 0.0626426 0.0614089 0.0619171 0.0612167 0.0614693 0.0611558 -0.0605007 -0.0605699 -0.0607916 -0.0611125 -0.0613469 0.0611202 -0.0604572 -0.0605518 -0.0606727 -0.0603757 0.0611534 -0.0603725 -0.0604902 -0.0603553 -0.0604508 -0.0603621 -0.0603432
internal_weight=38.1447 25.8022 16.3694 11.9502 4.41921 10.3096 7.72264 2.96147 9.43283 2.41092 8.40447 1.63184 6.77263 12.3424 8.36259 2.81922 1.59672 1.15985 6.4061 5.54337 2.56531 1.62072 2.97806 0.973874 1.2225 0.436875 3.97985 0.449595 2.85387 3.53025
internal_count=2000 576 207 110 97 82 55 78 369 72 345 58 287 1424 901 261 105 60 275 640 265 139 375 40 156 45 523 51 365 472
is_linear=0
shrinkage=0.08


Tree=140
num_leaves=26
num_cat=0
split_feature=2 1 6 0 0 6 2 1 0 0 2 2 1 1 3 0 2 1 3 6 1 6 0 2 2
split_gain=6.27444 3.02785 2.2971 1.42283 0.726875 1.08171 0.147409 0.130191 0.290513 0.0906277 0.0421352 0.0185567 0.00162301 0.00115907 6.98102e-05 4.42285e-05 4.16871e-05 1.75431e-05 1.36132e-05 1.15657e-05 4.64422e-06 2.75758e-06 5.25773e-07 4.85114e-07 1.99601e-07
threshold=1.1599606059053873 357.66200232683059 0.44846936668611254 51.953923313740901 20.700963415169838 0.33848725541310454 1.1512143600328344 359.61677906077745 24.2103605511222 9.3657397030913732 1.060267972799936 1.0679801966035527 323.06013538228206 317.84519409969454 218.62768853036596 18.865205549377901 1.1093572902128772 340.22008364700923 0.72663191903020663 0.54407547518684252 329.34173465960163 0.60130445607685779 25.105035985655373 1.1238743592439817 1.1083239780606391
decision_type=2 2 2 2 2 2 2 2 2 2 2 2 2 2 2 2 2 2 2 2 2 2 2 2 2
left_child=1 2 3 4 6 -6 -1 8 -3 -2 -9 -12 -5 -11 -14 -15 -13 19 -19 -17 21 -4 -22 -23 -24
right_child=9 7 20 12 5 -7 -8 10 -10 13 11 16 14 15 -16 17 -18 18 -20 -21 22 23 24 -25 -26
leaf_value=0.059809822955138328 0.0018484685900380859 0.059304006780310746 -0.060882146610465718 -0.068710896521660278 0.0052250512658081703 0.058084384633214629 0.0053114283790938249 -0.027678444679831517 -0.06168029506034893 -0.064092148561618573 -0.082018414366600345 -0.061167267803917444 -0.060624897362481188 -0.061440307681253768 -0.062479682192648885 -0.060990179360092871 -0.060421719766711769 -0.060730993712185398 -0.060400178269124617 -0.060312191723244646 -0.060486599221249854 -0.060608345837395335 -0.06039138399438513 -0.060403358773414378 -0.060314578003369146
leaf_weight=9.3383117653429615 0.15043221693485875 0.20067515410482828 0.22729852236807246 0.3074740432202806 5.925214618444441 4.2583879828453064 0.32882667332887727 0.23262170981615815 0.34610097715631127 0.63670478109270146 0.29808339336887035 0.74393088882789049 0.30689063854515553 0.33202507300302375 0.22515084547922015 0.67678305646404613 1.3528589080087838 0.9343401975929736 5.3809049399569631 0.21130756987258792 0.24724472034722544 0.15687562897801399 0.44911367539316416 0.13967237388715148 0.41817717766389251
leaf_count=411 9 5 14 3 93 46 6 19 27 17 4 65 31 24 6 51 169 87 709 31 26 14 55 17 61
internal_value=0.000632971 0.0203158 0.0307091 0.0379297 0.042244 0.0273288 0.0579561 -0.0527932 -0.0172772 -0.0596818 -0.060184 -0.0633414 -0.0640838 -0.0608145 -0.0614098 -0.0605376 -0.0606862 -0.0604959 -0.0604491 -0.0608289 -0.060476 -0.0606725 -0.0603837 -0.0605118 -0.0603544
internal_weight=33.8254 25.5029 22.3286 20.6903 19.8507 10.1836 9.66714 3.17427 0.546776 8.3225 2.62749 2.39487 0.839516 8.17207 0.532041 7.53536 2.09679 7.20334 6.31525 0.888091 1.63838 0.523847 1.11454 0.296548 0.867291
internal_count=2000 1072 783 596 556 139 417 289 32 928 257 238 40 919 37 902 234 878 796 82 187 45 142 31 116
is_linear=0
shrinkage=0.08


Tree=141
num_leaves=31
num_cat=0
split_feature=3 6 0 0 1 6 6 1 2 6 2 2 3 0 2 0 3 6 0 1 0 2 4 3 2 0 3 4 1 1
split_gain=5.80356 3.56323 1.72919 1.03227 0.959402 0.9532 0.485383 0.00305363 0.000140308 5.42511e-05 2.04914e-05 1.07698e-05 1.05572e-05 3.06518e-05 9.02977e-06 7.4973e-06 5.9681e-06 2.71379e-06 2.41671e-06 2.10915e-06 2.0207e-06 1.83356e-06 1.51019e-06 1.44392e-06 8.11095e-07 7.64405e-07 6.88718e-07 5.25123e-07 4.59603e-07 3.24451e-07
threshold=15.585168557084573 0.44846936668611254 18.016187737038674 51.953923313740901 326.84336193042981 0.38946620589548853 0.39356220877427456 336.57689643636428 1.1320347528545687 0.51467215361942853 1.1208297994279526 1.1479305986524475 2.3897939099155585 56.63486483070966 1.1759680419485112 114.0683049646795 0.68670901493829384 0.59086320123563218 87.680024790486399 326.63879263033937 56.63486483070966 1.2841533712357114 1.0000000180025095e-35 7.0916649196021115 1.1376776011247427 20.019422080825109 2.5332133851342156 1.0000000180025095e-35 348.66863608600835 387.24076764204796
decision_type=2 2 2 2 2 2 2 2 2 2 2 2 2 2 2 2 2 2 2 2 2 2 2 2 2 2 2 2 2 2
left_child=12 2 11 4 6 -6 -4 -5 -9 10 -3 27 13 21 18 16 -16 22 29 24 23 -1 -11 -14 -19 -21 -22 28 -2 -15
right_child=1 9 3 7 5 -7 -8 8 -10 17 -12 -13 20 14 15 -17 -18 19 -20 25 26 -23 -24 -25 -26 -27 -28 -29 -30 -31
leaf_value=-0.060303988012988495 -0.060313424877023181 0.061916871793078504 -0.061496552742483952 0.069021304209351653 0.030432496983931478 -0.022332700053127114 0.011222053425495329 0.063048578481304962 0.061282855359102752 0.06122040505785073 0.061182044265079796 -0.061138583116643233 -0.060348956638622983 -0.060323366000781704 -0.061117242389340465 -0.060418171781768289 -0.060776533369346311 0.061171246853784944 -0.060762021605503452 0.061060225435273986 -0.060466758311109182 -0.060601242876447553 0.060996199234278334 -0.060678606313940592 0.060999493101214844 0.060934997671412632 -0.060303956576846396 -0.060459863290701403 -0.060472852206232448 -0.060478503404735165
leaf_weight=2.2278035082854326 2.3756732596084551 0.57161284238099863 2.0329910232685502 0.66471070423722167 6.3573858216404897 3.3435049951076508 0.82618962787091721 0.61098170094192006 0.54486593976616859 0.4145489465445279 0.42230896838009357 0.10998578835278738 0.16425442043691907 0.31606274144724045 0.50377034582197644 0.24727082485333074 0.94866709830239415 0.36577223241329182 0.12731979694217443 0.33073104731738556 0.17697184253484044 0.14122471772134293 0.35858986899256706 0.176329480484128 0.33911687694489956 5.4972247332334518 2.7589558679610491 0.18791912030428637 0.12165385484695423 0.11867160629481077
leaf_count=338 349 17 47 8 83 31 12 14 21 17 18 5 23 46 24 29 66 15 9 15 20 11 17 14 16 274 415 19 14 13
internal_value=-0.000573101 0.0180103 -0.00278791 0.00840317 0.000242931 0.0122465 -0.0404838 0.0647008 0.0622162 0.0610501 0.0616046 -0.0603627 -0.0604451 -0.0605228 -0.0607335 -0.0608254 -0.0608947 0.0609747 -0.0604555 0.0609579 -0.0603352 -0.0603217 0.0611164 -0.0605196 0.0610886 0.0609421 -0.0603138 -0.0603309 -0.0603212 -0.0603657
internal_weight=33.3831 25.4758 17.1759 14.3806 12.5601 9.70089 2.85918 1.82056 1.15585 8.29991 0.993922 2.79523 7.9073 4.63079 2.26176 1.69971 1.45244 7.30598 0.562054 6.53284 3.27651 2.36903 0.773139 0.340584 0.704889 5.82796 2.93593 2.68525 2.49733 0.434734
internal_count=2000 992 603 216 173 114 59 43 35 389 35 387 1008 536 187 119 90 354 68 320 472 349 34 37 31 289 435 382 363 59
is_linear=0
shrinkage=0.08


Tree=142
num_leaves=31
num_cat=0
split_feature=0 3 3 3 1 3 5 0 5 3 6 3 6 2 1 6 0 6 3 2 2 6 0 6 1 6 4 6 2 6
split_gain=7.16381 1.67145 2.40874 0.949539 1.10038 1.06131 0.345196 6.63023e-05 1.58558e-05 2.67729e-05 5.46351e-05 2.6945e-05 9.52857e-06 8.03928e-06 5.25394e-06 3.94558e-06 3.79335e-06 5.40372e-06 5.41541e-06 4.41551e-06 1.4418e-06 8.41684e-07 7.9578e-07 2.83523e-07 2.75237e-07 2.73015e-07 2.55146e-07 2.49921e-07 2.0179e-07 1.94425e-07
threshold=54.781068669324092 15.585168557084573 2.5332133851342156 0.21658386817666178 393.43819303546229 0.53604335182501794 2.5744271535336991 59.042743918427284 0.84435523030874948 33.023932279579107 0.43426316295632844 106.61571274570126 0.37759060652184778 1.2841533712357114 412.35448837210396 0.39785052914374058 16.134654976476487 0.45066514543519792 7.5676313424853259 1.1238743592439817 1.1458622578706501 0.52616965630493029 60.00706085282372 0.59625385522322172 341.46372117370066 0.49019197258658714 1.0000000180025095e-35 0.57945119337339823 1.1135905842015423 0.43637415851164313
decision_type=2 2 2 2 2 2 2 2 2 2 2 2 2 2 2 2 2 2 2 2 2 2 2 2 2 2 2 2 2 2
left_child=8 2 3 -2 5 -5 -6 -4 16 13 11 -11 -3 14 25 -13 20 18 -18 -20 26 -12 -14 28 -9 -10 29 -24 -19 -1
right_child=1 12 7 4 6 -7 -8 24 9 10 21 15 22 -15 -16 -17 17 23 19 -21 -22 -23 27 -25 -26 -27 -28 -29 -30 -31
leaf_value=-0.060310108950109804 -0.067121917411930646 -0.060844354447982189 0.061865500129386498 0.050430562852583245 0.016280999840893619 -0.013126891984465079 0.067270304514426948 0.060991030803955681 -0.060293189731527051 -0.061972408068037561 -0.060503001243792244 -0.060892698317028149 -0.060489607623062033 -0.061044262407155082 -0.060886213411722311 -0.061308564206789866 -0.060315164885077377 -0.060455157398229174 -0.060522661198444558 -0.060820591535399482 -0.060524249132843759 -0.060299057280490287 -0.060395460608416628 -0.060294696181497971 0.060914568444054934 -0.060437139057531009 -0.060420999313447403 -0.060299943147283715 -0.060323441832819902 -0.060416630079612059
leaf_weight=2.3416379741393025 1.0072046322748125 0.33281327085569401 0.50154866836964984 2.1101258387789121 1.281813777983188 8.2772041130810958 2.520902412943542 0.31347140483557989 1.3610346401110294 0.23547536088153698 0.16217187279835332 0.58690806338563561 0.23508085636422016 0.11174798104912032 0.1057384549640118 0.19436443783342838 0.4662173283286396 0.14463911438360788 0.87887847051024415 0.49920407077297568 0.24525060225278128 0.64306873269379139 0.23631271906197071 0.72597857704386115 7.7564141917973757 0.089892678428441175 0.15477294614538539 0.67918102163821459 0.15337676368653774 0.11505118710920204
leaf_count=345 17 27 15 26 16 134 37 15 211 11 17 42 23 6 7 9 70 16 96 33 28 98 29 112 394 10 17 103 22 14
internal_value=-0.000112194 0.0219204 0.0270622 0.00793607 0.0132637 -0.000215564 0.0500829 0.060973 -0.060486 -0.0606204 -0.0608324 -0.0612223 -0.0604674 -0.0603888 -0.0603418 -0.0609962 -0.060404 -0.060469 -0.0605509 -0.0606306 -0.0603388 -0.0603401 -0.0603583 -0.0603217 0.0609175 -0.0603021 -0.0603214 -0.0603246 -0.0603874 -0.0603151
internal_weight=34.4675 25.2521 23.7687 15.1973 14.19 10.3873 3.80272 8.57143 9.21541 3.4904 1.82199 1.01675 1.48339 1.66841 1.55667 0.781273 5.72501 2.86829 1.8443 1.37808 2.85671 0.805241 1.15057 1.02399 8.06989 1.45093 2.61146 0.915494 0.298016 2.45669
internal_count=2000 836 654 230 213 160 53 424 1164 411 177 62 182 234 228 51 753 349 199 129 404 115 155 150 409 221 376 132 38 359
is_linear=0
shrinkage=0.08


Tree=143
num_leaves=31
num_cat=0
split_feature=3 0 2 5 1 0 3 3 2 6 0 1 0 2 2 1 1 0 2 0 2 0 0 0 6 0 4 3 3 3
split_gain=9.19168 2.28299 0.963041 0.999609 1.14725 0.64905 0.574169 0.0350872 0.00036016 1.64457e-05 2.3549e-05 5.24361e-05 1.90029e-05 2.56311e-05 1.38156e-05 2.61907e-05 1.61999e-05 1.20274e-05 5.29999e-06 3.16558e-06 1.31591e-06 9.00257e-07 4.37932e-07 3.89366e-07 3.15311e-07 6.9251e-07 2.82224e-07 2.71436e-07 1.48148e-07 9.60046e-08
threshold=2.5332133851342156 56.63486483070966 1.2768040296594274 2.5744271535336991 393.43819303546229 58.318784863955841 0.53604335182501794 0.34982054703196463 1.2680615046967247 0.44846936668611254 17.521642935875622 355.1504271551882 32.553210395260997 1.1586112625476641 1.1201643751438064 354.13886650769234 409.59854941339842 54.781068669324092 1.1238743592439817 56.426088349838089 1.1347126309585029 39.249053016537339 16.134654976476487 34.311583346145376 0.574978740179655 56.426088349838089 1.0000000180025095e-35 189.3326619963785 14.762725060944607 201.24777680772726
decision_type=2 2 2 2 2 2 2 2 2 2 2 2 2 2 2 2 2 2 2 2 2 2 2 2 2 2 2 2 2 2
left_child=1 8 3 5 6 -3 -5 -7 14 10 20 12 18 -14 15 -1 17 -16 -12 23 22 -17 26 -13 25 27 -2 -11 -21 -27
right_child=9 2 -4 4 -6 7 -8 -9 -10 24 11 19 13 -15 16 21 -18 -19 -20 28 -22 -23 -24 -25 -26 29 -28 -29 -30 -31
leaf_value=0.061714329274347599 -0.060314667062753936 -0.012660117150312724 -0.031361356790251156 -0.018848497072294763 -0.056201590373797385 0.079819954512886523 0.033018689826042419 0.059912299776523056 0.062747853307065352 -0.060520316510167989 -0.060513851070438655 -0.060636843911673469 -0.061289963081867578 -0.060481712951222469 0.060962394505877766 0.061090435118092486 0.061574782894025903 0.061404829875841255 -0.060873550586111921 -0.060300989085214106 -0.060609903788174747 0.060924817255099718 -0.06048265650558609 -0.060478029580294801 -0.060298232502519949 -0.060301638099124866 -0.060430951141055553 -0.060382376391346457 -0.060383132935520396 -0.060382961868231132
leaf_weight=0.58652591332793391 2.3928273664787407 0.88262910023331542 2.9699268802069119 1.9400546606630067 1.6929523851722477 0.69699207693338427 4.6158997844904661 3.0291103534400463 0.93185319006443013 0.15494326362386368 0.71843164833262585 0.19772605272010002 1.0139554650522766 0.33376002311706532 5.2802798766642809 0.50901787728071213 0.32646955549716938 0.42487488128244866 0.41280245454981923 1.6801273683086035 0.11040135240182269 0.35764065198600292 0.11221989570185531 0.19747531600296497 2.2613007510080934 0.83410419477149844 0.14147520717233408 0.22226886218413711 0.15334005514159788 0.1045495686121285
leaf_count=18 350 13 28 18 27 8 56 57 24 15 80 16 57 38 260 22 12 15 25 254 10 18 13 20 345 126 15 28 19 13
internal_value=4.50154e-05 0.0276 0.00969808 0.0191822 0.00250909 0.0490245 0.01767 0.0636362 0.0612647 -0.0604574 -0.060525 -0.0606337 -0.0608869 -0.0610898 0.0610801 0.0613015 0.0610267 0.0609953 -0.0606451 -0.0603521 -0.0603393 0.0610221 -0.060328 -0.0605575 -0.0603164 -0.0603475 -0.0603212 -0.060439 -0.0603079 -0.0603107
internal_weight=35.2859 24.2442 15.8276 12.8576 8.24891 4.60873 6.55595 3.7261 8.41666 11.0417 7.46454 4.70762 2.47895 1.34772 7.48481 1.45318 6.03162 5.70515 1.13123 2.22867 2.75692 0.866659 2.64652 0.395201 3.57717 1.31587 2.5343 0.377212 1.83347 0.938654
internal_count=2000 576 207 179 101 78 74 65 369 1424 897 509 200 95 345 58 287 275 105 309 388 40 378 36 527 182 365 43 273 139
is_linear=0
shrinkage=0.08


Tree=144
num_leaves=23
num_cat=0
split_feature=2 5 6 1 0 6 2 1 5 1 3 1 1 5 0 3 1 3 6 0 1 2
split_gain=5.60728 2.66135 1.869 1.51544 0.742577 1.1161 0.145524 0.133504 0.0957282 0.0363404 0.0114664 0.00134029 0.00106283 0.000216155 3.8959e-05 3.37119e-05 1.44312e-05 1.12512e-05 9.35604e-06 6.16545e-06 4.16716e-06 1.47621e-07
threshold=1.1599606059053873 1.6966079060946768 0.44846936668611254 359.61677906077745 20.700963415169838 0.33848725541310454 1.1512143600328344 319.55487930598815 -0.29646383327726383 365.30105363819274 421.63682716945078 326.84336193042981 317.84519409969454 1.7231453564939885 18.865205549377901 295.76930772775046 340.22008364700923 0.72663191903020663 0.54407547518684252 19.341793380924816 329.34173465960163 1.1280059144029526
decision_type=2 2 2 2 2 2 2 2 2 2 2 2 2 2 2 2 2 2 2 2 2 2
left_child=1 2 3 4 6 -6 -1 -3 -2 -5 -11 -9 -10 -13 -14 -15 18 -18 -16 -4 -21 -22
right_child=8 7 19 9 5 -7 -8 11 12 10 -12 13 14 15 16 -17 17 -19 -20 20 21 -23
leaf_value=0.059579250376061585 0.0092495512188637812 -0.0071684760879673582 -0.060939333751084866 -0.033738396629318365 0.0028740297634684943 0.057748699838441164 0.0041723755198557616 -0.06633835300747519 -0.064013046453081299 -0.060853954897401863 -0.081592506360494282 -0.064058891638973409 -0.061359353816319573 -0.060404459535379658 -0.060921876151013549 -0.061223310827339131 -0.060678345236583359 -0.060362495076167068 -0.060276865397489984 -0.060668536737813382 -0.060344362507556266 -0.06027946196228174
leaf_weight=8.5434431135654592 0.12706664670258749 0.32907403027638737 0.1523997075855722 0.26923185493796953 5.7201663097366673 4.0528217237442732 0.31455009430646974 0.32104550488293204 0.59890685137361188 0.49831395037472248 0.25947323441505432 0.12119931681081686 0.31985261337831605 1.5320836715400217 0.61808243254199613 0.4073233832605182 0.84903810406103719 4.8164182542823255 0.18761296709999442 0.28461014898493864 0.58727652626112103 0.36290989117696881
leaf_count=415 8 12 11 14 93 43 6 11 17 48 1 5 25 210 51 37 87 709 31 25 81 60
internal_value=0.000622189 0.0196776 0.0292875 0.0356206 0.0408357 0.0256304 0.0576117 -0.054931 -0.0595986 -0.0589852 -0.067955 -0.0615304 -0.0607824 -0.0607813 -0.0604975 -0.0605764 -0.0604549 -0.0604098 -0.0607717 -0.0604593 -0.0604 -0.0603196
internal_weight=31.2729 23.7559 21.0452 19.658 18.631 9.77299 8.85799 2.71073 7.51698 1.02702 0.757787 2.38165 7.38991 2.06061 6.791 1.93941 6.47115 5.66546 0.805695 1.3872 1.2348 0.950186
internal_count=2000 1072 797 620 557 136 421 275 928 63 49 263 920 252 903 247 878 796 82 177 166 141
is_linear=0
shrinkage=0.08


Tree=145
num_leaves=31
num_cat=0
split_feature=3 6 0 6 6 3 4 1 6 2 2 3 0 2 0 3 6 0 1 0 2 4 3 2 0 3 1 4 1 1
split_gain=5.15635 3.18714 1.54143 0.945999 0.855458 0.808272 0.763561 0.0124503 3.89186e-05 1.48372e-05 9.24112e-06 9.16941e-06 2.56944e-05 7.30526e-06 5.89435e-06 4.81064e-06 1.88527e-06 1.87554e-06 1.45807e-06 1.42221e-06 1.28238e-06 1.05284e-06 1.01989e-06 5.67788e-07 5.29e-07 5.23657e-07 3.91978e-07 4.10284e-07 3.01309e-07 1.4257e-07
threshold=15.585168557084573 0.44846936668611254 18.016187737038674 0.25589935902013994 0.33848725541310454 295.76930772775046 1.0000000180025095e-35 328.56627559048701 0.51467215361942853 1.1208297994279526 1.1479305986524475 2.3897939099155585 56.63486483070966 1.1759680419485112 114.0683049646795 0.68670901493829384 0.59086320123563218 87.680024790486399 326.63879263033937 56.63486483070966 1.2841533712357114 1.0000000180025095e-35 7.0916649196021115 1.1376776011247427 20.019422080825109 2.5332133851342156 348.66863608600835 1.0000000180025095e-35 387.24076764204796 409.59854941339842
decision_type=2 2 2 2 2 2 2 2 2 2 2 2 2 2 2 2 2 2 2 2 2 2 2 2 2 2 2 2 2 2
left_child=11 2 10 7 5 -5 -6 -4 9 -3 26 12 20 17 15 -15 21 28 23 22 29 -10 -13 -18 -20 -21 27 -2 -14 -1
right_child=1 8 3 4 6 -7 -8 -9 16 -11 -12 19 13 14 -16 -17 18 -19 24 25 -22 -23 -24 -25 -26 -27 -28 -29 -30 -31
leaf_value=-0.0602649625361696 -0.060278297203516136 0.061709248596614391 -0.049014785614616932 0.012338179865198071 -0.016317313907378915 0.0741950137278201 0.052077978036208401 -0.065527318502027074 0.061080878685684126 0.061046905544690104 -0.06106942981422301 -0.060309561481043814 -0.06029470286386359 -0.061038847263470884 -0.060391990607555734 -0.06072073462199417 0.06103728233155005 -0.060700892092674201 0.060939008778255623 -0.060419328414103309 -0.060533293897233803 0.0608823570553216 -0.060603389007870635 0.06088487519657531 0.060828527296790939 -0.060269566163130256 -0.060442532001046753 -0.0604084846218087 -0.060450732556086309 -0.060369180420220742
leaf_weight=1.8898808634839981 2.1117137712426559 0.51091587077826162 0.48042405396699794 3.2628216929733735 5.783738536760211 2.3084762040525675 1.2749263867735861 0.74603717401623726 0.36873691156506527 0.37556470558047295 0.10285099036991585 0.14586446620523963 0.28886141069233451 0.46694373246282317 0.22851029178127635 0.87316846428439021 0.32531701028347004 0.11779343755915761 0.29405361600220192 0.15913185430690679 0.12551741953939188 0.31878342106938362 0.15696142800152302 0.30136965587735176 4.888169689103961 2.4495645933784544 0.10990261705592264 0.16719303652644146 0.10913632391020656 0.087916417978703865
leaf_count=326 349 17 29 48 65 26 29 19 17 18 5 23 46 24 29 66 15 9 15 20 11 17 14 16 274 415 14 19 13 12
internal_value=-0.000589826 0.0173047 -0.00239739 0.00801949 0.0145333 0.0379687 -0.00396385 -0.0590591 0.0609314 0.0614286 -0.0603269 -0.0604068 -0.0604826 -0.0606817 -0.0607675 -0.0608316 0.0608636 -0.0604205 0.0608487 -0.0602978 -0.0602853 0.0609888 -0.0604619 0.060964 0.0608348 -0.0602787 -0.060295 -0.0602878 -0.0603375 -0.0602696
internal_weight=30.8302 23.731 16.3481 13.8564 12.63 5.5713 7.05866 1.22646 7.38291 0.886481 2.49166 7.09925 4.18773 2.08441 1.56862 1.34011 6.49643 0.515791 5.80891 2.91152 2.10331 0.68752 0.302826 0.626687 5.18222 2.6087 2.38881 2.27891 0.397998 1.9778
internal_count=2000 992 603 216 168 74 94 48 389 35 387 1008 536 187 119 90 354 68 320 472 349 34 37 31 289 435 382 368 59 338
is_linear=0
shrinkage=0.08


Tree=146
num_leaves=28
num_cat=0
split_feature=0 0 1 3 2 3 3 2 0 3 2 0 2 3 3 1 3 5 2 3 1 3 5 3 0 6 6
split_gain=6.37266 1.37352 1.22504 1.22966 1.01048 1.33852 1.34755 0.90463 0.311451 0.318762 0.264605 0.480264 0.234914 0.191419 0.295656 0.145682 0.0427308 0.0346166 0.0521051 0.00098608 0.00032934 2.112e-05 1.19165e-05 2.5904e-05 3.39739e-06 6.48729e-08 1.06176e-08
threshold=56.63486483070966 106.57789101593089 393.43819303546229 0.32449682558616832 1.2105893437480453 1.7455752581655954 0.72663191903020663 1.2503265511028416 99.174299002909109 2.8625009827826413 1.2092918963580468 68.246074016076761 1.3051366241781703 13.991150337696235 15.585168557084573 423.89933456313969 1.2071219569681895 2.0218373689944218 1.201930944098839 2.1964695655714119 378.62515351682879 2.8625009827826413 0.84435523030874948 33.023932279579107 16.134654976476487 0.55307024481311684 0.63061759267207729
decision_type=2 2 2 2 2 2 2 2 2 2 2 2 2 2 2 2 2 2 2 2 2 2 2 2 2 2 2
left_child=12 2 4 -4 8 6 -6 -7 9 -2 11 -5 15 19 -15 17 -12 22 -19 20 -3 -21 24 -24 -1 -23 -16
right_child=1 13 3 10 5 7 -8 -9 -10 -11 16 -13 -14 14 26 -17 -18 18 -20 21 -22 25 23 -25 -26 -27 -28
leaf_value=-0.060301960072402898 -0.064187651422469669 0.064789761819425334 -0.080075334008261709 -0.03789496622290766 0.032780012548340051 -0.015608372399419597 -0.051100045805764362 0.079062422397255361 0.043864931680237279 -0.01360089058388734 0.081786393997007142 0.057537226155506903 0.037777610190712518 0.060809674402104656 -0.060299767591537635 0.024824110386214331 0.062298104789391941 -0.016688245355895966 -0.062772551041762437 0.061413134471101527 0.062300066072882042 0.060807032247881011 -0.060320518586739223 -0.060778120681721365 -0.060432126807241339 0.060849072611971852 -0.060264255219041267
leaf_weight=2.5412574713118339 2.0680015804246139 0.59861179068684467 0.46907578036188979 0.47831239644438017 2.2248536050319654 0.893942300230265 2.7296435311436653 2.328854151070118 0.27497098082676519 1.2973238183185456 1.1140452176332476 1.1463900422677396 0.16750774905085641 0.31503848731517781 0.096367138437926769 0.13445279747247774 2.036135776899755 0.29773043561726886 0.3322385847568512 0.41869425214827094 0.7872229078784585 3.0716105662286286 1.4834432131610813 1.697886304464191 2.5924186119809747 0.25436892919242371 0.12222101259976625
leaf_count=404 83 8 4 14 12 35 21 60 11 138 6 25 5 18 15 5 87 23 9 17 23 176 237 180 349 14 21
internal_value=-0.000107546 0.022675 0.011343 0.0435233 -0.00293678 0.0126714 -0.0134331 0.0528025 -0.0379978 -0.0446866 0.0556654 0.029442 -0.0560989 0.0568093 0.011208 -0.0578308 0.06919 -0.0590732 -0.0409926 0.0615524 0.0633755 0.0608777 -0.0604431 -0.0605647 -0.0603677 0.0608102 -0.0602799
internal_weight=31.9726 22.7257 17.0615 5.24396 11.8176 8.17729 4.9545 3.2228 3.6403 3.36533 4.77488 1.6247 9.24694 5.66414 0.533627 9.07943 3.15018 8.94497 0.629969 5.13051 1.38583 3.74467 8.31501 3.18133 5.13368 3.32598 0.218588
internal_count=2000 788 496 136 360 128 33 95 232 221 132 39 1212 292 54 1207 93 1202 32 238 31 207 1170 417 753 190 36
is_linear=0
shrinkage=0.08


Tree=147
num_leaves=31
num_cat=0
split_feature=3 0 2 0 3 2 0 1 1 0 2 6 0 3 3 2 1 1 0 4 5 2 0 6 0 4 3 6 3 3
split_gain=8.11288 2.14451 0.915051 1.29937 0.710666 1.17976 0.940257 0.462569 0.37455 0.0123814 0.000287639 1.40643e-05 1.99292e-05 4.04631e-05 4.23488e-05 1.36977e-05 2.45631e-05 1.10214e-05 9.89016e-06 6.0566e-06 1.60515e-06 1.25643e-06 6.97917e-07 2.20924e-07 4.85918e-07 1.98083e-07 1.90473e-07 1.45234e-07 6.7091e-08 1.49859e-08
threshold=2.5332133851342156 56.63486483070966 1.2105893437480453 99.174299002909109 1.7008071522611827 1.2372683596163445 69.345801954542495 373.00248079461431 399.36789473572895 91.770533876906697 1.2680615046967247 0.44846936668611254 16.134654976476487 28.488715096179011 43.720929547172766 1.1201643751438064 354.13886650769234 409.59854941339842 54.781068669324092 1.0000000180025095e-35 2.2380833085660008 1.1356623744607983 39.249053016537339 0.574978740179655 56.426088349838089 1.0000000180025095e-35 189.3326619963785 0.43637415851164313 201.24777680772726 14.349835804681973
decision_type=2 2 2 2 2 2 2 2 2 2 2 2 2 2 2 2 2 2 2 2 2 2 2 2 2 2 2 2 2 2
left_child=1 10 3 8 5 -4 -6 -7 9 -3 15 12 21 20 -15 16 -1 18 -17 -16 -14 25 -18 24 26 27 -13 -2 -26 -22
right_child=11 2 4 -5 6 7 -8 -9 -10 -11 -12 23 13 14 19 17 22 -19 -20 -21 29 -23 -24 -25 28 -27 -28 -29 -30 -31
leaf_value=0.061614230578421969 -0.060274937309824778 0.061827920511014024 -0.037856610548309154 -0.064069272546620634 0.01855146722850436 0.05135115833070205 -0.079471499461796227 0.0013013002607605267 0.013322155845689581 0.072727009396346021 0.062537925266917441 -0.060461817736418219 -0.060541281101761782 -0.061724919099275501 -0.060738793297322506 0.060856646195315729 0.060977389188052351 0.06139508832538694 0.061277451902633305 -0.060410011642729231 -0.060266966863330551 -0.060584456085103211 0.060823195342210562 -0.060264500860042716 -0.060267502063347494 -0.060382757787821595 -0.060339232458162265 -0.060375473552846386 -0.06033964706971616 -0.060300748022526003
leaf_weight=0.54629625007510429 2.0373239046894009 2.5181550588458772 2.441899963654576 0.7244293401017784 1.0303336568176749 2.8129427023231983 1.5970289148390291 2.0380952931009233 1.2346924953162668 0.9074530005455016 0.84604443050920952 0.13771213078871392 0.15123372524976719 0.27558152377605472 1.8754959483630957 4.7080491818487644 0.4566035233438015 0.29064691904932249 0.3868228718638419 0.4433536073192953 1.5386546486988661 0.093524878844618686 0.31919904239475727 2.0077707548625767 0.74054641742259264 0.12585283163934935 0.19740831665694714 0.096308116801082977 0.092837689444422722 0.088901587296277174
leaf_count=18 338 81 18 18 9 19 23 21 13 5 24 15 16 12 164 260 22 12 15 54 262 9 18 345 126 15 28 13 13 14
internal_value=6.60955e-05 0.0262687 0.00905439 0.0356051 -0.00535731 0.00749465 -0.0410313 0.0303234 0.0510992 0.0647151 0.0611479 -0.0604193 -0.0604849 -0.0605859 -0.0607874 0.0609726 0.0612033 0.0609159 0.0608886 -0.0606759 -0.060292 -0.0602971 0.0609139 -0.0602806 -0.0603083 -0.0602852 -0.0603896 -0.0602795 -0.0602755 -0.0602688
internal_weight=32.7612 22.8587 15.305 5.38473 9.9203 7.29294 2.62736 4.85104 4.6603 3.42561 7.55366 9.90251 6.72623 4.37322 2.59443 6.70762 1.3221 5.38552 5.09487 2.31885 1.77879 2.35301 0.775803 3.17628 1.1685 2.25948 0.33512 2.13363 0.833384 1.62756
internal_count=2000 576 207 117 90 58 32 40 99 86 369 1424 897 522 230 345 58 287 275 218 292 375 40 527 182 366 43 351 139 276
is_linear=0
shrinkage=0.08


Tree=148
num_leaves=28
num_cat=0
split_feature=2 1 6 0 1 0 3 5 0 6 3 0 1 1 3 3 0 1 3 0 1 5 6 3 0 2 2
split_gain=5.00943 2.36965 1.72046 1.11342 0.732513 0.93174 0.116001 0.109646 0.0889363 0.0720166 0.106443 0.0119236 0.0010119 0.000821811 9.988e-05 3.56586e-05 3.04405e-05 2.34842e-05 1.41234e-05 1.49333e-05 2.34824e-06 1.61414e-06 1.34873e-06 5.51858e-07 2.54578e-07 2.35443e-07 9.89868e-08
threshold=1.1599606059053873 357.66200232683059 0.44846936668611254 51.953923313740901 326.84336193042981 39.249053016537339 46.013147317770041 0.22551215267755911 9.1686191074119616 0.22508953152006231 4.1134233488430985 20.019422080825109 323.06013538228206 317.84519409969454 486.24380465523552 204.1805660251658 25.408446736318414 357.66200232683059 2.0648330022995789 56.63486483070966 329.34173465960163 2.5744271535336991 0.60130445607685779 43.720929547172766 25.105035985655373 1.1261026012337225 1.1083239780606391
decision_type=2 2 2 2 2 2 2 2 2 2 2 2 2 2 2 2 2 2 2 2 2 2 2 2 2 2 2
left_child=1 2 3 4 6 -6 -1 -3 -2 10 -9 -11 -5 -10 -13 -14 17 -15 19 -18 22 -20 -4 -19 -22 -24 -26
right_child=8 7 20 12 5 -7 -8 9 13 11 -12 14 15 16 -16 -17 18 23 21 -21 24 -23 25 -25 26 -27 -28
leaf_value=0.031062923229407433 0.0087556621722688927 -0.0039848024207427878 -0.060696766156905273 -0.06740454813743553 0.035898469118915137 -0.032519259333159932 0.066118067993998733 -0.060384275028293737 -0.063672979865519605 -0.078571814875804544 0.036368494314274726 -0.06055572494636377 -0.060438650141566463 -0.06138682783883638 -0.06308853489964221 -0.061884474017715484 -0.060300986463329521 -0.060297191631485191 -0.060367414115357627 -0.060726267776933317 -0.060382505835142264 -0.060250204135402552 -0.060476250653657027 -0.060542486672303671 -0.060308217953590385 -0.060315204653330581 -0.060247312690577433
leaf_weight=0.68391050864012726 0.12002996169030566 0.27062269765883629 0.1808516327291716 0.26882694289088149 10.226058651227502 1.4551847861148406 5.179462700150907 0.18006119411438737 0.55472008045762766 0.27615962177515063 0.1221352438442409 1.675141373183578 0.21702628536149859 0.37463152455165971 0.10594668611884106 0.21968005690723658 0.88873247429728541 0.15875291544944048 1.164076073560864 1.3034192214254288 0.19498242065310478 2.1239756364375353 0.13434137124568224 0.093135781586170197 0.35456784488633275 0.10237134527415037 0.32948855869472027
leaf_count=22 8 14 14 3 298 23 213 25 17 2 6 236 29 26 6 8 156 26 180 108 26 395 15 12 55 16 61
internal_value=0.000675741 0.0190754 0.0286678 0.0349941 0.0389566 0.0273754 0.0620292 -0.0522158 -0.059495 -0.0577478 -0.0212808 -0.0631046 -0.063543 -0.0607248 -0.0607064 -0.061166 -0.060457 -0.0609852 -0.0603966 -0.0605539 -0.0603761 -0.0602917 -0.0605323 -0.0603879 -0.0603019 -0.0604066 -0.0602789
internal_weight=28.9583 22.1768 19.5468 18.2501 17.5446 11.6812 5.86337 2.63007 6.78147 2.35944 0.302196 2.05725 0.705533 6.66144 1.78109 0.436706 6.10672 0.62652 5.4802 2.19215 1.2966 3.28805 0.417564 0.251889 0.879039 0.236713 0.684056
internal_count=2000 1072 783 596 556 321 235 289 928 275 31 244 40 920 242 37 903 64 839 264 187 575 45 38 142 31 116
is_linear=0
shrinkage=0.08


Tree=149
num_leaves=31
num_cat=0
split_feature=3 6 0 6 1 6 1 3 6 2 2 3 0 2 1 0 3 0 6 0 1 2 3 1 4 1 2 3 0 4
split_gain=4.59227 2.85856 1.37621 0.864364 0.784943 0.878823 0.0124705 0.00786748 2.72264e-05 1.01511e-05 7.85583e-06 7.35294e-06 2.08938e-05 6.16685e-06 4.0485e-06 2.16063e-06 1.86901e-06 1.8058e-06 1.33063e-06 1.17349e-06 1.08872e-06 8.95146e-07 8.39652e-07 7.60805e-07 7.13232e-07 4.51529e-07 4.29176e-07 3.96842e-07 3.37459e-07 2.88791e-07
threshold=15.585168557084573 0.44846936668611254 18.016187737038674 0.25589935902013994 357.89772287073265 0.27226914037152411 328.56627559048701 399.14187848323093 0.51467215361942853 1.1208297994279526 1.1479305986524475 2.3897939099155585 56.63486483070966 1.1934537697169467 375.03523663338262 87.680024790486399 0.72663191903020663 91.770533876906697 0.59086320123563218 56.63486483070966 326.63879263033937 1.2841533712357114 7.0916649196021115 392.86290673270179 1.0000000180025095e-35 349.10438724764191 1.1376776011247427 2.5332133851342156 20.019422080825109 1.0000000180025095e-35
decision_type=2 2 2 2 2 2 2 2 2 2 2 2 2 2 2 2 2 2 2 2 2 2 2 2 2 2 2 2 2 2
left_child=11 2 10 6 5 -5 -4 -6 9 -3 25 12 21 15 16 23 -15 -16 24 22 26 -1 -13 -14 -10 29 -20 -21 -22 -2
right_child=1 8 3 4 7 -7 -8 -9 18 -11 -12 19 13 14 17 -17 -18 -19 20 27 28 -23 -24 -25 -26 -27 -28 -29 -30 -31
leaf_value=-0.060239095855059779 -0.060247095355204866 0.06151486253297099 -0.048186987154184457 0.061711457559116958 0.061914775093159728 -0.0034965915635577268 -0.065222246692590885 0.07382659246906019 0.060960861474929288 0.060935568688142601 -0.061002820874210759 -0.060277754467733161 -0.060264670685438823 -0.061020197879783349 -0.060651759157800945 -0.060647909348086552 -0.060752405078974586 -0.060313738014939881 0.060928267119479199 -0.060379205334604259 0.060831626317164884 -0.060472836598521651 -0.060558353057300299 -0.060509862355241965 0.060788027843000927 -0.060439677847919773 0.060788357147997296 -0.060241429294976528 0.060738036776281951 -0.060362877370430938
leaf_weight=1.7557053780183225 1.8876222865656056 0.45639085024595161 0.45309055177494773 1.5486128255724896 1.0975707713514555 9.0694923149421793 0.69978810427710414 0.52441328018903721 0.32906544115394343 0.33621205203235149 0.096078411675989517 0.1301158927381042 0.32585684489458788 0.2834218945354221 0.45038299774751067 0.19209299562498927 0.40536091011017561 0.13044541422277689 0.2927813883870839 0.14249484380707178 0.26132980361580838 0.11151921562850464 0.14354667207226157 0.10778102930635214 0.28529624082148075 0.088962457142770179 0.26946346648037434 2.1922503828536719 4.3666371712461114 0.14873764058575023
leaf_count=338 351 17 29 12 35 112 19 9 17 18 5 23 58 14 37 18 29 20 15 20 15 11 14 11 17 12 16 415 274 19
internal_value=-0.000497208 0.0166766 -0.0019782 0.00769445 0.0139318 0.00601377 -0.0585273 0.0657661 0.0608293 0.0612691 -0.0602952 -0.0603714 -0.060443 -0.0606301 -0.0607314 -0.0604246 -0.0608626 -0.0605758 0.0607693 -0.0602682 0.0607561 -0.0602531 -0.0604249 -0.0603256 0.0608806 -0.0602633 0.0608612 -0.0602498 0.0607433 -0.0602556
internal_weight=28.5825 22.2115 15.6144 13.393 12.2401 10.6181 1.15288 1.62198 6.59718 0.792603 2.2214 6.37097 3.76257 1.89534 1.26961 0.625731 0.688783 0.580828 5.80457 2.60841 5.19021 1.86722 0.273663 0.433638 0.614362 2.12532 0.562245 2.33475 4.62797 2.03636
internal_count=2000 992 603 216 168 124 48 44 389 35 387 1008 536 187 100 87 43 57 354 472 320 349 37 69 34 382 31 435 289 370
is_linear=0
shrinkage=0.08


Tree=150
num_leaves=31
num_cat=0
split_feature=0 5 1 3 2 3 3 3 6 0 3 3 3 3 3 3 1 3 5 3 6 3 2 6 1 0 6 3 2 2
split_gain=5.64083 1.37042 1.11509 1.07649 1.00097 0.744906 1.56773 1.3864 0.205916 0.366831 0.152814 0.251934 0.0658954 0.00760621 0.0012351 0.00074517 0.00025877 1.43001e-05 1.19011e-05 1.98935e-05 3.76006e-05 1.90404e-05 5.02663e-06 3.72379e-06 3.55654e-06 2.9178e-06 3.96615e-06 3.80353e-06 2.87849e-06 9.1922e-07
threshold=54.781068669324092 4.6382731419705987 393.43819303546229 0.32449682558616832 1.3146614766206868 0.53604335182501794 0.40194607887153266 1.7455752581655954 0.37089178112084881 77.700632954941597 13.991150337696235 15.585168557084573 2.1501652444964994 1.8947335288747718 4.8538923192864809 2.1964695655714119 378.62515351682879 2.8625009827826413 0.84435523030874948 33.023932279579107 0.43426316295632844 106.61571274570126 1.2841533712357114 0.39785052914374058 415.04915411140797 16.134654976476487 0.45066514543519792 7.5676313424853259 1.1238743592439817 1.1458622578706501
decision_type=2 2 2 2 2 2 2 2 2 2 2 2 2 2 2 2 2 2 2 2 2 2 2 2 2 2 2 2 2 2
left_child=18 2 4 -4 5 6 -2 -7 9 -5 15 -12 -10 -6 -15 16 -3 -17 25 22 21 -21 24 -23 -20 29 27 -27 -29 -1
right_child=1 10 3 8 13 7 -8 -9 12 -11 11 -13 -14 14 -16 17 -18 -19 19 20 -22 23 -24 -25 -26 26 -28 28 -30 -31
leaf_value=-0.060253418089025484 -0.036910724449850191 0.0643721789873202 -0.078872076737179372 -0.0028885248376533347 0.080393982450289128 -0.058444348265993547 0.093419505476901851 0.0069191489254566349 0.077769951270259055 0.063808443095426867 0.06071731098810447 -0.060245215741873956 0.052596880193047632 0.067022137205441729 0.060785449713106995 0.06124495727563839 0.062059164614329768 0.060717911199388998 -0.060237288349196262 -0.061749660061994179 -0.060271930023032438 -0.060761262325080674 -0.060887980191674344 -0.061190184818256922 -0.060795361413463499 -0.060247746805345968 -0.060253116133268274 -0.060446703175861025 -0.060707201227359904 -0.060434274455550038
leaf_weight=2.063518015202138 1.1870864252559905 0.54861453920602687 0.44548070430755515 0.99410718958824906 0.25243237614631542 3.8216451089829189 1.1757336733862755 4.5488012344576418 1.4132517762482169 1.1250083204358814 0.27994979731738556 0.18172981822863221 1.2578769661486147 0.52055938821285963 0.33337101247161627 0.37155508715659413 0.71039394196122885 2.9091721531003714 1.1520906584337356 0.20681357709690906 0.6383424736559391 0.50030287681147456 0.091282031498849281 0.17480135150253773 0.078034882899373659 0.36729730851948295 0.8072511851787566 0.73448641295544781 0.4306568494066596 0.19703241856768716
leaf_count=376 29 8 4 32 1 65 7 268 9 42 18 34 60 11 21 17 23 187 223 11 115 42 6 9 5 70 150 96 33 28
internal_value=-0.000179942 0.0201243 0.00933709 0.0400797 -0.00425793 -0.0117261 0.0279413 -0.0229235 0.051142 0.0325199 0.0569531 0.0131031 0.0659156 0.0681939 0.0645874 0.0614125 0.0630671 0.0607776 -0.0604135 -0.0605422 -0.0607396 -0.0610781 -0.0603152 -0.0608723 -0.0602727 -0.060334 -0.0603966 -0.0604722 -0.060543 -0.0602692
internal_weight=29.5187 22.0768 17.0754 5.23572 11.8396 10.7333 2.36282 8.37045 4.79024 2.11912 5.00142 0.46168 2.67113 1.10636 0.85393 4.53974 1.25901 3.28073 7.44191 2.84167 1.52026 0.881918 1.32141 0.675104 1.23013 4.60024 2.33969 1.53244 1.16514 2.26055
internal_count=2000 836 549 147 402 369 36 333 143 74 287 52 69 33 32 235 31 204 1164 411 177 62 234 51 228 753 349 199 129 404
is_linear=0
shrinkage=0.08


Tree=151
num_leaves=31
num_cat=0
split_feature=3 0 6 2 5 1 5 2 2 1 6 0 3 3 1 0 4 5 2 0 6 0 3 4 6 3 2 2 6 3
split_gain=7.20509 1.98 0.828339 0.930203 0.987528 0.864571 0.190722 0.000202172 1.2802e-05 2.19044e-05 1.21781e-05 1.72327e-05 3.37374e-05 4.6017e-05 8.62442e-06 6.89589e-06 5.21851e-06 1.31783e-06 1.05512e-06 5.52721e-07 1.77858e-07 3.68642e-07 1.50177e-07 1.39178e-07 1.02524e-07 4.63604e-08 3.65805e-08 1.42915e-08 1.73634e-09 1.69433e-09
threshold=2.5332133851342156 56.63486483070966 0.49916096403617743 1.280815452576809 2.5744271535336991 354.71422972199701 2.2081367668408296 1.2680615046967247 1.1201643751438064 354.13886650769234 0.44846936668611254 16.134654976476487 28.488715096179011 40.426448521239223 409.59854941339842 54.781068669324092 1.0000000180025095e-35 2.2380833085660008 1.1356623744607983 39.249053016537339 0.574978740179655 59.042743918427284 167.14328156197922 1.0000000180025095e-35 0.43637415851164313 201.24777680772726 1.1367808407704694 1.1367808407704694 0.61150667615532395 177.32348472480513
decision_type=2 2 2 2 2 2 2 2 2 2 2 2 2 2 2 2 2 2 2 2 2 2 2 2 2 2 2 2 2 2
left_child=1 7 3 4 6 -6 -3 8 9 -1 11 18 17 -14 15 -10 -15 -13 23 -11 21 22 -12 24 -2 -23 -24 -19 29 -22
right_child=10 2 -4 -5 5 -7 -8 -9 14 19 20 12 13 16 -16 -17 -18 27 -20 -21 28 25 26 -25 -26 -27 -28 -29 -30 -31
leaf_value=0.061510440079552267 -0.060244141266108178 0.023619356479680449 -0.062238367127069316 -0.028208762462896352 0.065762964745382305 -0.006534705404193002 0.067061228469302792 0.062261881208312726 0.060763483841031862 0.060877581718816985 -0.060413860302896846 -0.06049854236213055 -0.06190800020517024 -0.060692384623875793 0.061264144468055129 0.0611349348697314 -0.060377019897757941 -0.060272533974944011 -0.060541264269306137 0.060732477533481211 -0.060234573478190674 -0.060237399244670496 -0.060334277547625631 -0.060339982828097515 -0.060333706826279317 -0.060301136525715456 -0.060263470188029959 -0.060239007958751867 -0.060233664557797217 -0.06024874444823812
leaf_weight=0.50517076067627076 1.8109296546317626 0.8307521753013084 0.98399878200143653 2.7024839967489251 1.2954092286527155 5.7908252053894103 2.9208618719130754 0.75858593545854081 4.1986208148300648 0.40970720443874598 0.13041299162432574 0.1393085261806849 0.19745773170143399 1.7862457628361883 0.26161683537065972 0.34624322876334179 0.4135660771280526 0.086510448250919469 0.084877133835106977 0.28478843718767166 0.11362757021561254 0.64249088894575834 0.10303738433867693 0.11194591596722592 0.085663346573710331 0.082403916865587234 0.085395435802638531 1.3710346962325273 1.5659465924836693 0.10289642447605729
leaf_count=18 338 18 21 24 19 69 56 24 260 22 16 16 8 167 12 15 55 15 9 18 22 123 15 15 13 13 15 261 304 19
internal_value=-1.49697e-06 0.025282 0.00863178 0.013782 0.0242527 0.00668177 0.0574415 0.0610313 0.0608758 0.0611096 -0.0603872 -0.0604509 -0.0605483 -0.0607381 0.0608175 0.0607918 -0.0606331 -0.0602635 -0.060265 0.0608181 -0.06025 -0.0602762 -0.0603479 -0.0602533 -0.0602482 -0.0602446 -0.0603022 -0.060241 -0.0602346 -0.0602413
internal_weight=30.2028 21.2891 14.5243 13.5403 10.8378 7.08623 3.75161 6.76473 6.00615 1.19967 8.91375 6.08754 3.99412 2.39727 4.80648 4.54486 2.19981 1.59685 2.09342 0.694496 2.82621 1.04374 0.318846 2.00854 1.89659 0.724895 0.188433 1.45755 1.78247 0.216524
internal_count=2000 576 207 186 162 88 74 369 345 58 1424 897 522 230 287 275 222 292 375 40 527 182 46 366 351 136 30 276 345 41
is_linear=0
shrinkage=0.08


Tree=152
num_leaves=26
num_cat=0
split_feature=2 0 1 4 3 3 6 2 4 5 6 3 3 0 6 1 2 0 3 0 1 3 0 5 4
split_gain=4.48887 2.10594 1.35812 1.04303 0.672194 1.00496 0.42467 0.282572 0.205239 0.105162 0.0647603 0.0934937 0.0608096 0.00687991 0.000963774 0.00070625 0.000661425 0.000447848 6.787e-05 2.58289e-05 2.15429e-05 1.13415e-05 1.21768e-05 1.23393e-06 3.84434e-07
threshold=1.1599606059053873 19.068415520106392 357.42682075213031 1.0000000180025095e-35 65.367514317308661 290.75949750076285 0.32149204223839284 1.0768259549108319 1.0000000180025095e-35 -0.36852683094437583 0.22508953152006231 4.1134233488430985 28.488715096179011 20.019422080825109 0.43909032788414631 317.84519409969454 1.0812486674759063 17.521642935875622 486.24380465523552 25.408446736318414 357.66200232683059 2.0648330022995789 56.63486483070966 2.5744271535336991 1.0000000180025095e-35
decision_type=2 2 2 2 2 2 2 2 2 2 2 2 2 2 2 2 2 2 2 2 2 2 2 2 2
left_child=1 8 3 4 6 -6 -3 -5 12 -2 11 -4 -1 -12 17 -11 -9 -14 -15 20 -17 22 -21 -23 -22
right_child=9 2 10 7 5 -7 -8 16 -10 15 13 -13 14 18 -16 19 -18 -19 -20 21 24 23 -24 -25 -26
leaf_value=0.027736634204578912 0.02673778531498365 0.033830348989755205 -0.060350189782699591 0.028585877811135182 0.060894924723612319 0.0032552178726147356 -0.041764390046047865 -0.067073951895042616 0.011700438528119778 -0.063507894631214257 -0.07374669123401352 0.034117915023245897 0.060691104559250642 -0.060491182410327478 0.056051213587219005 -0.061326394448185224 -0.061662860503673436 0.062828041270943435 -0.062707172663358776 -0.060267033924013273 -0.060431888004546332 -0.060333265916173495 -0.060672115256206201 -0.060225156878465809 -0.060228567791227462
leaf_weight=0.38020946364850416 0.08935663430020202 0.6940430370159415 0.16212820447981302 0.26021021045744497 3.8740508481860161 3.8695933641865849 1.5111593599431214 0.16410383069887746 0.65497383754700411 0.51955433934926887 0.30387796973809589 0.11433113971725106 4.9394387872889638 1.5134351775050161 0.26780640706419934 0.34800929110497225 1.2148337215185163 0.71903382334858168 0.093945760279893764 0.78896469203755248 0.14822706952691078 1.04684036038816 1.1931791026145218 1.9058123300783334 0.09944777050986886
leaf_count=23 5 24 25 16 86 79 39 5 29 17 5 6 341 240 12 26 117 19 6 156 21 180 108 395 20
internal_value=0.000672016 0.0184613 0.0003383 0.0112526 0.0209947 0.0320917 -0.0179725 -0.0478779 0.0543242 -0.0594154 -0.0574728 -0.0212824 0.0587509 -0.0627076 0.0607407 -0.0606878 -0.0623068 0.0609626 -0.0606207 -0.0604229 -0.0609205 -0.0603629 -0.0605109 -0.0602635 -0.0603502
internal_weight=26.8766 20.7372 13.7757 11.588 9.94885 7.74364 2.2052 1.63915 6.96146 6.13939 2.18772 0.276459 6.30649 1.91126 5.92628 6.05003 1.37894 5.65847 1.60738 5.53048 0.595684 4.9348 1.98214 2.95265 0.247675
internal_count=2000 1072 648 366 228 165 63 138 424 928 282 31 395 251 372 923 122 360 246 906 67 839 264 575 41
is_linear=0
shrinkage=0.08


Tree=153
num_leaves=31
num_cat=0
split_feature=3 6 0 4 6 6 1 2 0 6 2 2 3 0 2 3 0 0 6 0 1 3 3 2 4 1 2 3 0 4
split_gain=4.11371 2.55849 1.2473 0.842234 0.651871 0.80939 0.0788513 0.00133636 0.000779192 1.97727e-05 7.4506e-06 6.51729e-06 6.04943e-06 1.72219e-05 4.98488e-06 3.30314e-06 2.06131e-06 1.05555e-06 9.38104e-07 9.09089e-07 7.51704e-07 7.38238e-07 6.69244e-07 6.25628e-07 4.8039e-07 4.19095e-07 3.47816e-07 2.64984e-07 2.1343e-07 2.11277e-07
threshold=15.585168557084573 0.44846936668611254 18.016187737038674 1.0000000180025095e-35 0.25589935902013994 0.32851067735124273 331.59328056397993 1.1093572902128772 28.744960154998651 0.51467215361942853 1.1208297994279526 1.1512143600328344 2.3897939099155585 56.63486483070966 1.1744980387919182 0.68670901493829384 114.0683049646795 87.680024790486399 0.59086320123563218 56.63486483070966 326.84336193042981 0.40194607887153266 7.0916649196021115 1.2841533712357114 1.0000000180025095e-35 349.10438724764191 1.1435488378433869 2.5332133851342156 20.019422080825109 1.0000000180025095e-35
decision_type=2 2 2 2 2 2 2 2 2 2 2 2 2 2 2 2 2 2 2 2 2 2 2 2 2 2 2 2 2 2
left_child=12 2 11 4 7 -6 -5 -4 -8 10 -3 25 13 23 17 21 -17 -15 24 22 26 -16 -14 -1 -11 29 -20 -21 -22 -2
right_child=1 9 3 6 5 -7 8 -9 -10 18 -12 -13 19 14 15 16 -18 -19 20 27 28 -23 -24 -25 -26 -27 -28 -29 -30 -31
leaf_value=-0.060212048541681676 -0.060222744753159953 0.061358975401925017 -0.0614159963106089 0.027550164626482413 0.030849697734183865 -0.015403575144683344 0.064840888258755502 -0.067538127620817165 0.061263210144184246 0.060855485534942202 0.060834716609577164 -0.060980038432402378 -0.060246839786554186 -0.060264118936385211 -0.06072783330686482 -0.060624743862134123 -0.060297223904968618 -0.060569553213201587 0.060818971131216974 -0.060336792829779266 0.060737977938797212 -0.060934917528928184 -0.060510949566653816 -0.060419383816927796 0.060705528018071248 -0.060414636209028955 0.060687896421178077 -0.060217431514874964 0.060659103621071062 -0.060326956757597368
leaf_weight=1.5583536266349285 1.7039364082738782 0.40941482689231534 0.6136565743945529 0.53556802868843023 4.3031506799161416 5.5368049899116158 0.81223311088979222 0.36327620781958103 0.74875843338668346 0.29377045203000296 0.30107422918081284 0.078923623077571281 0.11568595375865731 0.30368794733658422 0.20710984198376514 0.74449000367894769 0.14731940208002925 0.095087572000920773 0.31179413571953762 0.12667951779440079 0.23273884039372195 0.23539765761233866 0.13086371915414929 0.099063945934176334 0.25574704818427563 0.082532569300383218 0.22168944776058197 1.9723643623292444 3.8792374497279525 0.13432268053293217
leaf_count=338 352 17 41 8 48 68 12 5 34 17 18 4 23 57 15 67 24 9 18 20 15 15 14 11 17 12 15 415 272 19
internal_value=-0.000353989 0.0161739 -0.00147418 0.00763028 -0.00136444 0.00482363 0.0540372 -0.0636925 0.0631248 0.060741 0.0611368 -0.0602676 -0.0603405 -0.0604088 -0.0605851 -0.0606593 -0.0605706 -0.0603369 0.0606869 -0.0602417 0.0606752 -0.060838 -0.060387 -0.0602244 0.0607857 -0.0602383 0.0607645 -0.0602246 0.0606636 -0.0602304
internal_weight=26.5547 20.8186 14.9132 12.9134 10.8169 9.83996 2.09656 0.976933 1.56099 5.90547 0.710489 1.99972 5.7361 3.39051 1.73309 1.33432 0.891809 0.398776 5.19498 2.34559 4.64546 0.442507 0.24655 1.65742 0.549518 1.92079 0.533484 2.09904 4.11198 1.83826
internal_count=2000 992 603 216 162 116 54 46 46 389 35 387 1008 536 187 121 91 66 354 472 320 30 37 349 34 383 33 435 287 371
is_linear=0
shrinkage=0.08


Tree=154
num_leaves=31
num_cat=0
split_feature=0 5 1 3 2 3 3 3 2 0 0 3 3 3 3 3 1 3 0 1 6 3 6 0 6 3 2 2 2 3
split_gain=5.00371 1.27129 1.00946 0.954462 0.894042 0.691419 1.34976 1.28138 0.204741 0.381592 0.161865 0.135996 0.223764 0.00559188 0.00109447 0.000589894 0.000202898 1.14453e-05 1.09803e-05 2.12248e-05 1.89562e-05 4.87891e-06 6.4794e-06 3.55905e-06 4.98493e-06 6.27128e-06 4.36591e-06 2.00813e-06 6.95175e-07 6.81875e-07
threshold=54.781068669324092 4.6382731419705987 393.43819303546229 0.32449682558616832 1.3146614766206868 0.53604335182501794 0.40194607887153266 1.7455752581655954 1.2092918963580468 68.246074016076761 56.63486483070966 13.991150337696235 15.585168557084573 1.8947335288747718 4.3266916127214374 2.1964695655714119 378.62515351682879 2.8625009827826413 38.95772349200849 338.27831677816749 0.34700586159202457 273.53466871518668 0.50475883420804502 16.134654976476487 0.46975384316758861 7.5676313424853259 1.148769487542596 1.2648794475192584 1.1458622578706501 141.31759190702181
decision_type=2 2 2 2 2 2 2 2 2 2 2 2 2 2 2 2 2 2 2 2 2 2 2 2 2 2 2 2 2 2
left_child=18 2 4 -4 5 6 -2 -7 9 -5 -10 15 -13 -6 -15 16 -3 -17 23 20 -20 27 -23 28 25 -25 -27 29 -1 -21
right_child=1 11 3 8 13 7 -8 -9 10 -11 -12 12 -14 14 -16 17 -18 -19 19 21 -22 22 -24 24 -26 26 -28 -29 -30 -31
leaf_value=-0.060227995305014506 -0.035051205645798791 0.064027351457015547 -0.076565549019065968 -0.031004053145013366 0.078251262090904328 -0.057411663672548359 0.087138291256456391 0.0067312362270652284 0.00079548798736778367 0.05459025671825711 0.068083287821005853 0.060635583241269081 -0.060218427778918254 0.066795033283874899 0.060690634287208028 0.061133181993350112 0.061890235064466607 0.060636536066653549 -0.061487173902038748 -0.06023827657129055 -0.060405020995842947 -0.060978990767647012 -0.060208055661703702 -0.060241241336422287 -0.060226562939356701 -0.060451585178359281 -0.060758204699833521 -0.060691366757696631 -0.060394328302350364 -0.060445171383227518
leaf_weight=1.855748236645016 1.1351310820318823 0.50738066434860118 0.41626101732253928 0.49998514261096705 0.23845158517360576 3.6500831791199726 1.1800942020490763 4.3911975654773414 0.25002671591937575 1.0001335041597483 2.6953377248719335 0.24872199539095152 0.16185679426416755 0.4483125964179635 0.32370054349303246 0.33549729268997941 0.64670240972191095 2.5861305426806211 0.25412283139303316 0.73464696784503736 0.17490085493773222 0.17806299263611436 0.11472538905218244 0.64230052055791098 0.93879690300673235 1.0049506325740365 0.42201015446335066 0.077876441646367311 0.17606885777786363 0.11837718123570085
leaf_count=376 29 8 4 16 1 65 7 268 7 25 95 18 34 9 23 17 23 187 19 152 28 12 25 135 196 134 31 9 28 19
internal_value=-0.000245295 0.0191839 0.00876381 0.0392721 -0.00428484 -0.0112929 0.02723 -0.0223844 0.0501188 0.0260619 0.0623713 0.0568776 0.012993 0.067543 0.0642355 0.0612985 0.0628298 0.0606936 -0.0603829 -0.0605618 -0.061046 -0.0603921 -0.0606769 -0.0603242 -0.0603795 -0.0604488 -0.0605423 -0.0603025 -0.0602424 -0.060267
internal_weight=27.4076 20.715 16.2287 4.86174 11.367 10.3565 2.31523 8.04128 4.44548 1.50012 2.94536 4.48629 0.410579 1.01046 0.772013 4.07571 1.15408 2.92163 6.69259 1.65271 0.429024 1.22369 0.292788 5.03988 3.00806 2.06926 1.42696 0.930901 2.03182 0.853024
internal_count=2000 836 549 147 402 369 36 333 143 41 102 287 52 33 32 235 31 204 1164 264 47 217 37 900 496 300 165 180 404 171
is_linear=0
shrinkage=0.08


Tree=155
num_leaves=31
num_cat=0
split_feature=3 0 2 0 6 6 1 3 1 0 2 2 1 6 0 3 3 1 0 4 5 2 0 6 0 3 4 6 2 2
split_gain=6.40961 1.83562 0.774996 1.07759 0.769154 0.637099 0.946682 0.771846 0.325311 0.00754456 0.00015955 1.23896e-05 2.0123e-05 1.06912e-05 1.48501e-05 2.85985e-05 4.32605e-05 5.83431e-06 5.36916e-06 4.16943e-06 1.04297e-06 8.51794e-07 4.738e-07 1.35598e-07 2.54622e-07 1.10847e-07 1.04547e-07 7.53394e-08 3.01043e-08 2.56351e-08
threshold=2.5332133851342156 56.63486483070966 1.2105893437480453 99.174299002909109 0.18062809490595425 0.39174308418473786 379.39428200545336 0.53604335182501794 399.36789473572895 91.770533876906697 1.2680615046967247 1.1201643751438064 354.13886650769234 0.44846936668611254 16.134654976476487 28.488715096179011 40.426448521239223 409.59854941339842 54.781068669324092 1.0000000180025095e-35 2.2380833085660008 1.1356623744607983 39.249053016537339 0.574978740179655 59.042743918427284 167.14328156197922 1.0000000180025095e-35 0.43637415851164313 1.1327162836858997 1.1367808407704694
decision_type=2 2 2 2 2 2 2 2 2 2 2 2 2 2 2 2 2 2 2 2 2 2 2 2 2 2 2 2 2 2
left_child=1 10 3 8 -4 7 -7 -6 9 -3 11 12 -1 14 21 20 -17 18 -13 -18 -16 26 -14 24 25 -15 27 -2 -26 -27
right_child=13 2 4 -5 5 6 -8 -9 -10 -11 -12 17 22 23 15 16 19 -19 -20 -21 -22 -23 -24 -25 28 29 -28 -29 -30 -31
leaf_value=0.061427162674312731 -0.060219528896070747 0.061551674654512743 0.061183944765612459 -0.063593189697594699 -0.075898421364314544 0.062864692603871897 -0.022431809087720592 -0.0085760425416014831 0.013318042856869 0.070666136440017943 0.062086188016951205 0.060681661712926327 0.060791588369113407 -0.060369685972196239 -0.060457096398884559 -0.061854702655949251 -0.060643948232843706 0.061120130968569636 0.061026539607899472 -0.060349962214990137 -0.060217195103871975 -0.060499439860446362 0.060649457487867146 -0.060208157077935857 -0.060262151360878584 -0.060296575058234304 -0.06030691136019535 -0.060300330619476754 -0.060212095788178883 -0.060233667867238813
leaf_weight=0.47042969148606661 1.6278850841335932 2.0997020313516255 0.9952429598197331 0.61702219117432822 1.6758025772869567 1.4260833263397219 2.0016030878759921 3.1174409529194236 1.119857048615813 0.80371920764446247 0.6872825352475046 3.7459908509626985 0.36871753074228764 0.11658472334966097 0.12722500413656268 0.18884211545810137 1.6325568961910906 0.23273462709039439 0.31304870638996352 0.38075518328696478 1.3122603229712693 0.077078917529433855 0.25317416526377201 1.5828762520104644 0.089135580696165562 0.091502476017922163 0.10113230440765608 0.07736141700297583 0.55999566894024611 0.075804897118359804
leaf_count=18 338 81 13 18 9 13 22 33 13 5 24 260 22 16 16 8 167 12 15 55 276 9 18 345 16 15 15 13 120 15
internal_value=-6.93068e-05 0.024258 0.00818602 0.0348494 -0.00523889 -0.0132802 0.0130557 -0.0321131 0.0499469 0.0640747 0.0609383 0.0607918 0.0610324 -0.0603591 -0.0604214 -0.0605157 -0.0606969 0.0607306 0.0607083 -0.0605883 -0.0602384 -0.060239 0.0607337 -0.0602224 -0.0602466 -0.0603098 -0.0602279 -0.0602232 -0.060219 -0.0602681
internal_weight=27.9688 19.9279 13.8565 4.6403 9.21617 8.22093 3.42769 4.79324 4.02328 2.90342 6.07138 5.3841 1.09232 8.041 5.5251 3.64164 2.20215 4.29177 4.05904 2.01331 1.43949 1.88346 0.621892 2.5159 0.933023 0.283892 1.80638 1.70525 0.649131 0.167307
internal_count=2000 576 207 117 90 77 35 42 99 86 369 345 58 1424 897 522 230 287 275 222 292 375 40 527 182 46 366 351 136 30
is_linear=0
shrinkage=0.08


Tree=156
num_leaves=26
num_cat=0
split_feature=2 5 6 1 1 1 0 0 0 1 3 1 1 3 6 0 1 3 0 0 1 1 5 2 2
split_gain=4.02015 1.88331 1.26714 1.05295 0.732741 0.968487 0.143208 0.100368 0.0953122 0.0291855 0.00548117 0.000991103 0.00058407 2.49314e-05 3.91949e-05 1.90926e-05 1.58805e-05 9.14909e-06 1.00538e-05 3.19061e-06 1.99192e-06 1.91116e-06 1.07237e-06 3.41799e-07 6.67126e-08
threshold=1.1599606059053873 1.6966079060946768 0.44846936668611254 359.61677906077745 326.84336193042981 327.1550312623279 48.525681755408613 51.953923313740901 7.4803549541851266 365.30105363819274 421.63682716945078 321.7906015051808 317.84519409969454 295.76930772775046 0.39678571165757093 25.408446736318414 357.66200232683059 2.0648330022995789 56.63486483070966 19.341793380924816 339.15838884502278 329.34173465960163 2.6907323835933279 1.2208278413095222 1.0856713124226913
decision_type=2 2 2 2 2 2 2 2 2 2 2 2 2 2 2 2 2 2 2 2 2 2 2 2 2
left_child=1 2 3 4 6 -6 -1 -3 -2 -5 -11 -9 -10 20 -15 16 -14 18 -17 -4 -13 -21 -19 -18 -23
right_child=8 7 19 9 5 -7 -8 11 12 10 -12 13 15 14 -16 17 23 22 -20 21 -22 24 -24 -25 -26
leaf_value=0.058881290648610689 0.025369719585208773 -0.01630114100143519 -0.060740701858733044 -0.032146981441789742 -0.076036243725593103 0.030718761734621257 0.11333639448110555 -0.065556270757031632 -0.063297856536623467 -0.06064457212429912 -0.076536006113706312 -0.060560146912142628 -0.061204614362569736 -0.062081421818681259 -0.060295365005005541 -0.060236895188703656 -0.060245163225117755 -0.060303913685877897 -0.060625094904418905 -0.060507453930752429 -0.06028127968459366 -0.060272729093050613 -0.060199340714028812 -0.060451909733549247 -0.060216369651177049
leaf_weight=4.4444021573290344 0.083708629943429425 0.38627942791208569 0.11703030206262954 0.21230747830122787 0.57471188716590305 10.13546140771359 0.33218103647232045 0.3008438586257397 0.48458562558516849 0.36088255885988474 0.22583386301994324 0.19928440242074408 0.31474582664668549 0.14846981107257295 0.16718139359727502 0.70031295507214952 0.14096699538640678 1.020933020859957 1.0939157409593461 0.21011449070647359 0.92400926188565791 0.18397559551522136 1.6290390468202529 0.080345996655523777 0.49899611831642687
leaf_count=231 5 22 11 14 5 320 1 11 17 48 1 27 26 6 31 156 29 195 108 25 178 33 380 12 108
internal_value=0.000706884 0.0178639 0.026598 0.0319908 0.0366113 0.0249902 0.0626683 -0.05319 -0.0593488 -0.057564 -0.0667614 -0.0613803 -0.0606465 -0.0605073 -0.0611355 -0.0603885 -0.0608395 -0.0603341 -0.0604736 -0.0603479 -0.0603308 -0.0602965 -0.0602396 -0.0603202 -0.0602316
internal_weight=24.9705 19.422 17.2959 16.2858 15.4868 10.7102 4.77658 2.12607 5.54855 0.799024 0.586716 1.73979 5.46485 1.43894 0.315651 4.98026 0.536059 4.4442 1.79423 1.01012 1.12329 0.893086 2.64997 0.221313 0.682972
internal_count=2000 1072 797 620 557 325 232 275 928 63 49 253 923 242 37 906 67 839 264 177 205 166 575 41 141
is_linear=0
shrinkage=0.08


Tree=157
num_leaves=31
num_cat=0
split_feature=3 6 0 0 1 6 6 1 2 6 2 3 0 2 2 1 3 0 0 0 6 3 1 1 2 4 1 2 3 4
split_gain=3.67626 2.32927 1.10659 0.79026 0.756859 0.712748 0.420691 0.00161829 6.79784e-05 1.65437e-05 6.37128e-06 4.88193e-06 1.42479e-05 4.75548e-06 4.27114e-06 2.58575e-06 1.40941e-06 1.31317e-06 1.20932e-06 8.41426e-07 7.22693e-07 6.25546e-07 5.6544e-07 5.25098e-07 4.37102e-07 3.99706e-07 2.90253e-07 2.80122e-07 2.14028e-07 2.05472e-07
threshold=15.585168557084573 0.44846936668611254 18.016187737038674 51.953923313740901 326.84336193042981 0.25891514424036299 0.39356220877427456 336.57689643636428 1.1320347528545687 0.51467215361942853 1.1251308774407247 2.3897939099155585 56.63486483070966 1.1512143600328344 1.1934537697169467 375.03523663338262 0.72663191903020663 86.653630333035295 87.680024790486399 58.318784863955841 0.59086320123563218 3.8130769916734724 326.84336193042981 395.39666799617652 1.2841533712357114 1.0000000180025095e-35 349.10438724764191 1.1435488378433869 2.5332133851342156 1.0000000180025095e-35
decision_type=2 2 2 2 2 2 2 2 2 2 2 2 2 2 2 2 2 2 2 2 2 2 2 2 2 2 2 2 2 2
left_child=11 2 13 4 6 -6 -4 -5 -9 10 -3 12 24 26 18 16 -16 -17 23 21 25 -13 27 -14 -1 -11 29 -22 -21 -2
right_child=1 9 3 7 5 -7 -8 8 -10 20 -12 19 14 -15 15 17 -18 -19 -20 28 22 -23 -24 -25 -26 -27 -28 -29 -30 -31
leaf_value=-0.060188063281904562 -0.060197822646163683 0.061238619412853669 -0.060487964789264485 0.067325211856194653 -0.052218242596939232 0.019520663647959822 0.012584122399331777 0.062387601317961013 0.060958711340596862 0.060777675256655346 0.060715850279547297 -0.060189934488479854 -0.060218916736860049 -0.060881228114582922 -0.060894435417069043 -0.060574390776520166 -0.060643287775005196 -0.060268104542789171 -0.060540446838027527 -0.060308238850092573 0.060741765901457412 -0.060459247876405109 0.060598406589223767 -0.060447493505149746 -0.060371960389507554 0.060633715772283943 -0.060368630409590784 0.060617954065525288 -0.060194984623321512 -0.060304471678342325
leaf_weight=1.383084053872156 1.5140961362049008 0.41562565229833026 1.7369633200578385 0.53760633710771688 1.0034629898145775 7.5947359958663583 0.71050329692661751 0.46030145045369864 0.39675201289355755 0.26680200081318606 0.23276820871978998 0.086702400818467473 0.27054277528077353 0.070969440974295028 0.24656044971197821 0.36193592380732298 0.34050094289705157 0.11905659665353596 0.15609825379215181 0.11370311491191376 0.2824868382886051 0.15190879348665476 3.7093047257512808 0.084383795037865639 0.087982674594968446 0.22971095517277718 0.073347072582691797 0.19957598298788071 1.7571158229839055 0.12517430074512947
leaf_count=338 352 19 47 8 27 87 12 14 21 17 16 21 59 4 14 35 29 22 18 20 18 18 287 10 11 17 12 15 413 19
internal_value=-0.00024446 0.0156005 -0.00130867 0.00714032 -2.43627e-05 0.0111483 -0.039275 0.0638844 0.0617261 0.0606722 0.0610509 -0.0603135 -0.0603782 -0.0602395 -0.0605451 -0.0606361 -0.0607488 -0.0604986 -0.0603549 -0.0602199 0.0606198 -0.0603614 0.060609 -0.0602733 -0.0601991 0.0607111 -0.0602129 0.0606905 -0.0602019 -0.060206
internal_weight=24.7198 19.5602 14.2239 12.4403 11.0457 8.5982 2.44747 1.39466 0.857053 5.33627 0.648394 5.15958 3.05015 1.78359 1.57908 1.06805 0.587061 0.480993 0.511025 2.10943 4.68788 0.238611 4.19137 0.354927 1.47107 0.496513 1.71262 0.482063 1.87082 1.63927
internal_count=2000 992 603 216 173 114 59 43 35 389 35 1008 536 387 187 100 43 57 87 472 354 39 320 69 349 34 383 33 433 371
is_linear=0
shrinkage=0.08


Tree=158
num_leaves=31
num_cat=0
split_feature=0 5 1 3 2 3 3 3 2 0 0 3 3 3 3 3 1 3 0 1 6 3 6 0 6 3 2 6 2 2
split_gain=4.43459 1.17672 0.887307 0.884116 0.804166 0.583869 1.16384 1.12613 0.196723 0.347432 0.150437 0.120927 0.198702 0.00432705 0.000854309 0.000454017 0.000166869 9.61239e-06 9.14475e-06 1.77929e-05 1.31467e-05 4.32932e-06 5.30305e-06 3.00088e-06 4.17416e-06 5.22229e-06 3.66984e-06 1.86936e-06 1.40022e-06 5.26588e-07
threshold=54.781068669324092 4.6382731419705987 393.43819303546229 0.32449682558616832 1.3146614766206868 0.53604335182501794 1.7455752581655954 0.40194607887153266 1.2092918963580468 68.246074016076761 56.63486483070966 13.991150337696235 15.585168557084573 1.8947335288747718 4.3266916127214374 2.1964695655714119 378.62515351682879 2.8625009827826413 38.95772349200849 338.27831677816749 0.32851067735124273 273.53466871518668 0.50475883420804502 16.134654976476487 0.46975384316758861 7.5676313424853259 1.148769487542596 0.48632166333064913 1.2648794475192584 1.1458622578706501
decision_type=2 2 2 2 2 2 2 2 2 2 2 2 2 2 2 2 2 2 2 2 2 2 2 2 2 2 2 2 2 2
left_child=18 2 4 -4 5 7 -7 -2 9 -5 -10 15 -13 -6 -15 16 -3 -17 23 20 -20 28 -23 29 25 -25 -27 -22 -21 -1
right_child=1 11 3 8 13 6 -8 -9 10 -11 -12 12 -14 14 -16 17 -18 -19 19 21 27 22 -24 24 -26 26 -28 -29 -30 -31
leaf_value=-0.060203668309562842 -0.034005928809516021 0.063709955896543199 -0.075959228603621282 -0.030514067192370101 0.076671525341151445 -0.05559958066464743 0.0068809249192044418 0.079323473802837108 0.00071658985762697628 0.053122012069664271 0.067551041094955619 0.060563226176209836 -0.060194449573029676 0.066289658604523807 0.060612130333155739 0.061043028541372751 0.061684150446702432 0.060564871073391063 -0.061433628140337183 -0.060237771600910907 -0.060724019459450086 -0.060917670213306858 -0.060184506523026399 -0.06021399407300683 -0.060200917639794051 -0.06041664653774171 -0.060709384033348392 -0.06021528707736791 -0.060613761560115026 -0.060356796722688934
leaf_weight=1.6546564199961746 1.0764876585453751 0.47049262747168474 0.39727220218628545 0.47947848495095946 0.2268804460763939 3.4716383167542517 4.2363198180682957 1.172203737311065 0.23622698523104224 0.94317914824932814 2.4616468828171492 0.2209334447979926 0.14407752314582467 0.41353856399655342 0.28757201321423054 0.30472505092620883 0.58231369405984879 2.2997906068339944 0.20351718482561398 0.75828804005868711 0.1083607655018568 0.16620729118585587 0.10181999206542969 0.57009037048555944 0.83321668091230083 0.91710156924091257 0.39089417736977339 0.080618896754458547 0.069173119496554136 0.15739945042878378
leaf_count=376 29 8 4 16 1 65 268 7 7 25 95 18 34 9 23 17 23 187 17 171 12 12 25 135 196 134 31 18 9 28
internal_value=-0.000307368 0.0182749 0.00821271 0.0380168 -0.00415784 -0.0107964 -0.0212601 0.0250707 0.0490055 0.0249341 0.061699 0.0568054 0.0128976 0.0670685 0.0639609 0.0611875 0.0625895 0.0606208 -0.0603533 -0.0605253 -0.0609875 -0.0603597 -0.0606392 -0.0602967 -0.0603499 -0.0604161 -0.0605041 -0.060507 -0.0602692 -0.060217
internal_weight=25.4361 19.4248 15.4024 4.5178 10.8846 9.95665 7.70796 2.24869 4.12053 1.42266 2.69787 4.02233 0.365011 0.927991 0.701111 3.65732 1.05281 2.60452 6.01134 1.48799 0.392497 1.09549 0.268027 4.52336 2.7113 1.87809 1.308 0.18898 0.827461 1.81206
internal_count=2000 836 549 147 402 369 333 36 143 41 102 287 52 33 32 235 31 204 1164 264 47 217 37 900 496 300 165 30 180 404
is_linear=0
shrinkage=0.08


Tree=159
num_leaves=31
num_cat=0
split_feature=3 0 2 6 6 6 3 0 1 2 1 2 1 6 0 1 0 2 1 0 2 0 2 0 0 6 0 4 3 6
split_gain=5.69438 1.69793 0.707609 0.64635 0.448962 0.943101 0.717642 0.374493 0.000567551 0.000127602 4.56329e-05 1.12527e-05 1.75235e-05 9.06841e-06 1.25579e-05 2.3565e-05 1.20965e-05 1.24079e-05 3.97675e-06 4.15228e-06 2.54631e-06 1.89769e-06 6.27421e-07 3.84742e-07 2.05378e-07 1.1957e-07 2.26574e-07 1.05731e-07 1.00949e-07 5.40923e-08
threshold=2.5332133851342156 56.63486483070966 1.1926608832659651 0.18062809490595425 0.39174308418473786 0.45457053760701782 0.53604335182501794 87.680024790486399 406.41692514298472 1.2680615046967247 374.57593190940133 1.1201643751438064 354.13886650769234 0.44846936668611254 16.134654976476487 355.1504271551882 32.553210395260997 1.1586112625476641 409.59854941339842 54.781068669324092 1.1238743592439817 39.792622387299609 1.1347126309585029 39.249053016537339 58.318784863955841 0.53393550074746365 59.042743918427284 1.0000000180025095e-35 167.14328156197922 0.43637415851164313
decision_type=2 2 2 2 2 2 2 2 2 2 2 2 2 2 2 2 2 2 2 2 2 2 2 2 2 2 2 2 2 2
left_child=1 9 7 -4 6 -6 -5 8 10 11 -3 12 -1 14 22 16 20 -18 19 -13 -16 -17 27 -14 -23 26 28 29 -15 -2
right_child=13 2 3 4 5 -7 -8 -9 -10 -11 -12 18 23 25 15 21 17 -19 -20 -21 -22 24 -24 -25 -26 -27 -28 -29 -30 -31
leaf_value=0.061334379159568596 -0.060195145203919241 0.060908870879658066 0.059505262636037289 -0.067173088577929946 0.051262501273913234 -0.026509089574591273 -0.0036341477462954459 0.0041536376456390431 0.064568659970581962 0.061930958875800864 0.061783551991321531 0.060607382436624224 0.06071155348446259 -0.060356358689883385 -0.06034940000838887 -0.060480973704732828 -0.061018151767932897 -0.0603518279191416 0.060992851586170689 0.060926662446660798 -0.060637796515746169 -0.060310291672858778 -0.060441602127361022 0.060575999426071267 -0.060198565326111571 -0.060187219273816518 -0.060195350506571307 -0.060285791530506457 -0.060242348664642287 -0.060267672102497498
leaf_weight=0.43531870935112849 1.4430018924176682 0.87925869412720137 0.97100791800767083 1.7080394253134707 1.9244013503193858 2.0727904739324003 3.4066906883381307 1.1204790300689635 0.43133636191487301 0.62271729670464981 0.67461977526545525 3.3378237169235954 0.33124519139528275 0.098660028539598321 0.55216570803895615 0.18771530641242851 0.76239173021167517 0.23367948876693845 0.20699686836451281 0.28277445957064617 0.30370322009548545 0.11573720863088954 0.074147113133221754 0.22505115531384945 1.1675111490767447 1.6197605445049701 0.42229774640873075 0.094239146448671707 0.10016976133920252 0.068959011696278938
leaf_count=18 337 48 14 11 18 26 41 19 6 24 24 260 22 14 92 21 57 38 12 15 25 18 10 18 271 394 99 15 20 13
internal_value=-0.000146476 0.0232557 0.00774206 -0.0025422 -0.00915426 0.0109331 -0.0248527 0.0411309 0.0620013 0.0608533 0.0612886 0.060714 0.0609542 -0.0603324 -0.0603923 -0.0604824 -0.0606723 -0.0608618 0.0606518 0.0606323 -0.0604517 -0.0602434 -0.0602141 0.0606567 -0.0602086 -0.0601987 -0.0602285 -0.0602036 -0.0602989 -0.0601985
internal_weight=25.8747 18.6306 13.1886 10.0829 9.11192 3.99719 5.11473 3.10569 1.98521 5.44193 1.55388 4.81921 0.991615 7.24414 5.00325 3.3229 1.85194 0.996071 3.8276 3.6206 0.855869 1.47096 1.68035 0.556296 1.28325 2.24089 0.621128 1.6062 0.19883 1.51196
internal_count=2000 576 207 110 96 44 52 97 78 369 72 345 58 1424 897 522 212 95 287 275 117 310 375 40 289 527 133 365 34 350
is_linear=0
shrinkage=0.08


end of trees

feature_importances:
frp=905
bright_ratio=860
scan_track_area_km2=806
brightness_mir=732
distance_to_industrial_km=710
frp_z_score=221
is_night=186

parameters:
[boosting: gbdt]
[objective: multiclass]
[metric: multi_logloss]
[tree_learner: serial]
[device_type: cpu]
[data_sample_strategy: bagging]
[data: ]
[valid: ]
[num_iterations: 40]
[learning_rate: 0.08]
[num_leaves: 31]
[num_threads: 1]
[seed: 42]
[deterministic: 0]
[force_col_wise: 0]
[force_row_wise: 0]
[histogram_pool_size: -1]
[max_depth: 6]
[min_data_in_leaf: 15]
[min_sum_hessian_in_leaf: 0.001]
[bagging_fraction: 1]
[pos_bagging_fraction: 1]
[neg_bagging_fraction: 1]
[bagging_freq: 0]
[bagging_seed: 400]
[bagging_by_query: 0]
[feature_fraction: 1]
[feature_fraction_bynode: 1]
[feature_fraction_seed: 30056]
[extra_trees: 0]
[extra_seed: 12879]
[early_stopping_round: 0]
[early_stopping_min_delta: 0]
[first_metric_only: 0]
[max_delta_step: 0]
[lambda_l1: 0]
[lambda_l2: 0]
[linear_lambda: 0]
[min_gain_to_split: 0]
[drop_rate: 0.1]
[max_drop: 50]
[skip_drop: 0.5]
[xgboost_dart_mode: 0]
[uniform_drop: 0]
[drop_seed: 17869]
[top_rate: 0.2]
[other_rate: 0.1]
[min_data_per_group: 100]
[max_cat_threshold: 32]
[cat_l2: 10]
[cat_smooth: 10]
[max_cat_to_onehot: 4]
[top_k: 20]
[monotone_constraints: ]
[monotone_constraints_method: basic]
[monotone_penalty: 0]
[feature_contri: ]
[forcedsplits_filename: ]
[refit_decay_rate: 0.9]
[cegb_tradeoff: 1]
[cegb_penalty_split: 0]
[cegb_penalty_feature_lazy: ]
[cegb_penalty_feature_coupled: ]
[path_smooth: 0]
[interaction_constraints: ]
[verbosity: -1]
[saved_feature_importance_type: 0]
[use_quantized_grad: 0]
[num_grad_quant_bins: 4]
[quant_train_renew_leaf: 0]
[stochastic_rounding: 1]
[linear_tree: 0]
[max_bin: 255]
[max_bin_by_feature: ]
[min_data_in_bin: 3]
[bin_construct_sample_cnt: 200000]
[data_random_seed: 175]
[is_enable_sparse: 1]
[enable_bundle: 1]
[use_missing: 1]
[zero_as_missing: 0]
[feature_pre_filter: 1]
[pre_partition: 0]
[two_round: 0]
[header: 0]
[label_column: ]
[weight_column: ]
[group_column: ]
[ignore_column: ]
[categorical_feature: ]
[forcedbins_filename: ]
[precise_float_parser: 0]
[parser_config_file: ]
[objective_seed: 16083]
[num_class: 4]
[is_unbalance: 0]
[scale_pos_weight: 1]
[sigmoid: 1]
[boost_from_average: 1]
[reg_sqrt: 0]
[alpha: 0.9]
[fair_c: 1]
[poisson_max_delta_step: 0.7]
[tweedie_variance_power: 1.5]
[lambdarank_truncation_level: 30]
[lambdarank_norm: 1]
[label_gain: ]
[lambdarank_position_bias_regularization: 0]
[eval_at: ]
[multi_error_top_k: 1]
[auc_mu_weights: ]
[num_machines: 1]
[local_listen_port: 12400]
[time_out: 120]
[machine_list_filename: ]
[machines: ]
[gpu_platform_id: -1]
[gpu_device_id: -1]
[gpu_device_id_list: ]
[gpu_use_dp: 0]
[num_gpu: 1]

end of parameters

pandas_categorical:null
